DROP DATABASE IF EXISTS vk;
CREATE DATABASE vk;
USE vk;

DROP TABLE IF EXISTS `users`;

CREATE TABLE `users` (
  `id` bigint(20) unsigned NOT NULL AUTO_INCREMENT,
  `firstname` varchar(50) COLLATE utf8_unicode_ci DEFAULT NULL,
  `lastname` varchar(50) COLLATE utf8_unicode_ci DEFAULT NULL,
  `email` varchar(120) COLLATE utf8_unicode_ci DEFAULT NULL,
  `phone` bigint(20) DEFAULT NULL,
  PRIMARY KEY (`id`),
  UNIQUE KEY `email` (`email`),
  KEY `users_phone_idx` (`phone`),
  KEY `users_firstname_lastname_idx` (`firstname`,`lastname`)
) ENGINE=InnoDB AUTO_INCREMENT=101 DEFAULT CHARSET=utf8 COLLATE=utf8_unicode_ci;

INSERT INTO `users` (`id`, `firstname`, `lastname`, `email`, `phone`) VALUES ('1', 'Nathen', 'Harber', 'valerie56@example.org', '495');
INSERT INTO `users` (`id`, `firstname`, `lastname`, `email`, `phone`) VALUES ('2', 'Katelin', 'Leffler', 'beulah75@example.org', '662136');
INSERT INTO `users` (`id`, `firstname`, `lastname`, `email`, `phone`) VALUES ('3', 'Trenton', 'Kub', 'dlang@example.org', '2693');
INSERT INTO `users` (`id`, `firstname`, `lastname`, `email`, `phone`) VALUES ('4', 'Timothy', 'Wisozk', 'wintheiser.rudolph@example.net', '241');
INSERT INTO `users` (`id`, `firstname`, `lastname`, `email`, `phone`) VALUES ('5', 'Dannie', 'Labadie', 'ella.franecki@example.net', '8458901366');
INSERT INTO `users` (`id`, `firstname`, `lastname`, `email`, `phone`) VALUES ('6', 'Jeanie', 'Kris', 'nmccullough@example.net', '0');
INSERT INTO `users` (`id`, `firstname`, `lastname`, `email`, `phone`) VALUES ('7', 'Lydia', 'Brown', 'adickinson@example.net', '955536');
INSERT INTO `users` (`id`, `firstname`, `lastname`, `email`, `phone`) VALUES ('8', 'Abigail', 'Schmidt', 'gustave89@example.com', '589');
INSERT INTO `users` (`id`, `firstname`, `lastname`, `email`, `phone`) VALUES ('9', 'Brittany', 'Krajcik', 'eve.veum@example.net', '4898247153');
INSERT INTO `users` (`id`, `firstname`, `lastname`, `email`, `phone`) VALUES ('10', 'Darian', 'Bartoletti', 'lzieme@example.com', '7562380431');
INSERT INTO `users` (`id`, `firstname`, `lastname`, `email`, `phone`) VALUES ('11', 'Bernhard', 'Bogisich', 'barton.jasper@example.org', '135946');
INSERT INTO `users` (`id`, `firstname`, `lastname`, `email`, `phone`) VALUES ('12', 'Margot', 'Kub', 'morissette.dudley@example.com', '78');
INSERT INTO `users` (`id`, `firstname`, `lastname`, `email`, `phone`) VALUES ('13', 'Cesar', 'Kertzmann', 'bauch.herminia@example.org', '7521987839');
INSERT INTO `users` (`id`, `firstname`, `lastname`, `email`, `phone`) VALUES ('14', 'Melvin', 'Effertz', 'wkonopelski@example.com', '1');
INSERT INTO `users` (`id`, `firstname`, `lastname`, `email`, `phone`) VALUES ('15', 'Rolando', 'Rau', 'hadley.beer@example.net', '6460592679');
INSERT INTO `users` (`id`, `firstname`, `lastname`, `email`, `phone`) VALUES ('16', 'Sabrina', 'Goyette', 'witting.roel@example.net', '1');
INSERT INTO `users` (`id`, `firstname`, `lastname`, `email`, `phone`) VALUES ('17', 'Elta', 'Bergnaum', 'ljacobson@example.org', '1');
INSERT INTO `users` (`id`, `firstname`, `lastname`, `email`, `phone`) VALUES ('18', 'Gavin', 'Hammes', 'ywiegand@example.com', '90');
INSERT INTO `users` (`id`, `firstname`, `lastname`, `email`, `phone`) VALUES ('19', 'Macey', 'Cronin', 'yhand@example.com', '47');
INSERT INTO `users` (`id`, `firstname`, `lastname`, `email`, `phone`) VALUES ('20', 'Macy', 'Hartmann', 'obraun@example.com', '3668693072');
INSERT INTO `users` (`id`, `firstname`, `lastname`, `email`, `phone`) VALUES ('21', 'Adaline', 'Boyle', 'beulah75@example.com', '1');
INSERT INTO `users` (`id`, `firstname`, `lastname`, `email`, `phone`) VALUES ('22', 'Carmela', 'Swaniawski', 'shannon88@example.org', '741806');
INSERT INTO `users` (`id`, `firstname`, `lastname`, `email`, `phone`) VALUES ('23', 'Thalia', 'Cummings', 'dhirthe@example.org', '61');
INSERT INTO `users` (`id`, `firstname`, `lastname`, `email`, `phone`) VALUES ('24', 'Elouise', 'Bauch', 'ruecker.patrick@example.com', '629');
INSERT INTO `users` (`id`, `firstname`, `lastname`, `email`, `phone`) VALUES ('25', 'Chet', 'Carroll', 'eweissnat@example.com', '785');
INSERT INTO `users` (`id`, `firstname`, `lastname`, `email`, `phone`) VALUES ('26', 'Leta', 'Koelpin', 'nborer@example.com', '756');
INSERT INTO `users` (`id`, `firstname`, `lastname`, `email`, `phone`) VALUES ('27', 'Pamela', 'Altenwerth', 'maida.watsica@example.org', '55');
INSERT INTO `users` (`id`, `firstname`, `lastname`, `email`, `phone`) VALUES ('28', 'General', 'Fisher', 'jermey90@example.org', '709221');
INSERT INTO `users` (`id`, `firstname`, `lastname`, `email`, `phone`) VALUES ('29', 'Maye', 'Gleason', 'zcremin@example.org', '0');
INSERT INTO `users` (`id`, `firstname`, `lastname`, `email`, `phone`) VALUES ('30', 'Lonny', 'O\'Connell', 'schuster.richie@example.com', '178');
INSERT INTO `users` (`id`, `firstname`, `lastname`, `email`, `phone`) VALUES ('31', 'Ellie', 'Quitzon', 'bernadine.pouros@example.net', '1');
INSERT INTO `users` (`id`, `firstname`, `lastname`, `email`, `phone`) VALUES ('32', 'Orrin', 'Sporer', 'lucio.leannon@example.net', '679');
INSERT INTO `users` (`id`, `firstname`, `lastname`, `email`, `phone`) VALUES ('33', 'Maymie', 'Heaney', 'christiansen.pat@example.net', '0');
INSERT INTO `users` (`id`, `firstname`, `lastname`, `email`, `phone`) VALUES ('34', 'Sonny', 'Cronin', 'johnson02@example.com', '1');
INSERT INTO `users` (`id`, `firstname`, `lastname`, `email`, `phone`) VALUES ('35', 'Vincenza', 'Marks', 'ursula04@example.net', '1');
INSERT INTO `users` (`id`, `firstname`, `lastname`, `email`, `phone`) VALUES ('36', 'Herta', 'Grimes', 'thalia.goyette@example.net', '61');
INSERT INTO `users` (`id`, `firstname`, `lastname`, `email`, `phone`) VALUES ('37', 'Doris', 'Hudson', 'vreynolds@example.net', '37');
INSERT INTO `users` (`id`, `firstname`, `lastname`, `email`, `phone`) VALUES ('38', 'Carole', 'Deckow', 'sgoodwin@example.com', '0');
INSERT INTO `users` (`id`, `firstname`, `lastname`, `email`, `phone`) VALUES ('39', 'Theodora', 'Pollich', 'clockman@example.org', '1');
INSERT INTO `users` (`id`, `firstname`, `lastname`, `email`, `phone`) VALUES ('40', 'Deon', 'O\'Keefe', 'crohan@example.net', '1');
INSERT INTO `users` (`id`, `firstname`, `lastname`, `email`, `phone`) VALUES ('41', 'Emelia', 'Bosco', 'lolita18@example.org', '901');
INSERT INTO `users` (`id`, `firstname`, `lastname`, `email`, `phone`) VALUES ('42', 'Charlene', 'Ebert', 'o\'connell.alfred@example.com', '0');
INSERT INTO `users` (`id`, `firstname`, `lastname`, `email`, `phone`) VALUES ('43', 'Jean', 'Fadel', 'koepp.damon@example.com', '226283');
INSERT INTO `users` (`id`, `firstname`, `lastname`, `email`, `phone`) VALUES ('44', 'Cydney', 'Graham', 'wdeckow@example.org', '0');
INSERT INTO `users` (`id`, `firstname`, `lastname`, `email`, `phone`) VALUES ('45', 'Louisa', 'Kulas', 'espinka@example.net', '0');
INSERT INTO `users` (`id`, `firstname`, `lastname`, `email`, `phone`) VALUES ('46', 'Waino', 'Gusikowski', 'juanita.kris@example.com', '448352');
INSERT INTO `users` (`id`, `firstname`, `lastname`, `email`, `phone`) VALUES ('47', 'Delia', 'Boyer', 'blaise.hudson@example.com', '0');
INSERT INTO `users` (`id`, `firstname`, `lastname`, `email`, `phone`) VALUES ('48', 'Aglae', 'Langworth', 'maud.corkery@example.net', '9928706521');
INSERT INTO `users` (`id`, `firstname`, `lastname`, `email`, `phone`) VALUES ('49', 'Dudley', 'Conroy', 'river46@example.net', '0');
INSERT INTO `users` (`id`, `firstname`, `lastname`, `email`, `phone`) VALUES ('50', 'Raheem', 'Weissnat', 'yweimann@example.org', '499023');
INSERT INTO `users` (`id`, `firstname`, `lastname`, `email`, `phone`) VALUES ('51', 'Allene', 'Rolfson', 'beatrice.runolfsson@example.net', '917057462');
INSERT INTO `users` (`id`, `firstname`, `lastname`, `email`, `phone`) VALUES ('52', 'Chanelle', 'Cassin', 'bkemmer@example.com', '0');
INSERT INTO `users` (`id`, `firstname`, `lastname`, `email`, `phone`) VALUES ('53', 'Shakira', 'Wisoky', 'kim90@example.net', '251');
INSERT INTO `users` (`id`, `firstname`, `lastname`, `email`, `phone`) VALUES ('54', 'Joany', 'Mosciski', 'quentin.bednar@example.org', '902');
INSERT INTO `users` (`id`, `firstname`, `lastname`, `email`, `phone`) VALUES ('55', 'Annie', 'Roberts', 'guadalupe60@example.com', '1');
INSERT INTO `users` (`id`, `firstname`, `lastname`, `email`, `phone`) VALUES ('56', 'Rachael', 'O\'Reilly', 'lmoen@example.net', '393');
INSERT INTO `users` (`id`, `firstname`, `lastname`, `email`, `phone`) VALUES ('57', 'Myrtie', 'Bailey', 'io\'connell@example.net', '99');
INSERT INTO `users` (`id`, `firstname`, `lastname`, `email`, `phone`) VALUES ('58', 'Sydni', 'Hayes', 'reilly16@example.org', '1');
INSERT INTO `users` (`id`, `firstname`, `lastname`, `email`, `phone`) VALUES ('59', 'Ethel', 'Eichmann', 'hodkiewicz.pietro@example.org', '29');
INSERT INTO `users` (`id`, `firstname`, `lastname`, `email`, `phone`) VALUES ('60', 'Sylvan', 'Murray', 'windler.garnet@example.com', '701569');
INSERT INTO `users` (`id`, `firstname`, `lastname`, `email`, `phone`) VALUES ('61', 'Madonna', 'Hagenes', 'leonor.king@example.net', '544870');
INSERT INTO `users` (`id`, `firstname`, `lastname`, `email`, `phone`) VALUES ('62', 'Sigmund', 'Murphy', 'sbeier@example.net', '1');
INSERT INTO `users` (`id`, `firstname`, `lastname`, `email`, `phone`) VALUES ('63', 'Ross', 'Kemmer', 'reichert.issac@example.net', '1');
INSERT INTO `users` (`id`, `firstname`, `lastname`, `email`, `phone`) VALUES ('64', 'Reinhold', 'Turner', 'yhintz@example.com', '881');
INSERT INTO `users` (`id`, `firstname`, `lastname`, `email`, `phone`) VALUES ('65', 'Mertie', 'Halvorson', 'emacejkovic@example.net', '925324');
INSERT INTO `users` (`id`, `firstname`, `lastname`, `email`, `phone`) VALUES ('66', 'Beulah', 'Olson', 'bradtke.amalia@example.org', '0');
INSERT INTO `users` (`id`, `firstname`, `lastname`, `email`, `phone`) VALUES ('67', 'Delpha', 'Klocko', 'janice47@example.com', '908003');
INSERT INTO `users` (`id`, `firstname`, `lastname`, `email`, `phone`) VALUES ('68', 'Paolo', 'Pfannerstill', 'crempel@example.com', '0');
INSERT INTO `users` (`id`, `firstname`, `lastname`, `email`, `phone`) VALUES ('69', 'Dolly', 'Batz', 'luisa62@example.net', '915082');
INSERT INTO `users` (`id`, `firstname`, `lastname`, `email`, `phone`) VALUES ('70', 'Adaline', 'Haley', 'wilkinson.erling@example.net', '8');
INSERT INTO `users` (`id`, `firstname`, `lastname`, `email`, `phone`) VALUES ('71', 'Lia', 'O\'Reilly', 'keebler.rosella@example.org', '0');
INSERT INTO `users` (`id`, `firstname`, `lastname`, `email`, `phone`) VALUES ('72', 'Birdie', 'Ullrich', 'pacocha.kevin@example.net', '902');
INSERT INTO `users` (`id`, `firstname`, `lastname`, `email`, `phone`) VALUES ('73', 'Tiara', 'Leannon', 'khudson@example.net', '817384');
INSERT INTO `users` (`id`, `firstname`, `lastname`, `email`, `phone`) VALUES ('74', 'Marlene', 'Blick', 'oberbrunner.luella@example.com', '0');
INSERT INTO `users` (`id`, `firstname`, `lastname`, `email`, `phone`) VALUES ('75', 'Roma', 'Kunde', 'uwisozk@example.net', '928');
INSERT INTO `users` (`id`, `firstname`, `lastname`, `email`, `phone`) VALUES ('76', 'Zula', 'Bode', 'nader.curtis@example.net', '0');
INSERT INTO `users` (`id`, `firstname`, `lastname`, `email`, `phone`) VALUES ('77', 'Reinhold', 'Thompson', 'dubuque.okey@example.net', '0');
INSERT INTO `users` (`id`, `firstname`, `lastname`, `email`, `phone`) VALUES ('78', 'Christiana', 'Rodriguez', 'khalil36@example.com', '335950');
INSERT INTO `users` (`id`, `firstname`, `lastname`, `email`, `phone`) VALUES ('79', 'Lew', 'Boyle', 'wmedhurst@example.net', '0');
INSERT INTO `users` (`id`, `firstname`, `lastname`, `email`, `phone`) VALUES ('80', 'Claire', 'Goldner', 'uromaguera@example.net', '379');
INSERT INTO `users` (`id`, `firstname`, `lastname`, `email`, `phone`) VALUES ('81', 'Stone', 'Koss', 'quincy.prosacco@example.org', '95310243');
INSERT INTO `users` (`id`, `firstname`, `lastname`, `email`, `phone`) VALUES ('82', 'Ashly', 'Little', 'gkeeling@example.org', '546421');
INSERT INTO `users` (`id`, `firstname`, `lastname`, `email`, `phone`) VALUES ('83', 'Marvin', 'McGlynn', 'kian.kub@example.net', '900');
INSERT INTO `users` (`id`, `firstname`, `lastname`, `email`, `phone`) VALUES ('84', 'Rosella', 'Morissette', 'lbauch@example.org', '7830704458');
INSERT INTO `users` (`id`, `firstname`, `lastname`, `email`, `phone`) VALUES ('85', 'Thad', 'Goldner', 'mraz.robert@example.net', '1');
INSERT INTO `users` (`id`, `firstname`, `lastname`, `email`, `phone`) VALUES ('86', 'Elliot', 'Kozey', 'gwehner@example.org', '0');
INSERT INTO `users` (`id`, `firstname`, `lastname`, `email`, `phone`) VALUES ('87', 'Leif', 'Crooks', 'dare.al@example.net', '203');
INSERT INTO `users` (`id`, `firstname`, `lastname`, `email`, `phone`) VALUES ('88', 'Verlie', 'Zboncak', 'lavonne26@example.net', '644');
INSERT INTO `users` (`id`, `firstname`, `lastname`, `email`, `phone`) VALUES ('89', 'Taylor', 'Schulist', 'emiliano.cassin@example.com', '593162');
INSERT INTO `users` (`id`, `firstname`, `lastname`, `email`, `phone`) VALUES ('90', 'Gavin', 'Cartwright', 'iorn@example.org', '8693066372');
INSERT INTO `users` (`id`, `firstname`, `lastname`, `email`, `phone`) VALUES ('91', 'Clementine', 'Hartmann', 'marge04@example.com', '830');
INSERT INTO `users` (`id`, `firstname`, `lastname`, `email`, `phone`) VALUES ('92', 'Chasity', 'Smith', 'brendan52@example.com', '605');
INSERT INTO `users` (`id`, `firstname`, `lastname`, `email`, `phone`) VALUES ('93', 'Estella', 'Terry', 'xavier45@example.com', '418106');
INSERT INTO `users` (`id`, `firstname`, `lastname`, `email`, `phone`) VALUES ('94', 'Connie', 'Williamson', 'alexandre.stamm@example.net', '700');
INSERT INTO `users` (`id`, `firstname`, `lastname`, `email`, `phone`) VALUES ('95', 'Isaac', 'Metz', 'turner.kasandra@example.org', '67');
INSERT INTO `users` (`id`, `firstname`, `lastname`, `email`, `phone`) VALUES ('96', 'Ashlee', 'Abernathy', 'josefa.weimann@example.org', '136');
INSERT INTO `users` (`id`, `firstname`, `lastname`, `email`, `phone`) VALUES ('97', 'Gavin', 'Klein', 'roberts.sammie@example.net', '1');
INSERT INTO `users` (`id`, `firstname`, `lastname`, `email`, `phone`) VALUES ('98', 'Ford', 'Collins', 'vquigley@example.org', '1');
INSERT INTO `users` (`id`, `firstname`, `lastname`, `email`, `phone`) VALUES ('99', 'Isobel', 'Cartwright', 'lue.hauck@example.net', '12');
INSERT INTO `users` (`id`, `firstname`, `lastname`, `email`, `phone`) VALUES ('100', 'Kaitlyn', 'Bradtke', 'mann.howell@example.net', '0');

#
# TABLE STRUCTURE FOR: communities
#


DROP TABLE IF EXISTS `communities`;

CREATE TABLE `communities` (
  `id` bigint(20) unsigned NOT NULL AUTO_INCREMENT,
  `name` varchar(150) COLLATE utf8_unicode_ci DEFAULT NULL,
  PRIMARY KEY (`id`),
  KEY `communities_name_idx` (`name`)
) ENGINE=InnoDB AUTO_INCREMENT=101 DEFAULT CHARSET=utf8 COLLATE=utf8_unicode_ci;

INSERT INTO `communities` (`id`, `name`) VALUES ('20', 'a');
INSERT INTO `communities` (`id`, `name`) VALUES ('63', 'ab');
INSERT INTO `communities` (`id`, `name`) VALUES ('90', 'accusamus');
INSERT INTO `communities` (`id`, `name`) VALUES ('12', 'accusantium');
INSERT INTO `communities` (`id`, `name`) VALUES ('73', 'ad');
INSERT INTO `communities` (`id`, `name`) VALUES ('40', 'aliquid');
INSERT INTO `communities` (`id`, `name`) VALUES ('98', 'animi');
INSERT INTO `communities` (`id`, `name`) VALUES ('4', 'aperiam');
INSERT INTO `communities` (`id`, `name`) VALUES ('31', 'asperiores');
INSERT INTO `communities` (`id`, `name`) VALUES ('64', 'assumenda');
INSERT INTO `communities` (`id`, `name`) VALUES ('8', 'aut');
INSERT INTO `communities` (`id`, `name`) VALUES ('7', 'autem');
INSERT INTO `communities` (`id`, `name`) VALUES ('5', 'beatae');
INSERT INTO `communities` (`id`, `name`) VALUES ('37', 'commodi');
INSERT INTO `communities` (`id`, `name`) VALUES ('10', 'consectetur');
INSERT INTO `communities` (`id`, `name`) VALUES ('61', 'consequatur');
INSERT INTO `communities` (`id`, `name`) VALUES ('24', 'consequuntur');
INSERT INTO `communities` (`id`, `name`) VALUES ('16', 'corporis');
INSERT INTO `communities` (`id`, `name`) VALUES ('92', 'cum');
INSERT INTO `communities` (`id`, `name`) VALUES ('95', 'delectus');
INSERT INTO `communities` (`id`, `name`) VALUES ('36', 'deleniti');
INSERT INTO `communities` (`id`, `name`) VALUES ('79', 'deserunt');
INSERT INTO `communities` (`id`, `name`) VALUES ('81', 'dignissimos');
INSERT INTO `communities` (`id`, `name`) VALUES ('94', 'dolor');
INSERT INTO `communities` (`id`, `name`) VALUES ('72', 'dolorem');
INSERT INTO `communities` (`id`, `name`) VALUES ('87', 'dolores');
INSERT INTO `communities` (`id`, `name`) VALUES ('59', 'doloribus');
INSERT INTO `communities` (`id`, `name`) VALUES ('60', 'ea');
INSERT INTO `communities` (`id`, `name`) VALUES ('51', 'eaque');
INSERT INTO `communities` (`id`, `name`) VALUES ('70', 'eius');
INSERT INTO `communities` (`id`, `name`) VALUES ('77', 'eligendi');
INSERT INTO `communities` (`id`, `name`) VALUES ('74', 'enim');
INSERT INTO `communities` (`id`, `name`) VALUES ('71', 'error');
INSERT INTO `communities` (`id`, `name`) VALUES ('38', 'est');
INSERT INTO `communities` (`id`, `name`) VALUES ('2', 'et');
INSERT INTO `communities` (`id`, `name`) VALUES ('99', 'eveniet');
INSERT INTO `communities` (`id`, `name`) VALUES ('22', 'excepturi');
INSERT INTO `communities` (`id`, `name`) VALUES ('67', 'exercitationem');
INSERT INTO `communities` (`id`, `name`) VALUES ('33', 'expedita');
INSERT INTO `communities` (`id`, `name`) VALUES ('9', 'facere');
INSERT INTO `communities` (`id`, `name`) VALUES ('49', 'facilis');
INSERT INTO `communities` (`id`, `name`) VALUES ('62', 'fugiat');
INSERT INTO `communities` (`id`, `name`) VALUES ('29', 'harum');
INSERT INTO `communities` (`id`, `name`) VALUES ('3', 'impedit');
INSERT INTO `communities` (`id`, `name`) VALUES ('85', 'inventore');
INSERT INTO `communities` (`id`, `name`) VALUES ('44', 'iste');
INSERT INTO `communities` (`id`, `name`) VALUES ('23', 'itaque');
INSERT INTO `communities` (`id`, `name`) VALUES ('97', 'iusto');
INSERT INTO `communities` (`id`, `name`) VALUES ('75', 'labore');
INSERT INTO `communities` (`id`, `name`) VALUES ('53', 'libero');
INSERT INTO `communities` (`id`, `name`) VALUES ('34', 'magnam');
INSERT INTO `communities` (`id`, `name`) VALUES ('19', 'magni');
INSERT INTO `communities` (`id`, `name`) VALUES ('58', 'modi');
INSERT INTO `communities` (`id`, `name`) VALUES ('82', 'molestiae');
INSERT INTO `communities` (`id`, `name`) VALUES ('93', 'mollitia');
INSERT INTO `communities` (`id`, `name`) VALUES ('14', 'nam');
INSERT INTO `communities` (`id`, `name`) VALUES ('54', 'natus');
INSERT INTO `communities` (`id`, `name`) VALUES ('35', 'nemo');
INSERT INTO `communities` (`id`, `name`) VALUES ('57', 'nesciunt');
INSERT INTO `communities` (`id`, `name`) VALUES ('15', 'nihil');
INSERT INTO `communities` (`id`, `name`) VALUES ('55', 'nisi');
INSERT INTO `communities` (`id`, `name`) VALUES ('28', 'non');
INSERT INTO `communities` (`id`, `name`) VALUES ('56', 'nulla');
INSERT INTO `communities` (`id`, `name`) VALUES ('45', 'occaecati');
INSERT INTO `communities` (`id`, `name`) VALUES ('52', 'odio');
INSERT INTO `communities` (`id`, `name`) VALUES ('78', 'odit');
INSERT INTO `communities` (`id`, `name`) VALUES ('43', 'omnis');
INSERT INTO `communities` (`id`, `name`) VALUES ('17', 'pariatur');
INSERT INTO `communities` (`id`, `name`) VALUES ('86', 'perferendis');
INSERT INTO `communities` (`id`, `name`) VALUES ('65', 'porro');
INSERT INTO `communities` (`id`, `name`) VALUES ('80', 'provident');
INSERT INTO `communities` (`id`, `name`) VALUES ('11', 'quas');
INSERT INTO `communities` (`id`, `name`) VALUES ('41', 'qui');
INSERT INTO `communities` (`id`, `name`) VALUES ('84', 'quia');
INSERT INTO `communities` (`id`, `name`) VALUES ('50', 'quis');
INSERT INTO `communities` (`id`, `name`) VALUES ('13', 'quo');
INSERT INTO `communities` (`id`, `name`) VALUES ('91', 'quod');
INSERT INTO `communities` (`id`, `name`) VALUES ('42', 'recusandae');
INSERT INTO `communities` (`id`, `name`) VALUES ('89', 'rem');
INSERT INTO `communities` (`id`, `name`) VALUES ('69', 'repellat');
INSERT INTO `communities` (`id`, `name`) VALUES ('96', 'repellendus');
INSERT INTO `communities` (`id`, `name`) VALUES ('30', 'sapiente');
INSERT INTO `communities` (`id`, `name`) VALUES ('48', 'sed');
INSERT INTO `communities` (`id`, `name`) VALUES ('66', 'sequi');
INSERT INTO `communities` (`id`, `name`) VALUES ('76', 'sint');
INSERT INTO `communities` (`id`, `name`) VALUES ('21', 'soluta');
INSERT INTO `communities` (`id`, `name`) VALUES ('25', 'sunt');
INSERT INTO `communities` (`id`, `name`) VALUES ('27', 'tempore');
INSERT INTO `communities` (`id`, `name`) VALUES ('32', 'temporibus');
INSERT INTO `communities` (`id`, `name`) VALUES ('1', 'ullam');
INSERT INTO `communities` (`id`, `name`) VALUES ('6', 'unde');
INSERT INTO `communities` (`id`, `name`) VALUES ('18', 'ut');
INSERT INTO `communities` (`id`, `name`) VALUES ('88', 'vel');
INSERT INTO `communities` (`id`, `name`) VALUES ('83', 'velit');
INSERT INTO `communities` (`id`, `name`) VALUES ('26', 'veritatis');
INSERT INTO `communities` (`id`, `name`) VALUES ('68', 'vero');
INSERT INTO `communities` (`id`, `name`) VALUES ('47', 'voluptas');
INSERT INTO `communities` (`id`, `name`) VALUES ('100', 'voluptate');
INSERT INTO `communities` (`id`, `name`) VALUES ('39', 'voluptatem');
INSERT INTO `communities` (`id`, `name`) VALUES ('46', 'voluptatum');


#
# TABLE STRUCTURE FOR: friend_requests
#

DROP TABLE IF EXISTS `friend_requests`;

CREATE TABLE `friend_requests` (
  `initiator_user_id` bigint(20) unsigned NOT NULL,
  `target_user_id` bigint(20) unsigned NOT NULL,
  `status` enum('requested','approved','unfriended','declined') COLLATE utf8_unicode_ci DEFAULT NULL,
  `requested_at` datetime DEFAULT current_timestamp(),
  `confirmed_at` datetime DEFAULT NULL,
  PRIMARY KEY (`initiator_user_id`,`target_user_id`),
  KEY `initiator_user_id` (`initiator_user_id`),
  KEY `target_user_id` (`target_user_id`),
  CONSTRAINT `friend_requests_ibfk_1` FOREIGN KEY (`initiator_user_id`) REFERENCES `users` (`id`),
  CONSTRAINT `friend_requests_ibfk_2` FOREIGN KEY (`target_user_id`) REFERENCES `users` (`id`)
) ENGINE=InnoDB DEFAULT CHARSET=utf8 COLLATE=utf8_unicode_ci;

INSERT INTO `friend_requests` (`initiator_user_id`, `target_user_id`, `status`, `requested_at`, `confirmed_at`) VALUES ('1', '1', 'declined', '2001-12-09 02:26:22', '2003-12-23 13:54:04');
INSERT INTO `friend_requests` (`initiator_user_id`, `target_user_id`, `status`, `requested_at`, `confirmed_at`) VALUES ('2', '2', 'requested', '1974-06-21 04:10:34', '1995-08-24 04:46:28');
INSERT INTO `friend_requests` (`initiator_user_id`, `target_user_id`, `status`, `requested_at`, `confirmed_at`) VALUES ('3', '3', 'approved', '1975-03-17 04:57:23', '2004-11-09 02:36:42');
INSERT INTO `friend_requests` (`initiator_user_id`, `target_user_id`, `status`, `requested_at`, `confirmed_at`) VALUES ('4', '4', 'approved', '1986-02-16 14:56:21', '1970-06-24 10:39:26');
INSERT INTO `friend_requests` (`initiator_user_id`, `target_user_id`, `status`, `requested_at`, `confirmed_at`) VALUES ('5', '5', 'unfriended', '2013-06-12 20:14:22', '2018-07-07 05:40:32');
INSERT INTO `friend_requests` (`initiator_user_id`, `target_user_id`, `status`, `requested_at`, `confirmed_at`) VALUES ('6', '6', 'requested', '1984-03-21 22:45:13', '1991-10-31 17:16:41');
INSERT INTO `friend_requests` (`initiator_user_id`, `target_user_id`, `status`, `requested_at`, `confirmed_at`) VALUES ('7', '7', 'unfriended', '2007-11-13 16:31:00', '2002-03-14 20:54:00');
INSERT INTO `friend_requests` (`initiator_user_id`, `target_user_id`, `status`, `requested_at`, `confirmed_at`) VALUES ('8', '8', 'approved', '1988-12-20 13:13:19', '1984-02-02 13:11:14');
INSERT INTO `friend_requests` (`initiator_user_id`, `target_user_id`, `status`, `requested_at`, `confirmed_at`) VALUES ('9', '9', 'unfriended', '1983-12-03 06:43:02', '1991-08-26 11:47:49');
INSERT INTO `friend_requests` (`initiator_user_id`, `target_user_id`, `status`, `requested_at`, `confirmed_at`) VALUES ('10', '10', 'requested', '1999-12-20 13:56:42', '2012-07-04 22:07:53');
INSERT INTO `friend_requests` (`initiator_user_id`, `target_user_id`, `status`, `requested_at`, `confirmed_at`) VALUES ('11', '11', 'approved', '2009-04-07 18:12:37', '2004-05-02 05:26:55');
INSERT INTO `friend_requests` (`initiator_user_id`, `target_user_id`, `status`, `requested_at`, `confirmed_at`) VALUES ('12', '12', 'requested', '1978-10-23 20:47:07', '1986-11-19 14:49:54');
INSERT INTO `friend_requests` (`initiator_user_id`, `target_user_id`, `status`, `requested_at`, `confirmed_at`) VALUES ('13', '13', 'approved', '2002-08-18 01:35:50', '1977-07-21 00:47:30');
INSERT INTO `friend_requests` (`initiator_user_id`, `target_user_id`, `status`, `requested_at`, `confirmed_at`) VALUES ('14', '14', 'declined', '1988-03-27 01:35:29', '1987-08-08 07:04:08');
INSERT INTO `friend_requests` (`initiator_user_id`, `target_user_id`, `status`, `requested_at`, `confirmed_at`) VALUES ('15', '15', 'unfriended', '1986-01-02 23:12:28', '1998-12-28 15:13:52');
INSERT INTO `friend_requests` (`initiator_user_id`, `target_user_id`, `status`, `requested_at`, `confirmed_at`) VALUES ('16', '16', 'unfriended', '1989-08-10 14:00:38', '1975-08-12 03:05:03');
INSERT INTO `friend_requests` (`initiator_user_id`, `target_user_id`, `status`, `requested_at`, `confirmed_at`) VALUES ('17', '17', 'declined', '2011-05-06 20:06:06', '2012-06-14 15:58:48');
INSERT INTO `friend_requests` (`initiator_user_id`, `target_user_id`, `status`, `requested_at`, `confirmed_at`) VALUES ('18', '18', 'approved', '1984-04-26 15:04:21', '2008-06-11 17:35:57');
INSERT INTO `friend_requests` (`initiator_user_id`, `target_user_id`, `status`, `requested_at`, `confirmed_at`) VALUES ('19', '19', 'declined', '1970-09-18 16:35:29', '2008-12-01 18:53:10');
INSERT INTO `friend_requests` (`initiator_user_id`, `target_user_id`, `status`, `requested_at`, `confirmed_at`) VALUES ('20', '20', 'approved', '2014-11-06 07:15:03', '1998-11-12 08:18:10');
INSERT INTO `friend_requests` (`initiator_user_id`, `target_user_id`, `status`, `requested_at`, `confirmed_at`) VALUES ('21', '21', 'declined', '1989-07-08 18:36:09', '1984-02-01 06:29:26');
INSERT INTO `friend_requests` (`initiator_user_id`, `target_user_id`, `status`, `requested_at`, `confirmed_at`) VALUES ('22', '22', 'requested', '2019-05-21 16:32:52', '2010-10-23 10:25:26');
INSERT INTO `friend_requests` (`initiator_user_id`, `target_user_id`, `status`, `requested_at`, `confirmed_at`) VALUES ('23', '23', 'declined', '2005-05-18 02:13:32', '1998-07-11 03:55:23');
INSERT INTO `friend_requests` (`initiator_user_id`, `target_user_id`, `status`, `requested_at`, `confirmed_at`) VALUES ('24', '24', 'approved', '2008-10-07 06:12:27', '1982-04-30 22:01:38');
INSERT INTO `friend_requests` (`initiator_user_id`, `target_user_id`, `status`, `requested_at`, `confirmed_at`) VALUES ('25', '25', 'declined', '1971-09-19 18:25:21', '1972-04-15 05:22:34');
INSERT INTO `friend_requests` (`initiator_user_id`, `target_user_id`, `status`, `requested_at`, `confirmed_at`) VALUES ('26', '26', 'approved', '1970-12-05 05:29:17', '1984-09-09 23:15:56');
INSERT INTO `friend_requests` (`initiator_user_id`, `target_user_id`, `status`, `requested_at`, `confirmed_at`) VALUES ('27', '27', 'requested', '2015-08-15 03:03:39', '1984-09-27 18:43:30');
INSERT INTO `friend_requests` (`initiator_user_id`, `target_user_id`, `status`, `requested_at`, `confirmed_at`) VALUES ('28', '28', 'requested', '1977-10-13 12:45:21', '1978-04-30 18:52:05');
INSERT INTO `friend_requests` (`initiator_user_id`, `target_user_id`, `status`, `requested_at`, `confirmed_at`) VALUES ('29', '29', 'declined', '1974-04-09 12:47:36', '2003-09-17 17:28:41');
INSERT INTO `friend_requests` (`initiator_user_id`, `target_user_id`, `status`, `requested_at`, `confirmed_at`) VALUES ('30', '30', 'unfriended', '1986-01-14 10:54:59', '2002-11-08 12:50:35');
INSERT INTO `friend_requests` (`initiator_user_id`, `target_user_id`, `status`, `requested_at`, `confirmed_at`) VALUES ('31', '31', 'approved', '1975-12-10 03:10:19', '1992-06-14 10:08:06');
INSERT INTO `friend_requests` (`initiator_user_id`, `target_user_id`, `status`, `requested_at`, `confirmed_at`) VALUES ('32', '32', 'declined', '2009-07-21 04:00:13', '2002-11-13 17:55:31');
INSERT INTO `friend_requests` (`initiator_user_id`, `target_user_id`, `status`, `requested_at`, `confirmed_at`) VALUES ('33', '33', 'unfriended', '1974-12-23 11:40:14', '1980-10-25 13:46:20');
INSERT INTO `friend_requests` (`initiator_user_id`, `target_user_id`, `status`, `requested_at`, `confirmed_at`) VALUES ('34', '34', 'requested', '2001-09-25 04:56:13', '2006-01-07 07:16:45');
INSERT INTO `friend_requests` (`initiator_user_id`, `target_user_id`, `status`, `requested_at`, `confirmed_at`) VALUES ('35', '35', 'declined', '1980-08-11 10:41:54', '2001-08-25 06:50:38');
INSERT INTO `friend_requests` (`initiator_user_id`, `target_user_id`, `status`, `requested_at`, `confirmed_at`) VALUES ('36', '36', 'unfriended', '2004-05-19 11:23:47', '1986-03-23 16:23:01');
INSERT INTO `friend_requests` (`initiator_user_id`, `target_user_id`, `status`, `requested_at`, `confirmed_at`) VALUES ('37', '37', 'approved', '1996-05-07 00:34:43', '1981-11-17 23:25:20');
INSERT INTO `friend_requests` (`initiator_user_id`, `target_user_id`, `status`, `requested_at`, `confirmed_at`) VALUES ('38', '38', 'requested', '1989-02-12 03:41:06', '2005-12-03 06:41:20');
INSERT INTO `friend_requests` (`initiator_user_id`, `target_user_id`, `status`, `requested_at`, `confirmed_at`) VALUES ('39', '39', 'declined', '1974-05-05 20:07:55', '1984-07-10 07:47:52');
INSERT INTO `friend_requests` (`initiator_user_id`, `target_user_id`, `status`, `requested_at`, `confirmed_at`) VALUES ('40', '40', 'approved', '1980-09-21 06:03:12', '1994-10-01 08:01:20');
INSERT INTO `friend_requests` (`initiator_user_id`, `target_user_id`, `status`, `requested_at`, `confirmed_at`) VALUES ('41', '41', 'declined', '1987-06-20 10:02:20', '1974-08-22 16:29:48');
INSERT INTO `friend_requests` (`initiator_user_id`, `target_user_id`, `status`, `requested_at`, `confirmed_at`) VALUES ('42', '42', 'approved', '1992-10-17 11:37:38', '2013-12-22 00:32:17');
INSERT INTO `friend_requests` (`initiator_user_id`, `target_user_id`, `status`, `requested_at`, `confirmed_at`) VALUES ('43', '43', 'declined', '2005-04-03 08:03:33', '2017-12-16 05:49:17');
INSERT INTO `friend_requests` (`initiator_user_id`, `target_user_id`, `status`, `requested_at`, `confirmed_at`) VALUES ('44', '44', 'declined', '2011-10-23 08:01:13', '1976-07-13 23:09:16');
INSERT INTO `friend_requests` (`initiator_user_id`, `target_user_id`, `status`, `requested_at`, `confirmed_at`) VALUES ('45', '45', 'unfriended', '2005-12-11 07:28:55', '2017-12-19 11:08:10');
INSERT INTO `friend_requests` (`initiator_user_id`, `target_user_id`, `status`, `requested_at`, `confirmed_at`) VALUES ('46', '46', 'unfriended', '2010-12-15 17:36:23', '2020-01-01 20:09:44');
INSERT INTO `friend_requests` (`initiator_user_id`, `target_user_id`, `status`, `requested_at`, `confirmed_at`) VALUES ('47', '47', 'approved', '1986-10-30 04:41:41', '1997-05-15 08:24:18');
INSERT INTO `friend_requests` (`initiator_user_id`, `target_user_id`, `status`, `requested_at`, `confirmed_at`) VALUES ('48', '48', 'requested', '1981-12-05 01:27:56', '1990-05-27 01:29:55');
INSERT INTO `friend_requests` (`initiator_user_id`, `target_user_id`, `status`, `requested_at`, `confirmed_at`) VALUES ('49', '49', 'requested', '2013-12-02 07:20:24', '1983-04-16 04:12:05');
INSERT INTO `friend_requests` (`initiator_user_id`, `target_user_id`, `status`, `requested_at`, `confirmed_at`) VALUES ('50', '50', 'unfriended', '2009-10-01 00:34:10', '1977-05-26 18:18:34');
INSERT INTO `friend_requests` (`initiator_user_id`, `target_user_id`, `status`, `requested_at`, `confirmed_at`) VALUES ('51', '51', 'unfriended', '1991-03-06 10:41:38', '1994-05-21 21:54:39');
INSERT INTO `friend_requests` (`initiator_user_id`, `target_user_id`, `status`, `requested_at`, `confirmed_at`) VALUES ('52', '52', 'requested', '1976-03-13 07:15:06', '1982-03-06 03:16:07');
INSERT INTO `friend_requests` (`initiator_user_id`, `target_user_id`, `status`, `requested_at`, `confirmed_at`) VALUES ('53', '53', 'approved', '1992-05-08 10:59:05', '1988-02-06 02:09:27');
INSERT INTO `friend_requests` (`initiator_user_id`, `target_user_id`, `status`, `requested_at`, `confirmed_at`) VALUES ('54', '54', 'approved', '2004-04-13 02:00:33', '2012-08-20 01:49:01');
INSERT INTO `friend_requests` (`initiator_user_id`, `target_user_id`, `status`, `requested_at`, `confirmed_at`) VALUES ('55', '55', 'declined', '2002-11-08 00:12:29', '1998-03-22 01:20:19');
INSERT INTO `friend_requests` (`initiator_user_id`, `target_user_id`, `status`, `requested_at`, `confirmed_at`) VALUES ('56', '56', 'requested', '1976-03-24 16:23:14', '2012-03-24 12:26:35');
INSERT INTO `friend_requests` (`initiator_user_id`, `target_user_id`, `status`, `requested_at`, `confirmed_at`) VALUES ('57', '57', 'declined', '2017-04-08 22:55:52', '2018-12-17 20:25:50');
INSERT INTO `friend_requests` (`initiator_user_id`, `target_user_id`, `status`, `requested_at`, `confirmed_at`) VALUES ('58', '58', 'requested', '2005-12-11 06:42:37', '2002-09-23 17:55:57');
INSERT INTO `friend_requests` (`initiator_user_id`, `target_user_id`, `status`, `requested_at`, `confirmed_at`) VALUES ('59', '59', 'approved', '1979-03-08 01:39:47', '1999-08-18 04:25:27');
INSERT INTO `friend_requests` (`initiator_user_id`, `target_user_id`, `status`, `requested_at`, `confirmed_at`) VALUES ('60', '60', 'approved', '2012-04-18 00:40:19', '1976-04-08 12:47:49');
INSERT INTO `friend_requests` (`initiator_user_id`, `target_user_id`, `status`, `requested_at`, `confirmed_at`) VALUES ('61', '61', 'unfriended', '1988-11-16 11:07:37', '1978-08-31 08:18:04');
INSERT INTO `friend_requests` (`initiator_user_id`, `target_user_id`, `status`, `requested_at`, `confirmed_at`) VALUES ('62', '62', 'requested', '1975-10-31 04:02:20', '2004-02-06 18:25:51');
INSERT INTO `friend_requests` (`initiator_user_id`, `target_user_id`, `status`, `requested_at`, `confirmed_at`) VALUES ('63', '63', 'unfriended', '1974-09-14 01:56:42', '1983-03-30 06:14:36');
INSERT INTO `friend_requests` (`initiator_user_id`, `target_user_id`, `status`, `requested_at`, `confirmed_at`) VALUES ('64', '64', 'approved', '2012-07-05 17:58:58', '2018-01-28 19:02:48');
INSERT INTO `friend_requests` (`initiator_user_id`, `target_user_id`, `status`, `requested_at`, `confirmed_at`) VALUES ('65', '65', 'declined', '1999-02-06 23:42:04', '2011-04-23 00:09:23');
INSERT INTO `friend_requests` (`initiator_user_id`, `target_user_id`, `status`, `requested_at`, `confirmed_at`) VALUES ('66', '66', 'unfriended', '2012-05-25 23:41:51', '2007-05-23 14:14:29');
INSERT INTO `friend_requests` (`initiator_user_id`, `target_user_id`, `status`, `requested_at`, `confirmed_at`) VALUES ('67', '67', 'unfriended', '2005-10-10 15:14:02', '2006-11-07 21:29:22');
INSERT INTO `friend_requests` (`initiator_user_id`, `target_user_id`, `status`, `requested_at`, `confirmed_at`) VALUES ('68', '68', 'unfriended', '2011-06-07 09:31:43', '1978-05-01 18:40:32');
INSERT INTO `friend_requests` (`initiator_user_id`, `target_user_id`, `status`, `requested_at`, `confirmed_at`) VALUES ('69', '69', 'approved', '2003-02-14 16:40:47', '1997-12-29 15:23:42');
INSERT INTO `friend_requests` (`initiator_user_id`, `target_user_id`, `status`, `requested_at`, `confirmed_at`) VALUES ('70', '70', 'declined', '1996-09-16 11:28:54', '2015-03-01 00:14:14');
INSERT INTO `friend_requests` (`initiator_user_id`, `target_user_id`, `status`, `requested_at`, `confirmed_at`) VALUES ('71', '71', 'approved', '1990-03-02 12:25:42', '1990-01-21 10:32:01');
INSERT INTO `friend_requests` (`initiator_user_id`, `target_user_id`, `status`, `requested_at`, `confirmed_at`) VALUES ('72', '72', 'unfriended', '2011-07-30 00:36:31', '1999-11-22 08:11:29');
INSERT INTO `friend_requests` (`initiator_user_id`, `target_user_id`, `status`, `requested_at`, `confirmed_at`) VALUES ('73', '73', 'unfriended', '1996-06-27 12:02:29', '2001-12-28 01:35:12');
INSERT INTO `friend_requests` (`initiator_user_id`, `target_user_id`, `status`, `requested_at`, `confirmed_at`) VALUES ('74', '74', 'declined', '2001-07-22 18:57:07', '1984-04-15 03:25:44');
INSERT INTO `friend_requests` (`initiator_user_id`, `target_user_id`, `status`, `requested_at`, `confirmed_at`) VALUES ('75', '75', 'declined', '2009-03-06 00:47:37', '1990-06-24 09:39:26');
INSERT INTO `friend_requests` (`initiator_user_id`, `target_user_id`, `status`, `requested_at`, `confirmed_at`) VALUES ('76', '76', 'approved', '2011-09-19 18:23:08', '2014-05-08 14:27:05');
INSERT INTO `friend_requests` (`initiator_user_id`, `target_user_id`, `status`, `requested_at`, `confirmed_at`) VALUES ('77', '77', 'unfriended', '1979-11-23 00:35:02', '2008-01-25 03:18:21');
INSERT INTO `friend_requests` (`initiator_user_id`, `target_user_id`, `status`, `requested_at`, `confirmed_at`) VALUES ('78', '78', 'unfriended', '1997-10-31 07:16:35', '2005-08-25 03:56:35');
INSERT INTO `friend_requests` (`initiator_user_id`, `target_user_id`, `status`, `requested_at`, `confirmed_at`) VALUES ('79', '79', 'requested', '1981-07-24 15:03:00', '1997-01-25 07:46:12');
INSERT INTO `friend_requests` (`initiator_user_id`, `target_user_id`, `status`, `requested_at`, `confirmed_at`) VALUES ('80', '80', 'approved', '1989-09-18 08:02:53', '2004-09-10 19:22:24');
INSERT INTO `friend_requests` (`initiator_user_id`, `target_user_id`, `status`, `requested_at`, `confirmed_at`) VALUES ('81', '81', 'requested', '2016-09-20 00:03:13', '2008-02-06 05:51:57');
INSERT INTO `friend_requests` (`initiator_user_id`, `target_user_id`, `status`, `requested_at`, `confirmed_at`) VALUES ('82', '82', 'requested', '1974-09-30 16:08:57', '1980-02-16 04:18:23');
INSERT INTO `friend_requests` (`initiator_user_id`, `target_user_id`, `status`, `requested_at`, `confirmed_at`) VALUES ('83', '83', 'requested', '1977-12-31 07:33:11', '1977-02-25 15:20:48');
INSERT INTO `friend_requests` (`initiator_user_id`, `target_user_id`, `status`, `requested_at`, `confirmed_at`) VALUES ('84', '84', 'declined', '2007-04-12 22:36:00', '2000-06-16 11:33:21');
INSERT INTO `friend_requests` (`initiator_user_id`, `target_user_id`, `status`, `requested_at`, `confirmed_at`) VALUES ('85', '85', 'requested', '1987-04-25 17:40:42', '2007-01-09 00:16:49');
INSERT INTO `friend_requests` (`initiator_user_id`, `target_user_id`, `status`, `requested_at`, `confirmed_at`) VALUES ('86', '86', 'unfriended', '2002-05-08 13:09:19', '2016-10-21 08:00:13');
INSERT INTO `friend_requests` (`initiator_user_id`, `target_user_id`, `status`, `requested_at`, `confirmed_at`) VALUES ('87', '87', 'approved', '1977-10-26 03:32:05', '1980-06-01 02:53:28');
INSERT INTO `friend_requests` (`initiator_user_id`, `target_user_id`, `status`, `requested_at`, `confirmed_at`) VALUES ('88', '88', 'requested', '2019-04-27 01:31:14', '2000-04-18 03:03:35');
INSERT INTO `friend_requests` (`initiator_user_id`, `target_user_id`, `status`, `requested_at`, `confirmed_at`) VALUES ('89', '89', 'approved', '2019-05-16 09:32:47', '2013-08-08 05:58:03');
INSERT INTO `friend_requests` (`initiator_user_id`, `target_user_id`, `status`, `requested_at`, `confirmed_at`) VALUES ('90', '90', 'declined', '2019-10-10 05:50:47', '2002-06-22 12:37:31');
INSERT INTO `friend_requests` (`initiator_user_id`, `target_user_id`, `status`, `requested_at`, `confirmed_at`) VALUES ('91', '91', 'requested', '2014-08-12 06:25:13', '1972-05-04 14:59:57');
INSERT INTO `friend_requests` (`initiator_user_id`, `target_user_id`, `status`, `requested_at`, `confirmed_at`) VALUES ('92', '92', 'requested', '1984-01-16 07:01:27', '1971-03-28 08:35:43');
INSERT INTO `friend_requests` (`initiator_user_id`, `target_user_id`, `status`, `requested_at`, `confirmed_at`) VALUES ('93', '93', 'requested', '1974-07-07 23:22:55', '1982-04-21 20:40:16');
INSERT INTO `friend_requests` (`initiator_user_id`, `target_user_id`, `status`, `requested_at`, `confirmed_at`) VALUES ('94', '94', 'requested', '2008-05-22 16:21:26', '1985-10-18 22:06:44');
INSERT INTO `friend_requests` (`initiator_user_id`, `target_user_id`, `status`, `requested_at`, `confirmed_at`) VALUES ('95', '95', 'approved', '1995-05-23 02:41:29', '1996-05-22 15:12:50');
INSERT INTO `friend_requests` (`initiator_user_id`, `target_user_id`, `status`, `requested_at`, `confirmed_at`) VALUES ('96', '96', 'unfriended', '2015-04-20 18:41:45', '1986-05-22 07:29:44');
INSERT INTO `friend_requests` (`initiator_user_id`, `target_user_id`, `status`, `requested_at`, `confirmed_at`) VALUES ('97', '97', 'unfriended', '2015-02-19 23:41:29', '2000-04-27 19:45:43');
INSERT INTO `friend_requests` (`initiator_user_id`, `target_user_id`, `status`, `requested_at`, `confirmed_at`) VALUES ('98', '98', 'declined', '1996-03-17 01:17:07', '2019-04-01 17:38:33');
INSERT INTO `friend_requests` (`initiator_user_id`, `target_user_id`, `status`, `requested_at`, `confirmed_at`) VALUES ('99', '99', 'declined', '2003-01-05 21:08:27', '1972-04-06 09:45:20');
INSERT INTO `friend_requests` (`initiator_user_id`, `target_user_id`, `status`, `requested_at`, `confirmed_at`) VALUES ('100', '100', 'unfriended', '1970-07-14 01:46:02', '1973-04-30 06:33:50');


#
# TABLE STRUCTURE FOR: media_types
#

DROP TABLE IF EXISTS `media_types`;

CREATE TABLE `media_types` (
  `id` bigint(20) unsigned NOT NULL AUTO_INCREMENT,
  `name` varchar(255) COLLATE utf8_unicode_ci DEFAULT NULL,
  `created_at` datetime DEFAULT current_timestamp(),
  `updated_at` datetime DEFAULT current_timestamp() ON UPDATE current_timestamp(),
  PRIMARY KEY (`id`)
) ENGINE=InnoDB AUTO_INCREMENT=101 DEFAULT CHARSET=utf8 COLLATE=utf8_unicode_ci;

INSERT INTO `media_types` (`id`, `name`, `created_at`, `updated_at`) VALUES ('1', 'magnam', '1975-04-12 03:57:32', '1993-04-07 05:30:08');
INSERT INTO `media_types` (`id`, `name`, `created_at`, `updated_at`) VALUES ('2', 'temporibus', '1987-06-30 10:54:54', '2000-08-08 03:21:45');
INSERT INTO `media_types` (`id`, `name`, `created_at`, `updated_at`) VALUES ('3', 'aut', '1996-12-03 12:50:39', '1983-02-11 05:47:05');
INSERT INTO `media_types` (`id`, `name`, `created_at`, `updated_at`) VALUES ('4', 'minima', '1990-07-17 09:58:41', '2013-08-02 01:58:03');
INSERT INTO `media_types` (`id`, `name`, `created_at`, `updated_at`) VALUES ('5', 'molestiae', '2015-07-09 13:44:48', '2006-05-09 10:01:33');
INSERT INTO `media_types` (`id`, `name`, `created_at`, `updated_at`) VALUES ('6', 'consequatur', '1982-07-17 16:11:23', '1983-01-01 07:52:47');
INSERT INTO `media_types` (`id`, `name`, `created_at`, `updated_at`) VALUES ('7', 'qui', '2007-07-28 12:36:16', '1996-02-05 10:02:06');
INSERT INTO `media_types` (`id`, `name`, `created_at`, `updated_at`) VALUES ('8', 'nihil', '1998-06-30 12:43:44', '1981-11-25 17:04:15');
INSERT INTO `media_types` (`id`, `name`, `created_at`, `updated_at`) VALUES ('9', 'et', '2004-05-02 08:42:10', '2014-07-12 11:23:37');
INSERT INTO `media_types` (`id`, `name`, `created_at`, `updated_at`) VALUES ('10', 'sint', '2015-03-17 04:12:08', '1972-07-05 23:59:18');
INSERT INTO `media_types` (`id`, `name`, `created_at`, `updated_at`) VALUES ('11', 'perspiciatis', '1991-09-09 21:12:41', '2010-03-27 10:18:21');
INSERT INTO `media_types` (`id`, `name`, `created_at`, `updated_at`) VALUES ('12', 'corporis', '1982-02-06 16:42:48', '2004-02-03 12:18:23');
INSERT INTO `media_types` (`id`, `name`, `created_at`, `updated_at`) VALUES ('13', 'exercitationem', '1972-05-08 04:18:44', '1987-02-22 21:31:29');
INSERT INTO `media_types` (`id`, `name`, `created_at`, `updated_at`) VALUES ('14', 'ipsum', '2002-09-28 09:11:51', '1996-01-02 22:58:48');
INSERT INTO `media_types` (`id`, `name`, `created_at`, `updated_at`) VALUES ('15', 'sunt', '1978-02-24 00:22:01', '2004-03-26 05:30:37');
INSERT INTO `media_types` (`id`, `name`, `created_at`, `updated_at`) VALUES ('16', 'labore', '1981-05-16 20:11:59', '2004-08-15 00:37:35');
INSERT INTO `media_types` (`id`, `name`, `created_at`, `updated_at`) VALUES ('17', 'pariatur', '2000-09-26 16:04:33', '2001-07-06 21:56:36');
INSERT INTO `media_types` (`id`, `name`, `created_at`, `updated_at`) VALUES ('18', 'fuga', '1996-02-10 02:32:42', '1984-03-05 07:33:34');
INSERT INTO `media_types` (`id`, `name`, `created_at`, `updated_at`) VALUES ('19', 'maxime', '1992-02-17 18:30:54', '1988-07-31 00:58:12');
INSERT INTO `media_types` (`id`, `name`, `created_at`, `updated_at`) VALUES ('20', 'hic', '2002-09-17 00:02:42', '2003-12-31 03:37:34');
INSERT INTO `media_types` (`id`, `name`, `created_at`, `updated_at`) VALUES ('21', 'dolorem', '2002-05-11 19:31:46', '1995-12-08 10:47:46');
INSERT INTO `media_types` (`id`, `name`, `created_at`, `updated_at`) VALUES ('22', 'quaerat', '1998-05-20 08:38:34', '2010-06-17 22:05:26');
INSERT INTO `media_types` (`id`, `name`, `created_at`, `updated_at`) VALUES ('23', 'ut', '1982-05-23 00:34:32', '1970-02-15 11:00:26');
INSERT INTO `media_types` (`id`, `name`, `created_at`, `updated_at`) VALUES ('24', 'deserunt', '1986-04-12 07:09:02', '2003-03-04 16:01:24');
INSERT INTO `media_types` (`id`, `name`, `created_at`, `updated_at`) VALUES ('25', 'officia', '2018-11-22 18:07:57', '2008-11-06 21:52:59');
INSERT INTO `media_types` (`id`, `name`, `created_at`, `updated_at`) VALUES ('26', 'vel', '2020-01-30 06:14:19', '1994-10-22 21:02:00');
INSERT INTO `media_types` (`id`, `name`, `created_at`, `updated_at`) VALUES ('27', 'omnis', '1974-08-03 13:27:37', '2017-01-11 03:17:20');
INSERT INTO `media_types` (`id`, `name`, `created_at`, `updated_at`) VALUES ('28', 'enim', '2006-07-29 05:02:26', '2012-08-20 07:14:52');
INSERT INTO `media_types` (`id`, `name`, `created_at`, `updated_at`) VALUES ('29', 'voluptas', '2014-06-21 09:57:51', '2008-04-05 08:04:37');
INSERT INTO `media_types` (`id`, `name`, `created_at`, `updated_at`) VALUES ('30', 'modi', '1996-04-01 02:13:52', '2011-03-08 21:59:38');
INSERT INTO `media_types` (`id`, `name`, `created_at`, `updated_at`) VALUES ('31', 'cumque', '1973-11-08 22:37:46', '2001-04-02 14:00:07');
INSERT INTO `media_types` (`id`, `name`, `created_at`, `updated_at`) VALUES ('32', 'porro', '2009-01-17 01:24:16', '2006-04-01 10:56:03');
INSERT INTO `media_types` (`id`, `name`, `created_at`, `updated_at`) VALUES ('33', 'dicta', '1999-02-21 08:49:39', '1991-02-10 08:35:30');
INSERT INTO `media_types` (`id`, `name`, `created_at`, `updated_at`) VALUES ('34', 'laudantium', '1983-01-04 12:42:59', '2011-08-29 07:23:00');
INSERT INTO `media_types` (`id`, `name`, `created_at`, `updated_at`) VALUES ('35', 'sit', '1984-01-08 01:48:46', '2009-09-18 18:39:49');
INSERT INTO `media_types` (`id`, `name`, `created_at`, `updated_at`) VALUES ('36', 'asperiores', '1990-06-08 19:39:48', '1976-01-09 20:26:34');
INSERT INTO `media_types` (`id`, `name`, `created_at`, `updated_at`) VALUES ('37', 'quibusdam', '1972-08-07 22:42:03', '1984-01-19 03:07:40');
INSERT INTO `media_types` (`id`, `name`, `created_at`, `updated_at`) VALUES ('38', 'quia', '1988-10-26 14:49:35', '2018-08-09 22:36:27');
INSERT INTO `media_types` (`id`, `name`, `created_at`, `updated_at`) VALUES ('39', 'voluptates', '2004-03-29 12:17:32', '2016-07-15 03:25:07');
INSERT INTO `media_types` (`id`, `name`, `created_at`, `updated_at`) VALUES ('40', 'reprehenderit', '1989-12-21 08:07:13', '1987-02-11 01:30:20');
INSERT INTO `media_types` (`id`, `name`, `created_at`, `updated_at`) VALUES ('41', 'voluptatum', '1979-01-30 00:16:57', '1980-05-30 06:10:23');
INSERT INTO `media_types` (`id`, `name`, `created_at`, `updated_at`) VALUES ('42', 'ipsam', '2019-05-22 10:29:25', '2000-04-16 17:15:45');
INSERT INTO `media_types` (`id`, `name`, `created_at`, `updated_at`) VALUES ('43', 'facilis', '1977-02-12 14:14:40', '1983-03-17 07:19:48');
INSERT INTO `media_types` (`id`, `name`, `created_at`, `updated_at`) VALUES ('44', 'illo', '1973-04-11 06:13:27', '2000-02-20 15:37:57');
INSERT INTO `media_types` (`id`, `name`, `created_at`, `updated_at`) VALUES ('45', 'est', '1980-06-20 13:30:11', '1988-01-27 16:46:34');
INSERT INTO `media_types` (`id`, `name`, `created_at`, `updated_at`) VALUES ('46', 'eos', '1971-06-25 04:19:12', '1992-09-29 03:50:49');
INSERT INTO `media_types` (`id`, `name`, `created_at`, `updated_at`) VALUES ('47', 'nemo', '1993-03-07 03:20:32', '2010-09-11 06:55:13');
INSERT INTO `media_types` (`id`, `name`, `created_at`, `updated_at`) VALUES ('48', 'dolorum', '1991-08-22 04:24:29', '1975-03-04 09:50:03');
INSERT INTO `media_types` (`id`, `name`, `created_at`, `updated_at`) VALUES ('49', 'officiis', '1993-04-21 13:04:09', '2015-07-22 06:59:06');
INSERT INTO `media_types` (`id`, `name`, `created_at`, `updated_at`) VALUES ('50', 'tenetur', '1985-03-21 22:57:20', '1986-09-25 00:27:04');
INSERT INTO `media_types` (`id`, `name`, `created_at`, `updated_at`) VALUES ('51', 'soluta', '1985-09-26 16:15:49', '2004-11-24 02:58:38');
INSERT INTO `media_types` (`id`, `name`, `created_at`, `updated_at`) VALUES ('52', 'quis', '1986-11-06 06:18:59', '1982-08-17 10:37:30');
INSERT INTO `media_types` (`id`, `name`, `created_at`, `updated_at`) VALUES ('53', 'consectetur', '1971-12-01 10:41:45', '1998-10-03 16:29:09');
INSERT INTO `media_types` (`id`, `name`, `created_at`, `updated_at`) VALUES ('54', 'non', '2002-10-18 12:58:42', '2020-05-17 04:13:29');
INSERT INTO `media_types` (`id`, `name`, `created_at`, `updated_at`) VALUES ('55', 'velit', '1992-06-12 18:06:08', '2020-01-18 18:22:29');
INSERT INTO `media_types` (`id`, `name`, `created_at`, `updated_at`) VALUES ('56', 'ratione', '1977-11-21 19:26:10', '2019-05-25 22:01:32');
INSERT INTO `media_types` (`id`, `name`, `created_at`, `updated_at`) VALUES ('57', 'veritatis', '1997-09-23 08:59:05', '2017-05-05 15:56:18');
INSERT INTO `media_types` (`id`, `name`, `created_at`, `updated_at`) VALUES ('58', 'iure', '1977-02-05 07:27:42', '2000-05-07 20:58:43');
INSERT INTO `media_types` (`id`, `name`, `created_at`, `updated_at`) VALUES ('59', 'deleniti', '1981-01-03 09:41:11', '1993-09-19 22:05:10');
INSERT INTO `media_types` (`id`, `name`, `created_at`, `updated_at`) VALUES ('60', 'commodi', '1973-02-13 10:14:42', '2001-05-16 11:05:47');
INSERT INTO `media_types` (`id`, `name`, `created_at`, `updated_at`) VALUES ('61', 'in', '2007-11-26 19:15:27', '1998-12-02 11:49:07');
INSERT INTO `media_types` (`id`, `name`, `created_at`, `updated_at`) VALUES ('62', 'doloremque', '1990-10-18 12:56:28', '2018-01-13 09:04:53');
INSERT INTO `media_types` (`id`, `name`, `created_at`, `updated_at`) VALUES ('63', 'amet', '1993-09-30 08:27:57', '2006-02-27 11:47:39');
INSERT INTO `media_types` (`id`, `name`, `created_at`, `updated_at`) VALUES ('64', 'sed', '2005-01-12 04:20:31', '2000-08-07 23:04:19');
INSERT INTO `media_types` (`id`, `name`, `created_at`, `updated_at`) VALUES ('65', 'quo', '2017-02-26 19:24:40', '2010-09-21 05:02:28');
INSERT INTO `media_types` (`id`, `name`, `created_at`, `updated_at`) VALUES ('66', 'ex', '2007-02-20 01:45:45', '2018-08-23 00:28:13');
INSERT INTO `media_types` (`id`, `name`, `created_at`, `updated_at`) VALUES ('67', 'vitae', '1975-05-26 01:48:19', '2012-09-22 15:02:55');
INSERT INTO `media_types` (`id`, `name`, `created_at`, `updated_at`) VALUES ('68', 'quae', '2018-12-01 03:19:37', '1978-07-17 23:57:03');
INSERT INTO `media_types` (`id`, `name`, `created_at`, `updated_at`) VALUES ('69', 'voluptatem', '2005-05-07 09:50:20', '1993-08-23 09:52:44');
INSERT INTO `media_types` (`id`, `name`, `created_at`, `updated_at`) VALUES ('70', 'natus', '1986-09-08 04:25:54', '2003-05-04 16:40:34');
INSERT INTO `media_types` (`id`, `name`, `created_at`, `updated_at`) VALUES ('71', 'tempore', '1981-02-04 02:24:37', '2006-04-19 01:11:45');
INSERT INTO `media_types` (`id`, `name`, `created_at`, `updated_at`) VALUES ('72', 'eum', '2013-09-02 03:15:16', '1980-04-08 21:13:07');
INSERT INTO `media_types` (`id`, `name`, `created_at`, `updated_at`) VALUES ('73', 'vero', '1975-07-01 11:04:13', '2009-02-26 15:01:41');
INSERT INTO `media_types` (`id`, `name`, `created_at`, `updated_at`) VALUES ('74', 'atque', '2018-06-29 08:15:51', '2018-10-08 05:03:49');
INSERT INTO `media_types` (`id`, `name`, `created_at`, `updated_at`) VALUES ('75', 'explicabo', '1972-06-09 00:23:06', '1997-05-15 15:07:39');
INSERT INTO `media_types` (`id`, `name`, `created_at`, `updated_at`) VALUES ('76', 'incidunt', '1981-01-27 01:20:38', '2007-12-17 15:30:44');
INSERT INTO `media_types` (`id`, `name`, `created_at`, `updated_at`) VALUES ('77', 'assumenda', '1976-04-07 01:16:34', '2004-03-05 00:15:28');
INSERT INTO `media_types` (`id`, `name`, `created_at`, `updated_at`) VALUES ('78', 'odit', '1991-01-01 19:56:51', '1999-05-23 14:53:01');
INSERT INTO `media_types` (`id`, `name`, `created_at`, `updated_at`) VALUES ('79', 'numquam', '2007-03-17 05:59:04', '1984-10-18 16:36:04');
INSERT INTO `media_types` (`id`, `name`, `created_at`, `updated_at`) VALUES ('80', 'nulla', '1988-06-16 19:53:27', '2006-12-24 17:31:04');
INSERT INTO `media_types` (`id`, `name`, `created_at`, `updated_at`) VALUES ('81', 'possimus', '1981-11-18 00:31:35', '2004-04-15 01:36:46');
INSERT INTO `media_types` (`id`, `name`, `created_at`, `updated_at`) VALUES ('82', 'esse', '2006-02-17 21:06:50', '1980-01-22 18:40:45');
INSERT INTO `media_types` (`id`, `name`, `created_at`, `updated_at`) VALUES ('83', 'aliquam', '1971-09-17 21:38:10', '1986-01-12 04:40:34');
INSERT INTO `media_types` (`id`, `name`, `created_at`, `updated_at`) VALUES ('84', 'dolores', '1990-12-19 19:43:01', '2003-12-29 05:40:32');
INSERT INTO `media_types` (`id`, `name`, `created_at`, `updated_at`) VALUES ('85', 'saepe', '2005-03-16 19:32:00', '1984-01-21 16:21:47');
INSERT INTO `media_types` (`id`, `name`, `created_at`, `updated_at`) VALUES ('86', 'earum', '1999-03-22 09:58:52', '2016-02-12 22:57:44');
INSERT INTO `media_types` (`id`, `name`, `created_at`, `updated_at`) VALUES ('87', 'excepturi', '1985-10-16 01:12:33', '2000-04-04 19:04:02');
INSERT INTO `media_types` (`id`, `name`, `created_at`, `updated_at`) VALUES ('88', 'accusantium', '2014-04-24 10:17:02', '2015-06-19 08:07:00');
INSERT INTO `media_types` (`id`, `name`, `created_at`, `updated_at`) VALUES ('89', 'quasi', '1976-11-10 02:02:00', '2007-05-11 03:23:37');
INSERT INTO `media_types` (`id`, `name`, `created_at`, `updated_at`) VALUES ('90', 'rem', '2012-04-27 20:26:57', '1997-03-11 14:00:41');
INSERT INTO `media_types` (`id`, `name`, `created_at`, `updated_at`) VALUES ('91', 'distinctio', '2011-07-05 09:49:41', '1974-10-08 06:13:04');
INSERT INTO `media_types` (`id`, `name`, `created_at`, `updated_at`) VALUES ('92', 'inventore', '2016-11-30 11:21:23', '2008-09-05 08:58:53');
INSERT INTO `media_types` (`id`, `name`, `created_at`, `updated_at`) VALUES ('93', 'repellat', '1982-08-13 09:23:15', '1989-02-22 19:03:39');
INSERT INTO `media_types` (`id`, `name`, `created_at`, `updated_at`) VALUES ('94', 'sapiente', '2002-05-13 23:26:30', '1993-07-07 23:53:33');
INSERT INTO `media_types` (`id`, `name`, `created_at`, `updated_at`) VALUES ('95', 'fugit', '1982-04-29 00:52:00', '1983-06-20 13:37:13');
INSERT INTO `media_types` (`id`, `name`, `created_at`, `updated_at`) VALUES ('96', 'corrupti', '2001-04-29 14:16:14', '1981-03-11 13:18:36');
INSERT INTO `media_types` (`id`, `name`, `created_at`, `updated_at`) VALUES ('97', 'at', '1972-03-31 21:39:39', '1980-02-07 07:29:32');
INSERT INTO `media_types` (`id`, `name`, `created_at`, `updated_at`) VALUES ('98', 'rerum', '1987-10-27 22:51:11', '1979-10-01 06:38:17');
INSERT INTO `media_types` (`id`, `name`, `created_at`, `updated_at`) VALUES ('99', 'nam', '1996-11-21 12:53:15', '1999-11-09 19:51:54');
INSERT INTO `media_types` (`id`, `name`, `created_at`, `updated_at`) VALUES ('100', 'nisi', '2007-04-15 15:11:35', '2002-10-14 09:12:18');


#
# TABLE STRUCTURE FOR: media
#

DROP TABLE IF EXISTS `media`;

CREATE TABLE `media` (
  `id` bigint(20) unsigned NOT NULL AUTO_INCREMENT,
  `media_type_id` bigint(20) unsigned NOT NULL,
  `user_id` bigint(20) unsigned NOT NULL,
  `body` text COLLATE utf8_unicode_ci DEFAULT NULL,
  `filename` varchar(255) COLLATE utf8_unicode_ci DEFAULT NULL,
  `size` int(11) DEFAULT NULL,
  `metadata` longtext CHARACTER SET utf8mb4 COLLATE utf8mb4_bin DEFAULT NULL CHECK (json_valid(`metadata`)),
  `created_at` datetime DEFAULT current_timestamp(),
  `updated_at` datetime DEFAULT current_timestamp() ON UPDATE current_timestamp(),
  PRIMARY KEY (`id`),
  KEY `user_id` (`user_id`),
  KEY `media_type_id` (`media_type_id`),
  CONSTRAINT `media_ibfk_1` FOREIGN KEY (`user_id`) REFERENCES `users` (`id`),
  CONSTRAINT `media_ibfk_2` FOREIGN KEY (`media_type_id`) REFERENCES `media_types` (`id`)
) ENGINE=InnoDB AUTO_INCREMENT=101 DEFAULT CHARSET=utf8 COLLATE=utf8_unicode_ci;

INSERT INTO `media` (`id`, `media_type_id`, `user_id`, `body`, `filename`, `size`, `metadata`, `created_at`, `updated_at`) VALUES ('1', '1', '1', 'Aut laboriosam dolorem rerum quisquam adipisci similique fuga. Nihil voluptatem illo eveniet rerum voluptas rem rerum. Vitae quia saepe non quaerat excepturi reprehenderit impedit.', 'optio', 45895, NULL, '1978-02-16 02:34:09', '2012-05-28 13:55:13');
INSERT INTO `media` (`id`, `media_type_id`, `user_id`, `body`, `filename`, `size`, `metadata`, `created_at`, `updated_at`) VALUES ('2', '2', '2', 'Est consequatur dolorem aperiam omnis. Tempore veritatis quisquam et odio. Dolore soluta aspernatur ducimus qui tenetur. Molestias non facere pariatur voluptatem quidem velit vel quo.', 'dolorem', 12304129, NULL, '2018-01-28 17:43:16', '1976-11-30 02:39:01');
INSERT INTO `media` (`id`, `media_type_id`, `user_id`, `body`, `filename`, `size`, `metadata`, `created_at`, `updated_at`) VALUES ('3', '3', '3', 'Veritatis sit aut beatae optio blanditiis nulla aut. Velit nostrum cupiditate assumenda dicta quia sapiente. Repudiandae dolore ex maiores odio totam maiores.', 'praesentium', 430823, NULL, '1974-05-05 12:32:42', '1982-08-28 21:34:51');
INSERT INTO `media` (`id`, `media_type_id`, `user_id`, `body`, `filename`, `size`, `metadata`, `created_at`, `updated_at`) VALUES ('4', '4', '4', 'Omnis voluptates aut et et. Aliquid delectus excepturi aut ut voluptatibus. Voluptate qui itaque molestiae molestiae quidem ad officia.', 'doloremque', 314352034, NULL, '1984-09-26 21:18:50', '2017-04-26 15:56:13');
INSERT INTO `media` (`id`, `media_type_id`, `user_id`, `body`, `filename`, `size`, `metadata`, `created_at`, `updated_at`) VALUES ('5', '5', '5', 'Autem eius aut neque velit eum ipsam. Error saepe saepe autem quis commodi deleniti quaerat.', 'nulla', 3301, NULL, '1996-05-18 18:51:53', '1984-08-19 16:24:20');
INSERT INTO `media` (`id`, `media_type_id`, `user_id`, `body`, `filename`, `size`, `metadata`, `created_at`, `updated_at`) VALUES ('6', '6', '6', 'Nihil et quia corporis voluptas ducimus. Voluptas id deleniti iure quis.', 'explicabo', 32, NULL, '1993-06-05 00:42:20', '1978-01-29 00:31:05');
INSERT INTO `media` (`id`, `media_type_id`, `user_id`, `body`, `filename`, `size`, `metadata`, `created_at`, `updated_at`) VALUES ('7', '7', '7', 'Tempora sed nulla harum sunt enim nihil et. Doloremque dicta suscipit voluptates voluptas aliquid debitis nisi. Quae assumenda fugiat libero consequatur mollitia at quo magnam. Aut inventore autem dolor et reprehenderit. Amet quo ab dicta eum aperiam.', 'ipsam', 2201885, NULL, '1992-01-25 17:34:33', '1977-03-01 05:46:44');
INSERT INTO `media` (`id`, `media_type_id`, `user_id`, `body`, `filename`, `size`, `metadata`, `created_at`, `updated_at`) VALUES ('8', '8', '8', 'Molestiae facere esse veritatis nam praesentium vel qui. Et ad quasi enim est est tenetur. Omnis nulla aliquid porro ea. Aut enim nesciunt dolorem commodi minima aut.', 'quis', 672723867, NULL, '1990-08-04 09:44:46', '2007-10-24 11:29:27');
INSERT INTO `media` (`id`, `media_type_id`, `user_id`, `body`, `filename`, `size`, `metadata`, `created_at`, `updated_at`) VALUES ('9', '9', '9', 'Iure eum quos qui cupiditate. Ad in ut non vel. Et facilis praesentium quis est maxime aperiam qui autem. Dolor eos quo ad ut quia deleniti.', 'praesentium', 36835883, NULL, '1996-06-03 04:12:33', '1978-10-04 21:00:15');
INSERT INTO `media` (`id`, `media_type_id`, `user_id`, `body`, `filename`, `size`, `metadata`, `created_at`, `updated_at`) VALUES ('10', '10', '10', 'Quia rem dolores ad rerum distinctio ipsum sequi. Qui tenetur est eos nulla consequatur ut. Ipsam mollitia sunt repellat sed sunt. Hic et amet totam dolor adipisci repudiandae blanditiis.', 'fuga', 7, NULL, '1978-07-29 13:10:03', '1976-01-10 22:59:20');
INSERT INTO `media` (`id`, `media_type_id`, `user_id`, `body`, `filename`, `size`, `metadata`, `created_at`, `updated_at`) VALUES ('11', '11', '11', 'Quia beatae voluptatum nobis voluptatem eaque laboriosam aut. Aliquid accusamus dolores sed magnam. Magnam aut est sunt eligendi voluptas.', 'odio', 885152427, NULL, '1992-11-08 22:07:49', '1981-11-25 13:43:13');
INSERT INTO `media` (`id`, `media_type_id`, `user_id`, `body`, `filename`, `size`, `metadata`, `created_at`, `updated_at`) VALUES ('12', '12', '12', 'Saepe et in nemo in veniam. Aperiam est impedit ipsum voluptas sunt suscipit qui. Sunt quae id aut facere et at. Similique tenetur quia quia illum.', 'vitae', 23271096, NULL, '1996-02-05 10:55:42', '1978-07-18 06:52:35');
INSERT INTO `media` (`id`, `media_type_id`, `user_id`, `body`, `filename`, `size`, `metadata`, `created_at`, `updated_at`) VALUES ('13', '13', '13', 'Distinctio nihil qui dolor similique qui. Omnis asperiores eum blanditiis fugiat. Possimus expedita sint cupiditate nisi cupiditate sunt aut quisquam. Tempore similique animi magnam iste sint sint saepe.', 'cum', 7300733, NULL, '1977-03-03 05:59:14', '1981-03-21 05:26:11');
INSERT INTO `media` (`id`, `media_type_id`, `user_id`, `body`, `filename`, `size`, `metadata`, `created_at`, `updated_at`) VALUES ('14', '14', '14', 'Expedita magnam quia vel quo ex ut. Qui facere at odio qui saepe. Architecto maxime est a commodi est eos. Non et ex est et ullam quaerat.', 'perspiciatis', 5786, NULL, '1987-11-11 01:34:31', '1983-02-22 22:10:18');
INSERT INTO `media` (`id`, `media_type_id`, `user_id`, `body`, `filename`, `size`, `metadata`, `created_at`, `updated_at`) VALUES ('15', '15', '15', 'Et quia id fugit harum. Officiis sed quod maxime enim. Voluptas quos ut harum aspernatur natus laborum non porro. Doloribus praesentium ullam similique qui expedita eum.', 'quos', 256, NULL, '2018-02-24 21:16:16', '1976-08-15 02:42:16');
INSERT INTO `media` (`id`, `media_type_id`, `user_id`, `body`, `filename`, `size`, `metadata`, `created_at`, `updated_at`) VALUES ('16', '16', '16', 'Possimus corrupti dolorem eos explicabo facilis. Necessitatibus voluptas omnis optio sunt et earum excepturi earum. Voluptatem voluptatem ipsam eum libero quos sed.', 'nihil', 23345, NULL, '1985-03-12 10:11:19', '2016-06-02 11:46:21');
INSERT INTO `media` (`id`, `media_type_id`, `user_id`, `body`, `filename`, `size`, `metadata`, `created_at`, `updated_at`) VALUES ('17', '17', '17', 'Possimus eaque at incidunt aut qui rerum est. Est voluptates dignissimos vel reiciendis. Aut enim in sint ut assumenda molestiae tempora. Officia dicta et quis excepturi rerum nisi saepe.', 'a', 4, NULL, '1977-12-24 04:46:36', '2003-05-13 19:14:43');
INSERT INTO `media` (`id`, `media_type_id`, `user_id`, `body`, `filename`, `size`, `metadata`, `created_at`, `updated_at`) VALUES ('18', '18', '18', 'Vel omnis iure reprehenderit voluptas. Expedita illo odit non eius nesciunt. Quia occaecati maiores consequuntur nihil quasi. Accusamus rerum nulla quis commodi molestiae temporibus ut.', 'commodi', 0, NULL, '1976-11-12 02:04:22', '1991-09-15 09:40:32');
INSERT INTO `media` (`id`, `media_type_id`, `user_id`, `body`, `filename`, `size`, `metadata`, `created_at`, `updated_at`) VALUES ('19', '19', '19', 'Illum asperiores explicabo et voluptas. Ut animi ea et nostrum dolor nisi. Inventore nam possimus enim deserunt.', 'sit', 2622, NULL, '2001-11-25 00:58:03', '1987-04-30 21:05:46');
INSERT INTO `media` (`id`, `media_type_id`, `user_id`, `body`, `filename`, `size`, `metadata`, `created_at`, `updated_at`) VALUES ('20', '20', '20', 'Praesentium sed voluptatem ipsa et. Voluptatum voluptate aut ab tempore velit. Ut dicta eum modi. Asperiores qui autem delectus ipsum iure expedita.', 'tenetur', 32, NULL, '1978-04-17 21:05:13', '1982-10-05 21:17:06');
INSERT INTO `media` (`id`, `media_type_id`, `user_id`, `body`, `filename`, `size`, `metadata`, `created_at`, `updated_at`) VALUES ('21', '21', '21', 'Fugiat voluptate debitis officia optio soluta. Reiciendis consequatur et earum voluptate tempore dolorem qui similique. Quo sequi deserunt magni voluptatem sed dolorum possimus. Et amet corporis quo reiciendis.', 'voluptates', 15843, NULL, '1974-08-20 01:39:18', '1995-10-27 04:26:58');
INSERT INTO `media` (`id`, `media_type_id`, `user_id`, `body`, `filename`, `size`, `metadata`, `created_at`, `updated_at`) VALUES ('22', '22', '22', 'Molestiae porro quia quo quia ex distinctio quam magnam. Nam architecto dolores et qui architecto doloremque consequatur voluptatem. Voluptas quo accusamus sunt fugit dolore dignissimos. Voluptatem aut dolor recusandae quibusdam voluptatem quibusdam.', 'eius', 87, NULL, '1982-07-07 04:37:07', '1996-09-01 00:45:02');
INSERT INTO `media` (`id`, `media_type_id`, `user_id`, `body`, `filename`, `size`, `metadata`, `created_at`, `updated_at`) VALUES ('23', '23', '23', 'Voluptate aut consequatur magni vel. Est quia vel tempora dolore quisquam dolores. Vel fugit quos aut.', 'quia', 42, NULL, '1997-02-18 02:31:41', '2000-05-12 21:54:17');
INSERT INTO `media` (`id`, `media_type_id`, `user_id`, `body`, `filename`, `size`, `metadata`, `created_at`, `updated_at`) VALUES ('24', '24', '24', 'Fugit nostrum ea eum ipsum. Amet magnam dignissimos doloribus. Temporibus beatae culpa eaque fuga mollitia. Vel occaecati omnis veniam autem qui.', 'quisquam', 3, NULL, '2000-02-11 02:32:10', '1986-03-20 11:03:10');
INSERT INTO `media` (`id`, `media_type_id`, `user_id`, `body`, `filename`, `size`, `metadata`, `created_at`, `updated_at`) VALUES ('25', '25', '25', 'Amet voluptatem dolor atque minima. Eveniet impedit vitae perferendis. Enim reprehenderit omnis debitis veniam nemo mollitia.', 'consectetur', 96, NULL, '1970-03-14 06:38:59', '2019-12-06 15:06:27');
INSERT INTO `media` (`id`, `media_type_id`, `user_id`, `body`, `filename`, `size`, `metadata`, `created_at`, `updated_at`) VALUES ('26', '26', '26', 'Voluptate aut ullam et deserunt eum dolor. Ut aliquid occaecati iure nulla culpa et sunt. Distinctio sed incidunt eum nihil sint cum assumenda.', 'delectus', 0, NULL, '1999-02-04 17:06:12', '2011-10-08 21:23:22');
INSERT INTO `media` (`id`, `media_type_id`, `user_id`, `body`, `filename`, `size`, `metadata`, `created_at`, `updated_at`) VALUES ('27', '27', '27', 'Iusto est quia amet atque porro. Doloribus fugit corporis quae aspernatur quia iusto sit dolorem. Voluptas sit voluptatem aut culpa unde asperiores. Eveniet molestias qui similique qui cum.', 'aliquid', 741, NULL, '2001-05-30 07:14:44', '2005-04-03 20:01:46');
INSERT INTO `media` (`id`, `media_type_id`, `user_id`, `body`, `filename`, `size`, `metadata`, `created_at`, `updated_at`) VALUES ('28', '28', '28', 'Alias ducimus minus blanditiis dolor maiores omnis adipisci. Nobis voluptate sit voluptas debitis aspernatur. At earum quasi magni voluptatum est aperiam iusto.', 'necessitatibus', 5195, NULL, '1987-01-30 21:34:53', '2015-11-07 04:28:38');
INSERT INTO `media` (`id`, `media_type_id`, `user_id`, `body`, `filename`, `size`, `metadata`, `created_at`, `updated_at`) VALUES ('29', '29', '29', 'Inventore labore praesentium aut maiores. Quibusdam qui aspernatur illum et. Nihil inventore deserunt qui voluptatem ut quibusdam. Placeat voluptates amet expedita culpa consequatur dicta. Itaque voluptatibus sequi magni dolorum ipsum et.', 'officia', 3961, NULL, '1974-06-16 21:35:58', '2000-11-14 14:52:09');
INSERT INTO `media` (`id`, `media_type_id`, `user_id`, `body`, `filename`, `size`, `metadata`, `created_at`, `updated_at`) VALUES ('30', '30', '30', 'Commodi est asperiores rerum natus commodi fugiat. Laborum possimus illo ut sequi temporibus nulla aliquam. Reiciendis officia ipsam a rerum numquam mollitia.', 'ipsam', 824933185, NULL, '2010-10-03 12:31:28', '1981-01-03 03:33:29');
INSERT INTO `media` (`id`, `media_type_id`, `user_id`, `body`, `filename`, `size`, `metadata`, `created_at`, `updated_at`) VALUES ('31', '31', '31', 'Eaque id quaerat deleniti aut dolorem aut ut. Provident incidunt expedita magnam hic.', 'dignissimos', 3181360, NULL, '1971-08-27 02:03:02', '2015-06-01 16:26:41');
INSERT INTO `media` (`id`, `media_type_id`, `user_id`, `body`, `filename`, `size`, `metadata`, `created_at`, `updated_at`) VALUES ('32', '32', '32', 'Aut ullam deleniti molestias recusandae. Neque numquam at voluptatibus maxime atque. Ut inventore perspiciatis non iure vel nesciunt officiis cum. Quis pariatur veritatis libero laudantium magnam culpa.', 'voluptas', 0, NULL, '1982-03-01 12:58:15', '2009-02-24 18:15:18');
INSERT INTO `media` (`id`, `media_type_id`, `user_id`, `body`, `filename`, `size`, `metadata`, `created_at`, `updated_at`) VALUES ('33', '33', '33', 'Error nesciunt sint voluptatem quos consequatur distinctio. Facere eaque molestias autem distinctio corrupti. Minus dolores autem voluptas voluptatibus enim soluta omnis cum. Labore sequi aut quaerat minus quia quo magni. Dolor ab necessitatibus temporibus excepturi.', 'quaerat', 524814, NULL, '2016-08-20 04:17:50', '2002-03-12 02:53:06');
INSERT INTO `media` (`id`, `media_type_id`, `user_id`, `body`, `filename`, `size`, `metadata`, `created_at`, `updated_at`) VALUES ('34', '34', '34', 'Vitae soluta voluptatem suscipit at qui. Perferendis porro quam qui excepturi ullam accusamus aut. Repellat ex dolor nulla aut. Voluptatem libero quia sed dolorem et et qui.', 'eius', 59447, NULL, '2019-04-22 12:04:43', '2008-03-06 05:27:05');
INSERT INTO `media` (`id`, `media_type_id`, `user_id`, `body`, `filename`, `size`, `metadata`, `created_at`, `updated_at`) VALUES ('35', '35', '35', 'Illum temporibus neque sint atque molestiae fuga. Quis mollitia magni repellendus id dolore. Distinctio ut neque cum quia dignissimos eum.', 'accusantium', 73481910, NULL, '2012-09-10 12:13:42', '1973-08-15 09:55:04');
INSERT INTO `media` (`id`, `media_type_id`, `user_id`, `body`, `filename`, `size`, `metadata`, `created_at`, `updated_at`) VALUES ('36', '36', '36', 'Qui dolores blanditiis veniam hic. Et laboriosam veniam doloribus vitae veritatis dolorum. Ipsam sed sed esse at iure animi qui. Quaerat dolores et culpa debitis.', 'unde', 53937130, NULL, '1988-02-29 08:08:02', '1992-10-21 04:57:59');
INSERT INTO `media` (`id`, `media_type_id`, `user_id`, `body`, `filename`, `size`, `metadata`, `created_at`, `updated_at`) VALUES ('37', '37', '37', 'Perspiciatis eius eligendi nisi unde corrupti ratione minus. Natus non totam et accusantium impedit. Beatae omnis ea dicta quo debitis ut.', 'quam', 28809, NULL, '2005-07-04 17:13:28', '1999-03-16 23:10:31');
INSERT INTO `media` (`id`, `media_type_id`, `user_id`, `body`, `filename`, `size`, `metadata`, `created_at`, `updated_at`) VALUES ('38', '38', '38', 'Id veniam delectus velit nihil. Voluptatem velit maxime eveniet hic. Maiores assumenda fugit et et.', 'sapiente', 668157, NULL, '1970-12-27 21:23:44', '2011-02-25 12:24:49');
INSERT INTO `media` (`id`, `media_type_id`, `user_id`, `body`, `filename`, `size`, `metadata`, `created_at`, `updated_at`) VALUES ('39', '39', '39', 'Dolores ex sint assumenda reiciendis. Quae ut qui voluptatem.', 'laudantium', 92585, NULL, '1993-03-18 16:03:40', '1982-03-21 20:40:12');
INSERT INTO `media` (`id`, `media_type_id`, `user_id`, `body`, `filename`, `size`, `metadata`, `created_at`, `updated_at`) VALUES ('40', '40', '40', 'Vero nemo eos itaque ea. In aut ab quisquam sapiente sit. Cumque aut quo sint nihil.', 'recusandae', 0, NULL, '1986-09-23 00:59:43', '1984-10-05 09:32:45');
INSERT INTO `media` (`id`, `media_type_id`, `user_id`, `body`, `filename`, `size`, `metadata`, `created_at`, `updated_at`) VALUES ('41', '41', '41', 'Quis aperiam cupiditate aspernatur. Sit odio hic itaque consectetur dolore voluptatem. Ex eius qui eos sint ad incidunt. Ratione reiciendis et repellendus nobis doloribus cumque magni fugit. Quia omnis ut doloribus repudiandae dolores aliquid.', 'odio', 6672, NULL, '1998-10-11 03:03:52', '1979-12-17 00:12:09');
INSERT INTO `media` (`id`, `media_type_id`, `user_id`, `body`, `filename`, `size`, `metadata`, `created_at`, `updated_at`) VALUES ('42', '42', '42', 'Pariatur magnam qui illum aliquam ut. Recusandae dolorem corrupti nihil ipsam dolor nobis. Ab et sunt doloremque ipsum necessitatibus unde. Dolorem nobis corrupti consequuntur laudantium.', 'nam', 154, NULL, '2010-09-30 15:41:46', '2019-08-30 09:14:00');
INSERT INTO `media` (`id`, `media_type_id`, `user_id`, `body`, `filename`, `size`, `metadata`, `created_at`, `updated_at`) VALUES ('43', '43', '43', 'Amet fugit et porro tenetur qui natus modi. Quas non totam sapiente. Saepe quis vel modi molestias.', 'ducimus', 9208, NULL, '1985-01-25 20:25:37', '1981-07-03 05:40:42');
INSERT INTO `media` (`id`, `media_type_id`, `user_id`, `body`, `filename`, `size`, `metadata`, `created_at`, `updated_at`) VALUES ('44', '44', '44', 'Ut illo dolor voluptatem et magnam qui ullam modi. Ducimus cupiditate alias qui accusamus ad iste laudantium.', 'est', 76, NULL, '2000-02-17 14:28:33', '2018-11-02 13:12:52');
INSERT INTO `media` (`id`, `media_type_id`, `user_id`, `body`, `filename`, `size`, `metadata`, `created_at`, `updated_at`) VALUES ('45', '45', '45', 'Animi veniam sit quia et perferendis vitae. Culpa soluta debitis ea et dolorem ut. Minima qui sit qui inventore recusandae omnis nostrum. Provident nemo in sit eaque alias.', 'animi', 9313206, NULL, '1997-03-19 16:44:24', '2001-05-14 17:37:22');
INSERT INTO `media` (`id`, `media_type_id`, `user_id`, `body`, `filename`, `size`, `metadata`, `created_at`, `updated_at`) VALUES ('46', '46', '46', 'Et aut facilis eum quis. Qui nihil mollitia et omnis suscipit dolores unde. Atque omnis molestiae commodi totam eveniet ut.', 'sed', 17, NULL, '2007-07-07 06:46:59', '1985-09-22 19:52:48');
INSERT INTO `media` (`id`, `media_type_id`, `user_id`, `body`, `filename`, `size`, `metadata`, `created_at`, `updated_at`) VALUES ('47', '47', '47', 'Maiores sunt sed ullam itaque et. Et ratione odit sed et numquam reprehenderit laborum. Ut ab iure ut est rem.', 'provident', 6024, NULL, '2013-07-10 21:51:17', '2008-12-08 04:43:37');
INSERT INTO `media` (`id`, `media_type_id`, `user_id`, `body`, `filename`, `size`, `metadata`, `created_at`, `updated_at`) VALUES ('48', '48', '48', 'Est et consequatur id atque aut et praesentium. Vel molestias laborum est tempora delectus velit voluptatibus sequi. Veritatis illum ullam magnam consequatur dignissimos reprehenderit. Reprehenderit quos aut aut aut.', 'non', 24, NULL, '2017-10-17 00:34:57', '2004-06-12 10:44:51');
INSERT INTO `media` (`id`, `media_type_id`, `user_id`, `body`, `filename`, `size`, `metadata`, `created_at`, `updated_at`) VALUES ('49', '49', '49', 'Tenetur at unde saepe voluptatem neque est natus. Accusantium recusandae temporibus sapiente molestias corporis ut possimus. Quo quisquam possimus est. Asperiores vel vero dolore ut ipsam.', 'aut', 3299157, NULL, '2013-03-21 06:07:41', '1979-06-04 07:08:55');
INSERT INTO `media` (`id`, `media_type_id`, `user_id`, `body`, `filename`, `size`, `metadata`, `created_at`, `updated_at`) VALUES ('50', '50', '50', 'Quisquam sint sunt repellat dolorum voluptas ea. Voluptatem et fuga sed qui est sit. Recusandae tempora magnam sequi libero voluptatum. Architecto et harum a non aut.', 'sed', 0, NULL, '1987-08-06 15:27:28', '2004-03-18 23:13:29');
INSERT INTO `media` (`id`, `media_type_id`, `user_id`, `body`, `filename`, `size`, `metadata`, `created_at`, `updated_at`) VALUES ('51', '51', '51', 'Omnis sit sed voluptas a deleniti dignissimos. Omnis vel aliquam placeat neque quia est quae. Consequatur tempora iure et. Quibusdam omnis praesentium cum quo ducimus doloremque.', 'aut', 74, NULL, '2004-10-14 01:52:59', '2014-07-15 00:03:19');
INSERT INTO `media` (`id`, `media_type_id`, `user_id`, `body`, `filename`, `size`, `metadata`, `created_at`, `updated_at`) VALUES ('52', '52', '52', 'Fugit ducimus ea voluptatem repellendus nisi sunt et. Harum dignissimos iusto quas. Corrupti eaque delectus voluptate voluptate. A ipsa et ipsa voluptate in magni iure dignissimos.', 'veniam', 0, NULL, '1977-01-16 22:34:58', '1997-06-07 15:26:56');
INSERT INTO `media` (`id`, `media_type_id`, `user_id`, `body`, `filename`, `size`, `metadata`, `created_at`, `updated_at`) VALUES ('53', '53', '53', 'Hic dignissimos tenetur ipsum. Veniam rem et maxime et. Velit repellendus possimus aspernatur possimus.', 'distinctio', 486681041, NULL, '1986-01-05 18:02:41', '2013-12-09 14:10:56');
INSERT INTO `media` (`id`, `media_type_id`, `user_id`, `body`, `filename`, `size`, `metadata`, `created_at`, `updated_at`) VALUES ('54', '54', '54', 'Molestiae pariatur numquam repudiandae ad inventore distinctio. Enim repellat itaque voluptatem. Voluptatem animi incidunt qui incidunt at. Possimus ipsam reiciendis eos.', 'in', 610847832, NULL, '1993-01-06 15:33:18', '1976-08-10 09:49:36');
INSERT INTO `media` (`id`, `media_type_id`, `user_id`, `body`, `filename`, `size`, `metadata`, `created_at`, `updated_at`) VALUES ('55', '55', '55', 'Dolor neque exercitationem sint aliquam dignissimos quidem. Ex recusandae doloribus aut ea ea eaque rerum nam. Exercitationem nulla et rerum culpa ratione nesciunt. Numquam sint et aliquid cum qui.', 'sint', 0, NULL, '1974-03-17 22:11:52', '1988-08-24 14:02:59');
INSERT INTO `media` (`id`, `media_type_id`, `user_id`, `body`, `filename`, `size`, `metadata`, `created_at`, `updated_at`) VALUES ('56', '56', '56', 'Ducimus excepturi ratione commodi ut nobis. Fugiat aut maxime est aut et quia quis. Quo qui ut similique beatae. Doloribus eos unde expedita porro aut commodi.', 'consequuntur', 577005, NULL, '1996-05-10 00:05:52', '1980-04-14 11:57:31');
INSERT INTO `media` (`id`, `media_type_id`, `user_id`, `body`, `filename`, `size`, `metadata`, `created_at`, `updated_at`) VALUES ('57', '57', '57', 'Occaecati quae nostrum cupiditate earum neque quam provident. Aut voluptatem numquam officia quaerat facere. Qui est totam molestias beatae asperiores. Quisquam vero excepturi quo eum porro non dolores.', 'vel', 0, NULL, '2009-01-07 16:04:56', '1979-12-16 17:26:22');
INSERT INTO `media` (`id`, `media_type_id`, `user_id`, `body`, `filename`, `size`, `metadata`, `created_at`, `updated_at`) VALUES ('58', '58', '58', 'Qui nisi aut libero beatae. Velit laborum fugiat et est. Perspiciatis incidunt aspernatur numquam architecto impedit delectus excepturi.', 'sit', 616, NULL, '2006-11-25 21:24:50', '1995-08-11 07:33:52');
INSERT INTO `media` (`id`, `media_type_id`, `user_id`, `body`, `filename`, `size`, `metadata`, `created_at`, `updated_at`) VALUES ('59', '59', '59', 'Earum natus et iure sapiente dolor veniam. Velit eaque consequatur laudantium quia. Dicta quis qui repellendus optio quibusdam sunt. Hic explicabo ducimus autem ipsam.', 'eligendi', 71727, NULL, '2019-04-09 14:40:12', '2012-04-17 02:20:07');
INSERT INTO `media` (`id`, `media_type_id`, `user_id`, `body`, `filename`, `size`, `metadata`, `created_at`, `updated_at`) VALUES ('60', '60', '60', 'Est dolorem voluptas est mollitia. Nemo qui ea dolor ducimus. Itaque magni voluptas in delectus a quasi doloremque.', 'aut', 96, NULL, '1994-04-02 14:00:40', '1972-07-05 05:01:51');
INSERT INTO `media` (`id`, `media_type_id`, `user_id`, `body`, `filename`, `size`, `metadata`, `created_at`, `updated_at`) VALUES ('61', '61', '61', 'Tempore voluptas ad magni doloremque. Hic quia distinctio est. Nihil dolores ut autem laborum totam et. Qui deserunt ut est voluptate omnis laudantium perferendis. Aut vel nobis quae sunt.', 'nam', 9344, NULL, '1977-04-23 23:05:11', '1996-10-16 22:01:10');
INSERT INTO `media` (`id`, `media_type_id`, `user_id`, `body`, `filename`, `size`, `metadata`, `created_at`, `updated_at`) VALUES ('62', '62', '62', 'In officia earum itaque consequuntur necessitatibus. Doloribus qui dicta odio. Mollitia et veritatis et reiciendis dolor. Ea nihil aut ducimus modi omnis quo aspernatur officiis.', 'qui', 4319, NULL, '2008-10-26 22:52:33', '1971-10-21 11:52:07');
INSERT INTO `media` (`id`, `media_type_id`, `user_id`, `body`, `filename`, `size`, `metadata`, `created_at`, `updated_at`) VALUES ('63', '63', '63', 'Veniam quisquam est dolores et molestiae laudantium est. Id velit assumenda asperiores excepturi sit. Doloribus illo qui eveniet deleniti odit sed. Voluptas doloremque sit similique odio.', 'cupiditate', 1306, NULL, '1982-08-28 21:30:25', '1970-11-25 20:24:34');
INSERT INTO `media` (`id`, `media_type_id`, `user_id`, `body`, `filename`, `size`, `metadata`, `created_at`, `updated_at`) VALUES ('64', '64', '64', 'Beatae est qui magni ea. Dignissimos quod optio ad. Neque sunt et aliquam assumenda perferendis quod.', 'tempora', 58076, NULL, '1988-12-19 08:29:30', '2012-06-19 05:49:24');
INSERT INTO `media` (`id`, `media_type_id`, `user_id`, `body`, `filename`, `size`, `metadata`, `created_at`, `updated_at`) VALUES ('65', '65', '65', 'In consequatur pariatur sint ipsam tempora. Ut magni ut consequatur corrupti vel odit modi. Nihil asperiores magnam et quisquam. Blanditiis quo culpa architecto amet optio.', 'laudantium', 81, NULL, '1979-01-02 20:25:13', '1972-06-03 19:25:27');
INSERT INTO `media` (`id`, `media_type_id`, `user_id`, `body`, `filename`, `size`, `metadata`, `created_at`, `updated_at`) VALUES ('66', '66', '66', 'Soluta voluptas expedita exercitationem corporis. Voluptatem sit enim nobis voluptas. Voluptatem velit corrupti accusamus possimus quia deserunt placeat. Quas cumque occaecati ut ut ea.', 'ea', 15, NULL, '1985-02-27 19:08:57', '2012-04-01 23:12:37');
INSERT INTO `media` (`id`, `media_type_id`, `user_id`, `body`, `filename`, `size`, `metadata`, `created_at`, `updated_at`) VALUES ('67', '67', '67', 'Magnam illum eaque nemo tempora. Repellendus adipisci natus commodi voluptatem et cupiditate. Sint fugit perferendis aut voluptas. Sapiente sit architecto aut similique animi. Earum consequatur eligendi dolor sed.', 'adipisci', 0, NULL, '1989-11-11 23:11:27', '2005-01-18 10:30:46');
INSERT INTO `media` (`id`, `media_type_id`, `user_id`, `body`, `filename`, `size`, `metadata`, `created_at`, `updated_at`) VALUES ('68', '68', '68', 'Expedita sapiente sit quis ipsum amet. Nemo ipsum facere doloribus voluptatem. Placeat fugiat ex tempora voluptas quod esse hic. Est esse vel quasi quis et quia.', 'ut', 399042278, NULL, '1971-02-21 15:57:08', '1975-10-29 16:11:05');
INSERT INTO `media` (`id`, `media_type_id`, `user_id`, `body`, `filename`, `size`, `metadata`, `created_at`, `updated_at`) VALUES ('69', '69', '69', 'Facilis aut ullam ducimus delectus. Voluptatem ut totam ipsam aut et expedita deserunt aut. Quia consectetur sequi quo itaque.', 'error', 276, NULL, '1978-01-21 01:46:16', '1993-02-04 10:48:47');
INSERT INTO `media` (`id`, `media_type_id`, `user_id`, `body`, `filename`, `size`, `metadata`, `created_at`, `updated_at`) VALUES ('70', '70', '70', 'Ex ut quos minima porro libero sint placeat. Non nam eveniet amet aut. Aut tempore officia neque dolores id. Quisquam nulla id placeat alias laudantium omnis ipsa.', 'voluptas', 0, NULL, '2001-12-31 18:33:35', '1974-08-03 13:47:55');
INSERT INTO `media` (`id`, `media_type_id`, `user_id`, `body`, `filename`, `size`, `metadata`, `created_at`, `updated_at`) VALUES ('71', '71', '71', 'Quis aspernatur aut optio aut maxime. Maiores id dolores doloremque autem. Officia error nemo velit dolor temporibus quasi.', 'non', 1, NULL, '1982-05-18 12:15:07', '1987-12-04 14:44:22');
INSERT INTO `media` (`id`, `media_type_id`, `user_id`, `body`, `filename`, `size`, `metadata`, `created_at`, `updated_at`) VALUES ('72', '72', '72', 'Et autem sint rerum tempora dolor. Voluptas ipsum voluptates at reiciendis aliquam placeat.', 'voluptatem', 0, NULL, '2009-03-29 22:22:57', '1981-01-20 12:25:26');
INSERT INTO `media` (`id`, `media_type_id`, `user_id`, `body`, `filename`, `size`, `metadata`, `created_at`, `updated_at`) VALUES ('73', '73', '73', 'Enim rem nihil inventore mollitia incidunt. Praesentium unde optio debitis mollitia sed dolores non libero. In impedit nihil deleniti voluptas dolorem. Ipsa tempora est molestiae soluta dolor asperiores ipsa.', 'est', 760, NULL, '1983-11-28 12:38:56', '2019-02-19 08:07:15');
INSERT INTO `media` (`id`, `media_type_id`, `user_id`, `body`, `filename`, `size`, `metadata`, `created_at`, `updated_at`) VALUES ('74', '74', '74', 'Ea ut culpa eos. Quae aut natus eaque est explicabo delectus est. Quidem sunt non est ratione aut aut. Id et nulla velit repellat. Et ipsa iure dolor.', 'fuga', 1550, NULL, '1980-07-04 08:39:06', '1978-05-12 04:51:24');
INSERT INTO `media` (`id`, `media_type_id`, `user_id`, `body`, `filename`, `size`, `metadata`, `created_at`, `updated_at`) VALUES ('75', '75', '75', 'Esse itaque reprehenderit iusto sit nulla ut eveniet. Ut tenetur magni veritatis harum est tempora ab. Placeat quod unde velit sunt dicta qui. Laudantium quisquam ut consequatur at. Quod vel eum autem eum quis facere libero.', 'minus', 12728462, NULL, '1972-07-02 17:15:23', '1988-09-04 17:32:26');
INSERT INTO `media` (`id`, `media_type_id`, `user_id`, `body`, `filename`, `size`, `metadata`, `created_at`, `updated_at`) VALUES ('76', '76', '76', 'Voluptas qui numquam facilis est laborum perferendis voluptatum. Nihil dolorum quo quisquam et dolore. Voluptatibus consequatur cum aut corrupti provident corrupti.', 'accusamus', 497945, NULL, '1973-01-01 08:10:21', '1983-04-21 06:00:37');
INSERT INTO `media` (`id`, `media_type_id`, `user_id`, `body`, `filename`, `size`, `metadata`, `created_at`, `updated_at`) VALUES ('77', '77', '77', 'Tempore beatae hic necessitatibus illum natus ut. Eaque facilis esse dolorum sapiente et. Nesciunt repellendus quos doloremque eaque facere qui omnis. Dolore veniam quo quas expedita eius esse. Aut numquam debitis in odio quis.', 'totam', 139, NULL, '1991-03-02 21:03:08', '2019-11-27 10:15:16');
INSERT INTO `media` (`id`, `media_type_id`, `user_id`, `body`, `filename`, `size`, `metadata`, `created_at`, `updated_at`) VALUES ('78', '78', '78', 'Culpa quis qui id dignissimos. Illo voluptatem modi expedita reprehenderit eaque est quibusdam. Ut impedit unde sapiente.', 'fugit', 65687, NULL, '1999-09-10 05:30:25', '1972-01-25 07:16:22');
INSERT INTO `media` (`id`, `media_type_id`, `user_id`, `body`, `filename`, `size`, `metadata`, `created_at`, `updated_at`) VALUES ('79', '79', '79', 'Provident dignissimos eligendi qui soluta. Provident enim ut et odit. Sint cupiditate culpa et.', 'saepe', 5, NULL, '2009-06-25 20:00:40', '2014-04-13 15:40:13');
INSERT INTO `media` (`id`, `media_type_id`, `user_id`, `body`, `filename`, `size`, `metadata`, `created_at`, `updated_at`) VALUES ('80', '80', '80', 'Sunt maxime tempore laboriosam ad repellendus nemo. Magnam delectus distinctio quia pariatur. Dolorem sed qui voluptatem voluptatem tempora eveniet voluptatem. Accusamus impedit dicta inventore.', 'atque', 22, NULL, '2016-01-01 12:49:16', '1980-09-29 22:09:16');
INSERT INTO `media` (`id`, `media_type_id`, `user_id`, `body`, `filename`, `size`, `metadata`, `created_at`, `updated_at`) VALUES ('81', '81', '81', 'Rerum perferendis a ullam perferendis veritatis voluptatem sit. Nostrum enim officiis culpa temporibus. Et porro et voluptas voluptas tenetur.', 'quo', 9640, NULL, '2005-11-08 18:01:38', '2015-02-22 19:38:53');
INSERT INTO `media` (`id`, `media_type_id`, `user_id`, `body`, `filename`, `size`, `metadata`, `created_at`, `updated_at`) VALUES ('82', '82', '82', 'Quod quos tempore sint molestiae. Natus est praesentium nemo dolor dolorem repellat. Perspiciatis autem quam et id beatae beatae. Odit consectetur illum excepturi consequatur voluptates officia aperiam.', 'ea', 9, NULL, '2015-03-07 06:03:02', '2012-01-27 13:01:13');
INSERT INTO `media` (`id`, `media_type_id`, `user_id`, `body`, `filename`, `size`, `metadata`, `created_at`, `updated_at`) VALUES ('83', '83', '83', 'Dolore distinctio dolores inventore illum. Incidunt eaque nihil id laborum et. Quibusdam tempore vitae reprehenderit voluptatum atque quam.', 'dolor', 6136, NULL, '1990-01-19 21:20:56', '2016-09-29 18:07:59');
INSERT INTO `media` (`id`, `media_type_id`, `user_id`, `body`, `filename`, `size`, `metadata`, `created_at`, `updated_at`) VALUES ('84', '84', '84', 'Perferendis vel non iure. Voluptas ut explicabo et vitae est. Et cumque nihil optio natus ut rerum omnis aliquam.', 'quis', 12, NULL, '1998-05-15 13:57:18', '2010-08-23 02:28:32');
INSERT INTO `media` (`id`, `media_type_id`, `user_id`, `body`, `filename`, `size`, `metadata`, `created_at`, `updated_at`) VALUES ('85', '85', '85', 'Tenetur voluptatum tenetur laborum atque quo. Nihil amet voluptas sunt. Praesentium quo rerum nam odit numquam voluptatem. Sit molestiae perferendis id omnis natus dolorem aut. Et aspernatur sit molestiae veritatis.', 'maiores', 7819346, NULL, '2019-06-18 17:01:24', '2019-03-10 15:57:12');
INSERT INTO `media` (`id`, `media_type_id`, `user_id`, `body`, `filename`, `size`, `metadata`, `created_at`, `updated_at`) VALUES ('86', '86', '86', 'Earum accusamus voluptatem ex in qui vel. Et inventore illo doloribus ut aut. Est est labore dolor laudantium incidunt quis. Doloribus ut est atque et est. Laborum repellendus voluptatem eveniet eveniet.', 'natus', 93512417, NULL, '1988-09-29 12:52:00', '2012-02-12 08:41:35');
INSERT INTO `media` (`id`, `media_type_id`, `user_id`, `body`, `filename`, `size`, `metadata`, `created_at`, `updated_at`) VALUES ('87', '87', '87', 'Et quia libero sed modi esse dolore animi. Magni deleniti reprehenderit dolores tempora. A repellat quis et sint sed et.', 'provident', 724868, NULL, '2011-05-19 12:58:04', '1972-04-27 19:58:49');
INSERT INTO `media` (`id`, `media_type_id`, `user_id`, `body`, `filename`, `size`, `metadata`, `created_at`, `updated_at`) VALUES ('88', '88', '88', 'Harum quidem reprehenderit sit est quos odio explicabo. Dolores possimus beatae facere exercitationem autem autem fuga ut.', 'et', 3859, NULL, '2007-04-29 07:59:44', '2008-04-15 12:52:53');
INSERT INTO `media` (`id`, `media_type_id`, `user_id`, `body`, `filename`, `size`, `metadata`, `created_at`, `updated_at`) VALUES ('89', '89', '89', 'Maxime quis odio quod. Ut minus nisi molestiae praesentium iste et. Cupiditate quas cupiditate exercitationem. Ut libero numquam quo aut iure.', 'molestiae', 4911189, NULL, '1978-03-31 00:42:21', '1996-04-23 23:05:13');
INSERT INTO `media` (`id`, `media_type_id`, `user_id`, `body`, `filename`, `size`, `metadata`, `created_at`, `updated_at`) VALUES ('90', '90', '90', 'Dolor velit maxime ut possimus vel ipsum dolore. Illum eveniet rerum velit reprehenderit qui.', 'nihil', 2940, NULL, '1973-08-11 08:07:11', '2007-01-02 09:58:39');
INSERT INTO `media` (`id`, `media_type_id`, `user_id`, `body`, `filename`, `size`, `metadata`, `created_at`, `updated_at`) VALUES ('91', '91', '91', 'Rerum provident ut iste et et aut ut. Eum laudantium voluptatem exercitationem. Magnam dolor blanditiis non est ipsum.', 'doloremque', 14, NULL, '2019-09-04 02:56:44', '1972-05-13 14:53:35');
INSERT INTO `media` (`id`, `media_type_id`, `user_id`, `body`, `filename`, `size`, `metadata`, `created_at`, `updated_at`) VALUES ('92', '92', '92', 'Deserunt eveniet eius et at. Ipsa tempora ab deleniti et. Et magnam aut accusantium cupiditate.', 'voluptas', 0, NULL, '1996-10-14 15:41:06', '2018-07-12 14:42:22');
INSERT INTO `media` (`id`, `media_type_id`, `user_id`, `body`, `filename`, `size`, `metadata`, `created_at`, `updated_at`) VALUES ('93', '93', '93', 'Eum veritatis dolorem expedita maxime quia. Maiores vero non tempore incidunt ullam adipisci. Minus beatae et voluptate et. Dicta laudantium omnis sit aut.', 'nisi', 35872, NULL, '1978-07-09 00:56:50', '1972-06-15 03:34:57');
INSERT INTO `media` (`id`, `media_type_id`, `user_id`, `body`, `filename`, `size`, `metadata`, `created_at`, `updated_at`) VALUES ('94', '94', '94', 'Magni harum quam itaque quae est ipsum. Provident distinctio expedita vel aut voluptatem commodi. Accusantium cupiditate est commodi autem alias impedit. Hic excepturi rem officia animi voluptatem molestiae cumque.', 'voluptas', 726267898, NULL, '1981-06-23 00:22:37', '1983-06-06 07:08:41');
INSERT INTO `media` (`id`, `media_type_id`, `user_id`, `body`, `filename`, `size`, `metadata`, `created_at`, `updated_at`) VALUES ('95', '95', '95', 'Voluptatem cupiditate sapiente ut labore exercitationem ratione voluptatem autem. Assumenda ut iusto sequi modi. Ipsa occaecati enim qui omnis est itaque. Consectetur et est qui.', 'quidem', 2, NULL, '1992-11-23 22:35:05', '1972-03-19 20:11:10');
INSERT INTO `media` (`id`, `media_type_id`, `user_id`, `body`, `filename`, `size`, `metadata`, `created_at`, `updated_at`) VALUES ('96', '96', '96', 'Vero rem optio qui dignissimos repellat ut. Quo aperiam veniam repellendus labore voluptas. Pariatur rerum numquam eum dolores itaque sit non illo. Non culpa quaerat deserunt sed aut perferendis.', 'recusandae', 7391712, NULL, '1997-11-05 21:34:05', '1975-04-30 12:15:09');
INSERT INTO `media` (`id`, `media_type_id`, `user_id`, `body`, `filename`, `size`, `metadata`, `created_at`, `updated_at`) VALUES ('97', '97', '97', 'Tempore totam nobis reiciendis vel. Enim ipsam vel nihil natus inventore dolor fugiat. Ex consequuntur officia modi odio tempora minus porro omnis. Et qui voluptate doloribus.', 'magnam', 6, NULL, '2012-01-18 20:10:39', '1980-09-12 16:49:58');
INSERT INTO `media` (`id`, `media_type_id`, `user_id`, `body`, `filename`, `size`, `metadata`, `created_at`, `updated_at`) VALUES ('98', '98', '98', 'Voluptatem sunt recusandae suscipit similique labore est. Deleniti et laborum a earum. Aperiam iusto non cum consequatur dolorem.', 'est', 7843979, NULL, '1981-04-03 08:33:19', '2001-06-05 11:40:47');
INSERT INTO `media` (`id`, `media_type_id`, `user_id`, `body`, `filename`, `size`, `metadata`, `created_at`, `updated_at`) VALUES ('99', '99', '99', 'Sequi voluptatibus laborum ducimus vel repellat accusamus. Alias aut est alias quos id. Neque veniam pariatur at ea velit odit et.', 'et', 1161548, NULL, '1994-03-31 23:26:19', '1995-03-09 03:42:49');
INSERT INTO `media` (`id`, `media_type_id`, `user_id`, `body`, `filename`, `size`, `metadata`, `created_at`, `updated_at`) VALUES ('100', '100', '100', 'Rerum amet dolores voluptas omnis rem. Aperiam temporibus et rem ratione facilis qui alias. Iusto sunt sunt est numquam pariatur.', 'sit', 672, NULL, '1970-11-03 21:33:05', '1991-11-11 03:54:30');




#
# TABLE STRUCTURE FOR: likes
#

DROP TABLE IF EXISTS `likes`;

CREATE TABLE `likes` (
  `id` bigint(20) unsigned NOT NULL AUTO_INCREMENT,
  `user_id` bigint(20) unsigned NOT NULL,
  `media_id` bigint(20) unsigned NOT NULL,
  `created_at` datetime DEFAULT current_timestamp(),
  PRIMARY KEY (`id`),
  KEY `user_id` (`user_id`),
  KEY `media_id` (`media_id`),
  CONSTRAINT `likes_ibfk_1` FOREIGN KEY (`user_id`) REFERENCES `users` (`id`),
  CONSTRAINT `likes_ibfk_2` FOREIGN KEY (`media_id`) REFERENCES `media` (`id`)
) ENGINE=InnoDB AUTO_INCREMENT=101 DEFAULT CHARSET=utf8 COLLATE=utf8_unicode_ci;

INSERT INTO `likes` (`id`, `user_id`, `media_id`, `created_at`) VALUES ('1', '1', '1', '1984-02-26 20:26:54');
INSERT INTO `likes` (`id`, `user_id`, `media_id`, `created_at`) VALUES ('2', '2', '2', '2005-10-11 18:11:54');
INSERT INTO `likes` (`id`, `user_id`, `media_id`, `created_at`) VALUES ('3', '3', '3', '1984-03-12 20:03:55');
INSERT INTO `likes` (`id`, `user_id`, `media_id`, `created_at`) VALUES ('4', '4', '4', '2001-01-17 21:18:26');
INSERT INTO `likes` (`id`, `user_id`, `media_id`, `created_at`) VALUES ('5', '5', '5', '2007-05-09 11:25:59');
INSERT INTO `likes` (`id`, `user_id`, `media_id`, `created_at`) VALUES ('6', '6', '6', '1996-02-15 01:25:56');
INSERT INTO `likes` (`id`, `user_id`, `media_id`, `created_at`) VALUES ('7', '7', '7', '2018-05-30 00:58:18');
INSERT INTO `likes` (`id`, `user_id`, `media_id`, `created_at`) VALUES ('8', '8', '8', '1998-10-01 15:12:03');
INSERT INTO `likes` (`id`, `user_id`, `media_id`, `created_at`) VALUES ('9', '9', '9', '1999-01-25 15:08:05');
INSERT INTO `likes` (`id`, `user_id`, `media_id`, `created_at`) VALUES ('10', '10', '10', '1978-09-27 13:45:23');
INSERT INTO `likes` (`id`, `user_id`, `media_id`, `created_at`) VALUES ('11', '11', '11', '2007-05-27 23:28:40');
INSERT INTO `likes` (`id`, `user_id`, `media_id`, `created_at`) VALUES ('12', '12', '12', '1972-01-05 02:36:58');
INSERT INTO `likes` (`id`, `user_id`, `media_id`, `created_at`) VALUES ('13', '13', '13', '2004-06-13 22:26:05');
INSERT INTO `likes` (`id`, `user_id`, `media_id`, `created_at`) VALUES ('14', '14', '14', '1975-06-30 23:53:07');
INSERT INTO `likes` (`id`, `user_id`, `media_id`, `created_at`) VALUES ('15', '15', '15', '1990-01-28 01:34:44');
INSERT INTO `likes` (`id`, `user_id`, `media_id`, `created_at`) VALUES ('16', '16', '16', '2008-07-10 03:33:59');
INSERT INTO `likes` (`id`, `user_id`, `media_id`, `created_at`) VALUES ('17', '17', '17', '2008-02-02 08:28:45');
INSERT INTO `likes` (`id`, `user_id`, `media_id`, `created_at`) VALUES ('18', '18', '18', '1975-08-15 11:09:17');
INSERT INTO `likes` (`id`, `user_id`, `media_id`, `created_at`) VALUES ('19', '19', '19', '1995-09-17 02:08:12');
INSERT INTO `likes` (`id`, `user_id`, `media_id`, `created_at`) VALUES ('20', '20', '20', '1992-05-15 12:05:37');
INSERT INTO `likes` (`id`, `user_id`, `media_id`, `created_at`) VALUES ('21', '21', '21', '1973-11-19 00:10:35');
INSERT INTO `likes` (`id`, `user_id`, `media_id`, `created_at`) VALUES ('22', '22', '22', '2018-10-02 08:32:46');
INSERT INTO `likes` (`id`, `user_id`, `media_id`, `created_at`) VALUES ('23', '23', '23', '2012-04-14 08:04:16');
INSERT INTO `likes` (`id`, `user_id`, `media_id`, `created_at`) VALUES ('24', '24', '24', '1982-05-02 07:28:03');
INSERT INTO `likes` (`id`, `user_id`, `media_id`, `created_at`) VALUES ('25', '25', '25', '1992-07-15 23:21:35');
INSERT INTO `likes` (`id`, `user_id`, `media_id`, `created_at`) VALUES ('26', '26', '26', '2008-06-11 00:06:19');
INSERT INTO `likes` (`id`, `user_id`, `media_id`, `created_at`) VALUES ('27', '27', '27', '2004-06-02 10:32:57');
INSERT INTO `likes` (`id`, `user_id`, `media_id`, `created_at`) VALUES ('28', '28', '28', '1990-09-08 14:36:32');
INSERT INTO `likes` (`id`, `user_id`, `media_id`, `created_at`) VALUES ('29', '29', '29', '1973-08-17 15:44:04');
INSERT INTO `likes` (`id`, `user_id`, `media_id`, `created_at`) VALUES ('30', '30', '30', '2002-05-26 13:49:44');
INSERT INTO `likes` (`id`, `user_id`, `media_id`, `created_at`) VALUES ('31', '31', '31', '2013-11-01 04:39:12');
INSERT INTO `likes` (`id`, `user_id`, `media_id`, `created_at`) VALUES ('32', '32', '32', '1971-06-02 06:04:39');
INSERT INTO `likes` (`id`, `user_id`, `media_id`, `created_at`) VALUES ('33', '33', '33', '1977-08-18 16:44:48');
INSERT INTO `likes` (`id`, `user_id`, `media_id`, `created_at`) VALUES ('34', '34', '34', '2012-01-13 07:21:39');
INSERT INTO `likes` (`id`, `user_id`, `media_id`, `created_at`) VALUES ('35', '35', '35', '2007-01-27 07:55:27');
INSERT INTO `likes` (`id`, `user_id`, `media_id`, `created_at`) VALUES ('36', '36', '36', '2020-04-02 20:50:32');
INSERT INTO `likes` (`id`, `user_id`, `media_id`, `created_at`) VALUES ('37', '37', '37', '1986-07-02 09:16:26');
INSERT INTO `likes` (`id`, `user_id`, `media_id`, `created_at`) VALUES ('38', '38', '38', '1975-09-15 12:02:12');
INSERT INTO `likes` (`id`, `user_id`, `media_id`, `created_at`) VALUES ('39', '39', '39', '2001-09-15 12:01:33');
INSERT INTO `likes` (`id`, `user_id`, `media_id`, `created_at`) VALUES ('40', '40', '40', '2019-01-03 23:31:17');
INSERT INTO `likes` (`id`, `user_id`, `media_id`, `created_at`) VALUES ('41', '41', '41', '1982-01-21 03:01:15');
INSERT INTO `likes` (`id`, `user_id`, `media_id`, `created_at`) VALUES ('42', '42', '42', '1970-10-15 08:16:36');
INSERT INTO `likes` (`id`, `user_id`, `media_id`, `created_at`) VALUES ('43', '43', '43', '2016-11-21 21:26:36');
INSERT INTO `likes` (`id`, `user_id`, `media_id`, `created_at`) VALUES ('44', '44', '44', '1982-12-18 20:12:09');
INSERT INTO `likes` (`id`, `user_id`, `media_id`, `created_at`) VALUES ('45', '45', '45', '1988-04-05 22:32:21');
INSERT INTO `likes` (`id`, `user_id`, `media_id`, `created_at`) VALUES ('46', '46', '46', '1995-12-22 06:04:19');
INSERT INTO `likes` (`id`, `user_id`, `media_id`, `created_at`) VALUES ('47', '47', '47', '1986-02-27 14:17:13');
INSERT INTO `likes` (`id`, `user_id`, `media_id`, `created_at`) VALUES ('48', '48', '48', '1974-08-14 09:12:23');
INSERT INTO `likes` (`id`, `user_id`, `media_id`, `created_at`) VALUES ('49', '49', '49', '1977-09-23 23:47:11');
INSERT INTO `likes` (`id`, `user_id`, `media_id`, `created_at`) VALUES ('50', '50', '50', '1985-04-26 00:05:51');
INSERT INTO `likes` (`id`, `user_id`, `media_id`, `created_at`) VALUES ('51', '51', '51', '1993-09-09 14:09:36');
INSERT INTO `likes` (`id`, `user_id`, `media_id`, `created_at`) VALUES ('52', '52', '52', '2005-11-09 09:33:20');
INSERT INTO `likes` (`id`, `user_id`, `media_id`, `created_at`) VALUES ('53', '53', '53', '1993-05-21 23:24:58');
INSERT INTO `likes` (`id`, `user_id`, `media_id`, `created_at`) VALUES ('54', '54', '54', '1988-09-16 20:13:10');
INSERT INTO `likes` (`id`, `user_id`, `media_id`, `created_at`) VALUES ('55', '55', '55', '1973-10-16 17:13:00');
INSERT INTO `likes` (`id`, `user_id`, `media_id`, `created_at`) VALUES ('56', '56', '56', '2008-10-17 09:43:30');
INSERT INTO `likes` (`id`, `user_id`, `media_id`, `created_at`) VALUES ('57', '57', '57', '2017-06-26 19:33:52');
INSERT INTO `likes` (`id`, `user_id`, `media_id`, `created_at`) VALUES ('58', '58', '58', '2020-04-09 06:36:17');
INSERT INTO `likes` (`id`, `user_id`, `media_id`, `created_at`) VALUES ('59', '59', '59', '1973-09-22 15:59:34');
INSERT INTO `likes` (`id`, `user_id`, `media_id`, `created_at`) VALUES ('60', '60', '60', '1972-03-25 15:16:31');
INSERT INTO `likes` (`id`, `user_id`, `media_id`, `created_at`) VALUES ('61', '61', '61', '2017-01-22 11:59:53');
INSERT INTO `likes` (`id`, `user_id`, `media_id`, `created_at`) VALUES ('62', '62', '62', '2010-08-01 07:34:34');
INSERT INTO `likes` (`id`, `user_id`, `media_id`, `created_at`) VALUES ('63', '63', '63', '1994-07-16 15:07:34');
INSERT INTO `likes` (`id`, `user_id`, `media_id`, `created_at`) VALUES ('64', '64', '64', '1992-12-08 11:22:20');
INSERT INTO `likes` (`id`, `user_id`, `media_id`, `created_at`) VALUES ('65', '65', '65', '1988-05-28 19:54:12');
INSERT INTO `likes` (`id`, `user_id`, `media_id`, `created_at`) VALUES ('66', '66', '66', '2012-10-14 23:56:53');
INSERT INTO `likes` (`id`, `user_id`, `media_id`, `created_at`) VALUES ('67', '67', '67', '1994-12-08 08:32:00');
INSERT INTO `likes` (`id`, `user_id`, `media_id`, `created_at`) VALUES ('68', '68', '68', '1988-12-24 10:24:55');
INSERT INTO `likes` (`id`, `user_id`, `media_id`, `created_at`) VALUES ('69', '69', '69', '1980-10-24 19:57:15');
INSERT INTO `likes` (`id`, `user_id`, `media_id`, `created_at`) VALUES ('70', '70', '70', '2007-09-20 18:43:34');
INSERT INTO `likes` (`id`, `user_id`, `media_id`, `created_at`) VALUES ('71', '71', '71', '1985-06-09 19:33:55');
INSERT INTO `likes` (`id`, `user_id`, `media_id`, `created_at`) VALUES ('72', '72', '72', '2003-07-02 15:20:57');
INSERT INTO `likes` (`id`, `user_id`, `media_id`, `created_at`) VALUES ('73', '73', '73', '1977-05-14 08:19:30');
INSERT INTO `likes` (`id`, `user_id`, `media_id`, `created_at`) VALUES ('74', '74', '74', '1981-04-17 00:33:02');
INSERT INTO `likes` (`id`, `user_id`, `media_id`, `created_at`) VALUES ('75', '75', '75', '1971-01-25 20:20:24');
INSERT INTO `likes` (`id`, `user_id`, `media_id`, `created_at`) VALUES ('76', '76', '76', '1975-05-21 21:07:38');
INSERT INTO `likes` (`id`, `user_id`, `media_id`, `created_at`) VALUES ('77', '77', '77', '2014-12-24 23:51:37');
INSERT INTO `likes` (`id`, `user_id`, `media_id`, `created_at`) VALUES ('78', '78', '78', '2003-12-25 17:13:29');
INSERT INTO `likes` (`id`, `user_id`, `media_id`, `created_at`) VALUES ('79', '79', '79', '1974-08-11 07:25:42');
INSERT INTO `likes` (`id`, `user_id`, `media_id`, `created_at`) VALUES ('80', '80', '80', '1972-08-07 20:33:00');
INSERT INTO `likes` (`id`, `user_id`, `media_id`, `created_at`) VALUES ('81', '81', '81', '2019-10-02 06:29:48');
INSERT INTO `likes` (`id`, `user_id`, `media_id`, `created_at`) VALUES ('82', '82', '82', '1998-11-03 13:35:12');
INSERT INTO `likes` (`id`, `user_id`, `media_id`, `created_at`) VALUES ('83', '83', '83', '1989-07-11 12:22:01');
INSERT INTO `likes` (`id`, `user_id`, `media_id`, `created_at`) VALUES ('84', '84', '84', '2013-10-10 16:41:53');
INSERT INTO `likes` (`id`, `user_id`, `media_id`, `created_at`) VALUES ('85', '85', '85', '2015-07-22 19:28:32');
INSERT INTO `likes` (`id`, `user_id`, `media_id`, `created_at`) VALUES ('86', '86', '86', '1974-01-23 15:46:02');
INSERT INTO `likes` (`id`, `user_id`, `media_id`, `created_at`) VALUES ('87', '87', '87', '1980-12-28 03:38:08');
INSERT INTO `likes` (`id`, `user_id`, `media_id`, `created_at`) VALUES ('88', '88', '88', '1970-10-06 03:47:22');
INSERT INTO `likes` (`id`, `user_id`, `media_id`, `created_at`) VALUES ('89', '89', '89', '2016-02-01 13:07:20');
INSERT INTO `likes` (`id`, `user_id`, `media_id`, `created_at`) VALUES ('90', '90', '90', '1992-01-25 10:02:15');
INSERT INTO `likes` (`id`, `user_id`, `media_id`, `created_at`) VALUES ('91', '91', '91', '1973-11-04 19:35:59');
INSERT INTO `likes` (`id`, `user_id`, `media_id`, `created_at`) VALUES ('92', '92', '92', '1995-12-29 13:16:52');
INSERT INTO `likes` (`id`, `user_id`, `media_id`, `created_at`) VALUES ('93', '93', '93', '1972-06-08 18:19:19');
INSERT INTO `likes` (`id`, `user_id`, `media_id`, `created_at`) VALUES ('94', '94', '94', '1981-11-30 19:21:48');
INSERT INTO `likes` (`id`, `user_id`, `media_id`, `created_at`) VALUES ('95', '95', '95', '2006-10-07 15:44:05');
INSERT INTO `likes` (`id`, `user_id`, `media_id`, `created_at`) VALUES ('96', '96', '96', '2016-05-17 22:10:15');
INSERT INTO `likes` (`id`, `user_id`, `media_id`, `created_at`) VALUES ('97', '97', '97', '1987-10-17 09:42:50');
INSERT INTO `likes` (`id`, `user_id`, `media_id`, `created_at`) VALUES ('98', '98', '98', '1991-11-08 05:32:11');
INSERT INTO `likes` (`id`, `user_id`, `media_id`, `created_at`) VALUES ('99', '99', '99', '1980-06-05 08:55:56');
INSERT INTO `likes` (`id`, `user_id`, `media_id`, `created_at`) VALUES ('100', '100', '100', '1990-06-26 00:43:19');


#
# TABLE STRUCTURE FOR: messages
#

DROP TABLE IF EXISTS `messages`;

CREATE TABLE `messages` (
  `id` bigint(20) unsigned NOT NULL AUTO_INCREMENT,
  `from_user_id` bigint(20) unsigned NOT NULL,
  `to_user_id` bigint(20) unsigned NOT NULL,
  `body` text COLLATE utf8_unicode_ci DEFAULT NULL,
  `created_at` datetime DEFAULT current_timestamp(),
  PRIMARY KEY (`id`),
  KEY `messages_from_user_id` (`from_user_id`),
  KEY `messages_to_user_id` (`to_user_id`),
  CONSTRAINT `messages_ibfk_1` FOREIGN KEY (`from_user_id`) REFERENCES `users` (`id`),
  CONSTRAINT `messages_ibfk_2` FOREIGN KEY (`to_user_id`) REFERENCES `users` (`id`)
) ENGINE=InnoDB AUTO_INCREMENT=101 DEFAULT CHARSET=utf8 COLLATE=utf8_unicode_ci;

INSERT INTO `messages` (`id`, `from_user_id`, `to_user_id`, `body`, `created_at`) VALUES ('1', '1', '1', 'Dicta est ut sit qui dolores non autem aliquam. Soluta iusto ullam voluptatem nostrum enim. Tenetur voluptas dicta omnis nemo. At et dolorem alias dolorem.', '2015-09-06 10:48:29');
INSERT INTO `messages` (`id`, `from_user_id`, `to_user_id`, `body`, `created_at`) VALUES ('2', '2', '2', 'Veritatis eaque consectetur sunt voluptatem recusandae amet voluptas. Qui officiis qui aut natus molestias. Velit ex quae illum delectus nam praesentium facere.', '2019-04-13 17:14:22');
INSERT INTO `messages` (`id`, `from_user_id`, `to_user_id`, `body`, `created_at`) VALUES ('3', '3', '3', 'Deleniti sit maiores enim molestias nisi soluta quis quo. Quis similique quibusdam cupiditate eum magnam soluta asperiores. Atque neque id consequatur repellendus. Et occaecati saepe suscipit maiores sed ut numquam consequatur. Et ratione consequatur porro rerum et aperiam.', '2007-07-28 20:38:19');
INSERT INTO `messages` (`id`, `from_user_id`, `to_user_id`, `body`, `created_at`) VALUES ('4', '4', '4', 'Expedita aut rem et animi quo sit repudiandae. Aut rerum non consequatur a placeat nihil. Commodi eum magnam fugit nulla.', '1973-06-17 18:16:33');
INSERT INTO `messages` (`id`, `from_user_id`, `to_user_id`, `body`, `created_at`) VALUES ('5', '5', '5', 'Veritatis eum velit et voluptates consectetur. Enim eaque consequatur et velit ut.', '1989-08-29 01:39:12');
INSERT INTO `messages` (`id`, `from_user_id`, `to_user_id`, `body`, `created_at`) VALUES ('6', '6', '6', 'Sint ipsa voluptas sapiente minima consectetur et beatae. Doloremque ipsum qui quos blanditiis qui inventore cumque. Eum officia vel et ullam minima. Repudiandae est repudiandae nihil neque.', '1975-10-13 15:01:02');
INSERT INTO `messages` (`id`, `from_user_id`, `to_user_id`, `body`, `created_at`) VALUES ('7', '7', '7', 'Neque quas est quidem hic nulla provident. Tenetur quibusdam nostrum incidunt delectus velit. Eum sit nostrum totam exercitationem minima. Qui sint incidunt eos doloribus fuga repudiandae.', '1995-07-06 17:40:27');
INSERT INTO `messages` (`id`, `from_user_id`, `to_user_id`, `body`, `created_at`) VALUES ('8', '8', '8', 'Fuga libero rem labore. Illum facilis ut id quia non at laudantium. Qui est exercitationem dolorem veniam ad.', '1980-09-15 13:14:26');
INSERT INTO `messages` (`id`, `from_user_id`, `to_user_id`, `body`, `created_at`) VALUES ('9', '9', '9', 'Beatae sit deleniti et rerum. In iste qui eligendi consequatur aliquam. Expedita eum ut consequatur fugiat aut quia sunt.', '2005-06-09 21:32:00');
INSERT INTO `messages` (`id`, `from_user_id`, `to_user_id`, `body`, `created_at`) VALUES ('10', '10', '10', 'Maxime molestiae voluptas et fugiat totam doloribus in. Nostrum occaecati provident consectetur corrupti autem laudantium et. Impedit est alias et ipsa id eos eum.', '1987-11-10 04:29:27');
INSERT INTO `messages` (`id`, `from_user_id`, `to_user_id`, `body`, `created_at`) VALUES ('11', '11', '11', 'Sunt corporis et alias saepe architecto. Nam voluptates eius ut consequatur repellat pariatur. Illo fugit corporis ipsam quis. Deleniti explicabo quia placeat.', '1989-05-09 16:32:38');
INSERT INTO `messages` (`id`, `from_user_id`, `to_user_id`, `body`, `created_at`) VALUES ('12', '12', '12', 'Veniam atque repellendus quisquam et aperiam vel dolorem. Hic repellat dolorum accusantium hic. Ratione molestiae aliquid quia animi. Eius qui laborum necessitatibus expedita unde commodi.', '2004-10-15 17:25:14');
INSERT INTO `messages` (`id`, `from_user_id`, `to_user_id`, `body`, `created_at`) VALUES ('13', '13', '13', 'Eum corrupti facilis assumenda possimus commodi nostrum. Tempora aut qui est officia ipsam. Nobis cumque enim rem sint.', '2006-05-01 11:52:13');
INSERT INTO `messages` (`id`, `from_user_id`, `to_user_id`, `body`, `created_at`) VALUES ('14', '14', '14', 'Ex sint illo exercitationem voluptatum. Nisi earum voluptatum voluptatum dolore sed vel voluptatem omnis. Consequatur quisquam excepturi voluptatem voluptas aut et expedita. Tenetur et dolorem excepturi mollitia adipisci nobis deserunt.', '2016-07-01 10:53:24');
INSERT INTO `messages` (`id`, `from_user_id`, `to_user_id`, `body`, `created_at`) VALUES ('15', '15', '15', 'Deserunt molestias culpa laborum deserunt ab et error. Commodi tempore est sapiente odio blanditiis vero. Aut consequatur quisquam est ut. Voluptas in sint doloremque ab omnis distinctio explicabo.', '1999-05-30 08:26:49');
INSERT INTO `messages` (`id`, `from_user_id`, `to_user_id`, `body`, `created_at`) VALUES ('16', '16', '16', 'Enim rem dolores mollitia quasi aliquid. Voluptate cupiditate dolorum qui reprehenderit molestias repudiandae architecto velit. Sunt et et consequuntur nisi.', '1999-01-08 13:42:26');
INSERT INTO `messages` (`id`, `from_user_id`, `to_user_id`, `body`, `created_at`) VALUES ('17', '17', '17', 'Mollitia illum nostrum itaque nemo. Maxime asperiores sed deleniti quis eveniet quidem tenetur. Molestias quia eligendi soluta reprehenderit.', '2016-09-04 05:53:59');
INSERT INTO `messages` (`id`, `from_user_id`, `to_user_id`, `body`, `created_at`) VALUES ('18', '18', '18', 'Neque repudiandae nihil accusantium optio tenetur. Molestiae amet et id impedit. Quia beatae harum nihil iste quam et odit. Voluptatum totam doloribus sunt dolorem nemo eius. Nesciunt occaecati tempora esse omnis quo rerum similique.', '1997-12-26 10:37:46');
INSERT INTO `messages` (`id`, `from_user_id`, `to_user_id`, `body`, `created_at`) VALUES ('19', '19', '19', 'Necessitatibus quis sit harum labore iure consequatur. Et est animi saepe dolores porro aut unde. Quis aliquam sunt omnis dolorum.', '1980-06-26 21:00:10');
INSERT INTO `messages` (`id`, `from_user_id`, `to_user_id`, `body`, `created_at`) VALUES ('20', '20', '20', 'Esse dicta quod aspernatur. Dolore dolores ad enim voluptate velit. Necessitatibus doloribus maxime et quae. Amet deleniti autem quis delectus praesentium ipsam et.', '1990-03-06 04:01:31');
INSERT INTO `messages` (`id`, `from_user_id`, `to_user_id`, `body`, `created_at`) VALUES ('21', '21', '21', 'Iste quis occaecati officia nihil consequuntur quo aliquid. In repudiandae suscipit praesentium nulla eveniet consequatur. Sapiente ut porro numquam sed sed. Nemo voluptatem fuga odio molestiae. Tenetur voluptate soluta reiciendis eligendi.', '2003-09-12 05:59:42');
INSERT INTO `messages` (`id`, `from_user_id`, `to_user_id`, `body`, `created_at`) VALUES ('22', '22', '22', 'Aut deleniti impedit voluptas est. Minima culpa unde veritatis molestiae nisi. Fuga nisi sit cum consequuntur blanditiis quae.', '1994-10-12 13:32:00');
INSERT INTO `messages` (`id`, `from_user_id`, `to_user_id`, `body`, `created_at`) VALUES ('23', '23', '23', 'Deserunt nisi mollitia earum beatae voluptas. Ducimus minus maxime molestias placeat. Dolorum voluptatem perspiciatis magni quas.', '2016-07-22 23:51:32');
INSERT INTO `messages` (`id`, `from_user_id`, `to_user_id`, `body`, `created_at`) VALUES ('24', '24', '24', 'Ipsa labore adipisci modi. Neque placeat et ipsa facere.', '2005-12-29 16:22:25');
INSERT INTO `messages` (`id`, `from_user_id`, `to_user_id`, `body`, `created_at`) VALUES ('25', '25', '25', 'Beatae non eos esse harum sit aut quam. Occaecati optio neque enim eligendi dolores laboriosam. Iusto eius inventore impedit ipsum sequi voluptatem atque.', '1983-03-24 00:13:37');
INSERT INTO `messages` (`id`, `from_user_id`, `to_user_id`, `body`, `created_at`) VALUES ('26', '26', '26', 'Iure impedit facere unde eum aut rem. Harum excepturi cumque molestiae in fugit. Impedit numquam qui voluptas deleniti.', '2010-03-26 11:03:03');
INSERT INTO `messages` (`id`, `from_user_id`, `to_user_id`, `body`, `created_at`) VALUES ('27', '27', '27', 'Officia ut incidunt aliquam ut beatae quae quia. Quia repellat odit et vitae non. Eos qui amet blanditiis iure earum. Doloremque ipsum voluptas explicabo numquam dolor dolores.', '1991-04-27 23:41:40');
INSERT INTO `messages` (`id`, `from_user_id`, `to_user_id`, `body`, `created_at`) VALUES ('28', '28', '28', 'Reprehenderit deserunt consequuntur earum sed reiciendis. Ex quos qui consequatur sunt reprehenderit eligendi sed. Harum qui tenetur tempora eos odit ut adipisci.', '1984-08-12 16:02:31');
INSERT INTO `messages` (`id`, `from_user_id`, `to_user_id`, `body`, `created_at`) VALUES ('29', '29', '29', 'Corporis excepturi sed dignissimos aut explicabo. Qui in voluptas aut odio earum molestiae. Fugit perspiciatis quas saepe nemo velit. Rerum et vitae est nam repudiandae.', '2014-03-26 09:32:32');
INSERT INTO `messages` (`id`, `from_user_id`, `to_user_id`, `body`, `created_at`) VALUES ('30', '30', '30', 'Est amet rerum ut inventore natus sint aliquid. Ea laboriosam qui maxime tenetur. Possimus est quis maxime dolor quis magni. Placeat qui non optio doloribus deleniti.', '1999-10-10 12:57:28');
INSERT INTO `messages` (`id`, `from_user_id`, `to_user_id`, `body`, `created_at`) VALUES ('31', '31', '31', 'Neque consequuntur voluptatem reiciendis occaecati quia nobis nulla. Porro suscipit voluptatem ut enim tempora totam. Porro nihil saepe consectetur et doloribus. Minima autem sed velit excepturi numquam. Repellat ullam velit blanditiis aliquid ratione.', '1991-07-02 08:11:36');
INSERT INTO `messages` (`id`, `from_user_id`, `to_user_id`, `body`, `created_at`) VALUES ('32', '32', '32', 'Voluptatem illo nisi excepturi alias ad ab. Nesciunt sit dolor voluptatibus ut. Itaque beatae earum voluptatum quo non. Explicabo nihil quidem facilis perspiciatis beatae et quibusdam.', '1994-07-19 13:29:46');
INSERT INTO `messages` (`id`, `from_user_id`, `to_user_id`, `body`, `created_at`) VALUES ('33', '33', '33', 'Dolorem tempore blanditiis quis impedit. Id velit debitis quae quia qui et. Modi amet consequatur veritatis soluta quis ut. Earum qui non eum debitis ad placeat et.', '1977-10-27 11:34:07');
INSERT INTO `messages` (`id`, `from_user_id`, `to_user_id`, `body`, `created_at`) VALUES ('34', '34', '34', 'Dolores a est nulla nobis laboriosam qui autem. Ipsam culpa ipsum nisi accusantium commodi ipsa eligendi. Est et fugit et.', '1975-03-18 04:11:42');
INSERT INTO `messages` (`id`, `from_user_id`, `to_user_id`, `body`, `created_at`) VALUES ('35', '35', '35', 'Ullam ullam et molestias sed dolorem commodi. Omnis facilis aut autem voluptatum delectus. Iusto debitis et voluptates quia consequatur numquam. Quia animi sequi assumenda ab inventore.', '1999-03-16 19:28:27');
INSERT INTO `messages` (`id`, `from_user_id`, `to_user_id`, `body`, `created_at`) VALUES ('36', '36', '36', 'Earum saepe et qui totam. Sit numquam voluptatem fuga minus error explicabo. Perspiciatis et qui rerum ducimus est deserunt ut. Fugit iusto facilis qui consequuntur hic quos.', '1985-08-09 08:18:00');
INSERT INTO `messages` (`id`, `from_user_id`, `to_user_id`, `body`, `created_at`) VALUES ('37', '37', '37', 'Fuga ut quibusdam facere voluptas ipsum. Est optio quasi et laudantium et facere et illo. Fuga velit ipsa non eveniet.', '1976-03-24 23:36:03');
INSERT INTO `messages` (`id`, `from_user_id`, `to_user_id`, `body`, `created_at`) VALUES ('38', '38', '38', 'Saepe sunt aut vel rerum. Dignissimos dolores explicabo fugit error iure. Laborum voluptatem qui beatae. Eaque ad sunt et odit.', '2020-03-11 21:59:22');
INSERT INTO `messages` (`id`, `from_user_id`, `to_user_id`, `body`, `created_at`) VALUES ('39', '39', '39', 'Laboriosam ab dolores voluptatem voluptatem enim quia voluptas fugiat. Qui in corporis est delectus similique cumque voluptatem omnis. Enim fuga quod facilis dignissimos doloremque. Aut doloribus accusamus itaque consectetur rerum aut nihil.', '1996-05-07 03:53:40');
INSERT INTO `messages` (`id`, `from_user_id`, `to_user_id`, `body`, `created_at`) VALUES ('40', '40', '40', 'Ad voluptatem ratione exercitationem beatae. Corporis quae qui expedita rerum nobis assumenda. Velit et quas rerum iure. Et necessitatibus sunt voluptate qui.', '1998-08-14 18:34:22');
INSERT INTO `messages` (`id`, `from_user_id`, `to_user_id`, `body`, `created_at`) VALUES ('41', '41', '41', 'Aut amet consequuntur facere ad quis inventore. Aperiam quasi sapiente in aut harum dolores optio. Sed quia non aut quia labore.', '1997-11-29 20:39:21');
INSERT INTO `messages` (`id`, `from_user_id`, `to_user_id`, `body`, `created_at`) VALUES ('42', '42', '42', 'Excepturi quo explicabo dolorem optio ducimus quod harum. In tenetur vel recusandae unde.', '1992-12-08 07:19:19');
INSERT INTO `messages` (`id`, `from_user_id`, `to_user_id`, `body`, `created_at`) VALUES ('43', '43', '43', 'Ea aliquid id labore deleniti explicabo veritatis non. Quis dolor dolores cupiditate et. Dolorem ut est qui et consequuntur corporis rerum officia. Ut et suscipit perferendis.', '1991-09-15 04:35:57');
INSERT INTO `messages` (`id`, `from_user_id`, `to_user_id`, `body`, `created_at`) VALUES ('44', '44', '44', 'Culpa quia unde et. Delectus corrupti dicta at sunt porro expedita ipsa ut. Voluptatibus corrupti aut iure necessitatibus officiis et.', '2008-10-20 05:45:58');
INSERT INTO `messages` (`id`, `from_user_id`, `to_user_id`, `body`, `created_at`) VALUES ('45', '45', '45', 'Rerum iste qui nulla unde nulla ut. Possimus voluptate provident in reprehenderit a sed. Itaque aut culpa modi ut quos dolore enim neque.', '1983-03-21 10:04:56');
INSERT INTO `messages` (`id`, `from_user_id`, `to_user_id`, `body`, `created_at`) VALUES ('46', '46', '46', 'Aut nostrum illum nemo perspiciatis ut ipsa sint cum. Enim aut quos non modi vel debitis. Ea id similique ullam cum totam neque.', '1984-06-09 00:45:26');
INSERT INTO `messages` (`id`, `from_user_id`, `to_user_id`, `body`, `created_at`) VALUES ('47', '47', '47', 'Et illum harum rerum debitis fuga ipsam maxime. Illum tenetur pariatur perspiciatis accusamus aspernatur non quam. Animi dolor debitis quisquam voluptatem autem dolor quo. A vel deserunt ipsum eius. Minima voluptas natus reiciendis dolore eius rerum.', '1996-01-30 11:42:31');
INSERT INTO `messages` (`id`, `from_user_id`, `to_user_id`, `body`, `created_at`) VALUES ('48', '48', '48', 'Amet architecto ex praesentium ad necessitatibus velit repellat. Maiores consequatur omnis tempora quia quis perspiciatis consectetur qui. Tenetur consequatur libero quo veritatis totam cumque alias. Itaque pariatur suscipit minima laborum exercitationem nulla.', '1991-04-05 20:53:29');
INSERT INTO `messages` (`id`, `from_user_id`, `to_user_id`, `body`, `created_at`) VALUES ('49', '49', '49', 'Velit vel reiciendis quae. Nobis quisquam rerum voluptas architecto ea minus perspiciatis iusto. Ad enim atque commodi explicabo. Ipsam quo facilis eum suscipit neque.', '2002-07-20 19:36:16');
INSERT INTO `messages` (`id`, `from_user_id`, `to_user_id`, `body`, `created_at`) VALUES ('50', '50', '50', 'Voluptatem ut doloribus qui autem. Et velit voluptatem in quod quia. Expedita et eum dicta nihil vel quidem veniam.', '2013-09-02 23:29:58');
INSERT INTO `messages` (`id`, `from_user_id`, `to_user_id`, `body`, `created_at`) VALUES ('51', '51', '51', 'Assumenda delectus nam omnis amet non molestiae dolorem. Modi vel dicta rerum ipsam nam incidunt praesentium. Laboriosam laborum quos optio debitis. Blanditiis ipsum est aut nisi ad sed.', '1985-08-23 00:30:27');
INSERT INTO `messages` (`id`, `from_user_id`, `to_user_id`, `body`, `created_at`) VALUES ('52', '52', '52', 'Voluptatem dolores sed et porro molestias odit. Dolorem distinctio et est cumque impedit. Incidunt veniam dolores perspiciatis. Incidunt et omnis nesciunt omnis consequuntur veritatis asperiores.', '2004-09-08 18:55:34');
INSERT INTO `messages` (`id`, `from_user_id`, `to_user_id`, `body`, `created_at`) VALUES ('53', '53', '53', 'Minus magni id aspernatur earum. A veniam ut nemo et nobis. Ullam et magnam harum at nihil asperiores.', '1979-02-20 17:14:31');
INSERT INTO `messages` (`id`, `from_user_id`, `to_user_id`, `body`, `created_at`) VALUES ('54', '54', '54', 'Cum corporis et eum quisquam enim necessitatibus. Voluptas ea beatae autem neque ut impedit et occaecati.', '2002-07-26 00:18:50');
INSERT INTO `messages` (`id`, `from_user_id`, `to_user_id`, `body`, `created_at`) VALUES ('55', '55', '55', 'Iste dignissimos voluptate consequuntur recusandae. Et enim et neque modi consequatur nihil sed. Nulla incidunt voluptatem ipsa quidem ratione. Omnis velit et voluptatibus sequi odio saepe.', '1989-09-06 00:01:55');
INSERT INTO `messages` (`id`, `from_user_id`, `to_user_id`, `body`, `created_at`) VALUES ('56', '56', '56', 'Facere omnis voluptatum alias voluptate facilis id praesentium. Et est debitis aspernatur expedita amet. Est ullam aut mollitia adipisci et consequatur.', '2005-06-28 10:11:03');
INSERT INTO `messages` (`id`, `from_user_id`, `to_user_id`, `body`, `created_at`) VALUES ('57', '57', '57', 'Rerum modi omnis ab aut. Dolores consequatur fuga quae ut reprehenderit. Tempore amet nihil unde enim eius tenetur recusandae autem. Excepturi molestias qui architecto non.', '2014-05-18 05:09:28');
INSERT INTO `messages` (`id`, `from_user_id`, `to_user_id`, `body`, `created_at`) VALUES ('58', '58', '58', 'Asperiores quia amet non itaque harum nihil. Id quo fuga provident quia blanditiis. Fugit ducimus neque omnis ullam.', '1991-06-06 09:41:23');
INSERT INTO `messages` (`id`, `from_user_id`, `to_user_id`, `body`, `created_at`) VALUES ('59', '59', '59', 'Perspiciatis non eaque asperiores et magni expedita. Dolor aspernatur quo minus est. Veniam hic perspiciatis veritatis minus qui. Commodi debitis consequatur explicabo beatae sequi sed.', '1979-10-05 03:19:50');
INSERT INTO `messages` (`id`, `from_user_id`, `to_user_id`, `body`, `created_at`) VALUES ('60', '60', '60', 'Voluptas rerum eos velit. Aut laboriosam illo aut et velit. Eius facere distinctio quia culpa saepe sit.', '2016-02-04 23:19:35');
INSERT INTO `messages` (`id`, `from_user_id`, `to_user_id`, `body`, `created_at`) VALUES ('61', '61', '61', 'Earum est beatae quos quis deserunt dolore. Quidem dolores libero pariatur aut adipisci natus quasi. Necessitatibus perferendis fugit repellendus.', '1994-12-03 07:09:51');
INSERT INTO `messages` (`id`, `from_user_id`, `to_user_id`, `body`, `created_at`) VALUES ('62', '62', '62', 'Quasi molestiae iste sunt dolor a. Et a minus fuga et amet. Id laboriosam dolore aut quisquam. Ut sit culpa minus quasi minus.', '1973-05-12 19:04:20');
INSERT INTO `messages` (`id`, `from_user_id`, `to_user_id`, `body`, `created_at`) VALUES ('63', '63', '63', 'Soluta voluptatem aut magnam maiores fugit. Debitis sunt deserunt voluptates ut fugit et. Ipsam rerum quia sint. Fugit necessitatibus repudiandae quia sequi expedita magnam accusamus.', '2013-04-28 01:41:16');
INSERT INTO `messages` (`id`, `from_user_id`, `to_user_id`, `body`, `created_at`) VALUES ('64', '64', '64', 'Voluptatem esse itaque ipsam explicabo. Iste qui ipsum maxime alias et aliquid et. Et quia voluptatem ratione voluptate. Amet distinctio ex voluptatem fugiat quos.', '1987-01-17 05:41:43');
INSERT INTO `messages` (`id`, `from_user_id`, `to_user_id`, `body`, `created_at`) VALUES ('65', '65', '65', 'Est corporis enim provident reiciendis veritatis. Ut voluptatem similique possimus voluptatem aperiam et dolore. Debitis nobis et omnis autem. Repudiandae consequatur sunt ipsum omnis esse quisquam.', '1989-07-30 19:52:20');
INSERT INTO `messages` (`id`, `from_user_id`, `to_user_id`, `body`, `created_at`) VALUES ('66', '66', '66', 'Animi non ut molestiae rerum id molestiae amet. Neque rerum ratione excepturi aut. Assumenda laborum eius voluptatem perspiciatis aut est. Et recusandae nam et natus quasi eius.', '1999-04-18 08:18:26');
INSERT INTO `messages` (`id`, `from_user_id`, `to_user_id`, `body`, `created_at`) VALUES ('67', '67', '67', 'Dolorum quo veniam necessitatibus cumque culpa rem. Illum sed porro totam quod ad libero esse tempora. Omnis incidunt expedita officiis doloribus reiciendis fugit et vel. Debitis occaecati sit voluptates ipsam exercitationem.', '1999-12-18 15:45:29');
INSERT INTO `messages` (`id`, `from_user_id`, `to_user_id`, `body`, `created_at`) VALUES ('68', '68', '68', 'Officiis ad magnam porro est. Dolores cumque soluta cupiditate ea. Voluptatem nisi qui minus facere molestiae. Voluptatem et et rerum voluptatem culpa.', '2018-06-24 20:47:20');
INSERT INTO `messages` (`id`, `from_user_id`, `to_user_id`, `body`, `created_at`) VALUES ('69', '69', '69', 'Beatae ratione facere quisquam voluptas et animi. Accusantium in repellat nobis dicta. Labore beatae officiis ab deleniti autem in.', '1982-06-25 21:42:56');
INSERT INTO `messages` (`id`, `from_user_id`, `to_user_id`, `body`, `created_at`) VALUES ('70', '70', '70', 'Est quibusdam et omnis accusantium molestias. Vel reprehenderit aut ad illo quia. Placeat iure ut quod aperiam molestiae pariatur. Et beatae omnis iusto nobis similique minus velit.', '2001-04-07 08:47:11');
INSERT INTO `messages` (`id`, `from_user_id`, `to_user_id`, `body`, `created_at`) VALUES ('71', '71', '71', 'Dolorem optio unde et voluptas labore. Ipsa vitae corrupti porro voluptatem. Blanditiis odit nisi quia ut in non. Cupiditate error ut distinctio impedit beatae.', '2017-06-19 09:15:27');
INSERT INTO `messages` (`id`, `from_user_id`, `to_user_id`, `body`, `created_at`) VALUES ('72', '72', '72', 'Voluptate quas minus quae et et. Dicta sed tenetur ad distinctio expedita non quis aut. Omnis et quisquam quia dolores hic et neque.', '2008-07-31 05:33:13');
INSERT INTO `messages` (`id`, `from_user_id`, `to_user_id`, `body`, `created_at`) VALUES ('73', '73', '73', 'Perferendis non quas perspiciatis sed temporibus. Reprehenderit asperiores magnam ut doloribus. Sed sequi itaque cupiditate minima. Sit ipsam consectetur quae inventore ut. Esse voluptas sunt aut deserunt ab facere natus nam.', '1993-11-07 18:37:40');
INSERT INTO `messages` (`id`, `from_user_id`, `to_user_id`, `body`, `created_at`) VALUES ('74', '74', '74', 'Tempora expedita consequatur sint accusamus voluptatem magnam dolorum. Distinctio nesciunt dignissimos tempora temporibus. Omnis error perspiciatis placeat exercitationem. Est cumque quia inventore repellat quidem. Cumque ut sint eius.', '2010-07-11 07:18:13');
INSERT INTO `messages` (`id`, `from_user_id`, `to_user_id`, `body`, `created_at`) VALUES ('75', '75', '75', 'Laudantium ea et totam cumque et. Asperiores id sint labore sint. Et et totam sunt cum facere eveniet consequatur. Qui laboriosam tenetur cupiditate quidem illum aut quasi. Quaerat molestias consequuntur dolorem inventore.', '1977-08-13 10:04:37');
INSERT INTO `messages` (`id`, `from_user_id`, `to_user_id`, `body`, `created_at`) VALUES ('76', '76', '76', 'Quisquam fugit eveniet sunt autem quibusdam omnis. Eum qui molestias et. Qui numquam id sunt qui accusamus deserunt. Cumque illo quia libero provident. Dignissimos repellat recusandae minus suscipit rerum natus.', '1998-06-05 07:12:56');
INSERT INTO `messages` (`id`, `from_user_id`, `to_user_id`, `body`, `created_at`) VALUES ('77', '77', '77', 'Sint ea veritatis velit nostrum voluptas. Nihil saepe vero magnam neque quaerat sunt. Est soluta qui dolorum.', '2004-04-30 17:44:26');
INSERT INTO `messages` (`id`, `from_user_id`, `to_user_id`, `body`, `created_at`) VALUES ('78', '78', '78', 'Libero pariatur atque harum porro voluptatem consequatur. Tenetur mollitia id officiis vero reprehenderit autem. Dolore possimus rerum deserunt ut ab.', '2019-05-22 20:00:19');
INSERT INTO `messages` (`id`, `from_user_id`, `to_user_id`, `body`, `created_at`) VALUES ('79', '79', '79', 'Ipsa qui inventore facere. Rem rerum necessitatibus voluptatum tempore est iure. Dicta quia voluptas dolores similique est ut. Libero nemo omnis unde earum excepturi odio.', '1987-02-01 05:36:57');
INSERT INTO `messages` (`id`, `from_user_id`, `to_user_id`, `body`, `created_at`) VALUES ('80', '80', '80', 'Aliquid distinctio error eos reiciendis quia consequuntur quae. Aliquam aut vero veritatis odit. Distinctio quasi reiciendis exercitationem id incidunt animi.', '1994-01-24 22:38:38');
INSERT INTO `messages` (`id`, `from_user_id`, `to_user_id`, `body`, `created_at`) VALUES ('81', '81', '81', 'Tempore aut modi incidunt nam excepturi. Vitae tenetur sed odit dicta assumenda ut consectetur. Qui omnis optio ullam eveniet provident iusto quas.', '2019-02-19 11:50:58');
INSERT INTO `messages` (`id`, `from_user_id`, `to_user_id`, `body`, `created_at`) VALUES ('82', '82', '82', 'Enim excepturi ea accusantium voluptatem illo eligendi. Enim consectetur laboriosam et voluptatem natus cumque. Deserunt et rerum ab fugiat velit ex reiciendis.', '1997-04-28 03:01:37');
INSERT INTO `messages` (`id`, `from_user_id`, `to_user_id`, `body`, `created_at`) VALUES ('83', '83', '83', 'Sint eos sint quibusdam dolor. Iusto accusantium quas tempore quasi delectus sit molestias. Ut perferendis ex tempora voluptates doloribus sint omnis.', '1975-02-14 10:36:42');
INSERT INTO `messages` (`id`, `from_user_id`, `to_user_id`, `body`, `created_at`) VALUES ('84', '84', '84', 'A quae itaque iusto quae eos. Quis veniam ut est modi libero aut similique. Est praesentium quo quia magni.', '1995-06-08 08:25:44');
INSERT INTO `messages` (`id`, `from_user_id`, `to_user_id`, `body`, `created_at`) VALUES ('85', '85', '85', 'Eum voluptatem est sed qui. Ipsum reiciendis commodi soluta qui qui beatae dolores. Vel ipsam dolore deserunt. Recusandae dolor voluptatem minima omnis est.', '2013-03-24 21:06:41');
INSERT INTO `messages` (`id`, `from_user_id`, `to_user_id`, `body`, `created_at`) VALUES ('86', '86', '86', 'Excepturi consequatur architecto officia quam et inventore. Doloremque at eveniet ut quos. Occaecati modi tenetur accusantium sapiente ad culpa voluptatem velit. Similique qui est maiores tempora.', '2002-02-06 03:35:00');
INSERT INTO `messages` (`id`, `from_user_id`, `to_user_id`, `body`, `created_at`) VALUES ('87', '87', '87', 'Tempora ad illum natus enim. In et necessitatibus facere cum aliquid cumque eveniet quis. Fugiat quisquam ea quo vitae sed. Ad vero dolorum voluptatum dolorum quae pariatur occaecati.', '1995-01-15 09:21:54');
INSERT INTO `messages` (`id`, `from_user_id`, `to_user_id`, `body`, `created_at`) VALUES ('88', '88', '88', 'Laudantium voluptatem consequatur qui praesentium. Aut dicta ut est. Laudantium ipsa sequi maiores. Aliquam quam earum blanditiis inventore.', '1997-11-17 16:33:42');
INSERT INTO `messages` (`id`, `from_user_id`, `to_user_id`, `body`, `created_at`) VALUES ('89', '89', '89', 'Ipsa iure aut nobis distinctio in amet eum. Omnis tempore rerum aut aut. Labore aut qui totam et est veniam delectus. Eos mollitia nihil repellat sed amet facilis nihil.', '1976-10-17 07:42:11');
INSERT INTO `messages` (`id`, `from_user_id`, `to_user_id`, `body`, `created_at`) VALUES ('90', '90', '90', 'Recusandae consequatur dolores suscipit accusamus eveniet sapiente ut. Est vel perferendis et et quis vero sit laudantium. Reprehenderit cupiditate amet repudiandae est. Iusto quis ad et sit vel aut.', '2012-03-06 15:37:15');
INSERT INTO `messages` (`id`, `from_user_id`, `to_user_id`, `body`, `created_at`) VALUES ('91', '91', '91', 'Maxime vero voluptas qui totam. Ipsa id inventore iste hic. Molestias dolore culpa rerum quia ex.', '2001-09-17 21:08:01');
INSERT INTO `messages` (`id`, `from_user_id`, `to_user_id`, `body`, `created_at`) VALUES ('92', '92', '92', 'Harum autem sit tenetur temporibus consequuntur. Officiis odit dicta molestiae quia assumenda est eaque. Sapiente quis qui sequi labore repudiandae dolorem nihil. Optio in eos repellat a aliquam eum sint.', '1978-10-02 08:58:45');
INSERT INTO `messages` (`id`, `from_user_id`, `to_user_id`, `body`, `created_at`) VALUES ('93', '93', '93', 'Veniam in numquam nesciunt et ducimus. Voluptas impedit ducimus quibusdam et dolorum voluptatibus. Eveniet consequuntur enim porro et ullam aut.', '1995-02-12 00:15:13');
INSERT INTO `messages` (`id`, `from_user_id`, `to_user_id`, `body`, `created_at`) VALUES ('94', '94', '94', 'Sit et et nulla magnam. Facilis voluptate in voluptas voluptatem quo consequatur et. Deserunt reprehenderit ea fugiat.', '2016-08-08 00:00:50');
INSERT INTO `messages` (`id`, `from_user_id`, `to_user_id`, `body`, `created_at`) VALUES ('95', '95', '95', 'Odit maiores saepe autem dolores quibusdam voluptates consequatur. Consequatur sunt nesciunt vel expedita ut. Dicta repellendus assumenda repellendus sit natus omnis eaque. Ad qui dolorem aperiam repudiandae assumenda.', '1997-10-09 21:04:39');
INSERT INTO `messages` (`id`, `from_user_id`, `to_user_id`, `body`, `created_at`) VALUES ('96', '96', '96', 'Est dolor nam vel sunt et nulla doloribus. Natus quis nemo et et id exercitationem adipisci illo. Rerum rem velit esse voluptas id quasi. Officia nihil repellat rem dolores.', '2001-06-01 00:10:49');
INSERT INTO `messages` (`id`, `from_user_id`, `to_user_id`, `body`, `created_at`) VALUES ('97', '97', '97', 'Libero molestiae harum molestiae ut iusto placeat est. Similique dolor tenetur voluptatibus sit eligendi qui. Minus et ut mollitia exercitationem dolorem maiores.', '1979-10-31 14:02:01');
INSERT INTO `messages` (`id`, `from_user_id`, `to_user_id`, `body`, `created_at`) VALUES ('98', '98', '98', 'Hic quia dicta nemo et dolore veritatis sed ea. Ratione ipsam laborum dolor. Praesentium qui deleniti numquam optio architecto fugit quas.', '2000-08-29 00:09:27');
INSERT INTO `messages` (`id`, `from_user_id`, `to_user_id`, `body`, `created_at`) VALUES ('99', '99', '99', 'Esse odio fugit aut. Distinctio quis excepturi excepturi dolores iste molestiae. Est deleniti optio vero. Nulla hic sint fuga quos dolor quas culpa.', '1977-06-20 05:46:02');
INSERT INTO `messages` (`id`, `from_user_id`, `to_user_id`, `body`, `created_at`) VALUES ('100', '100', '100', 'Ut aut rem amet est. Voluptatem quia esse fuga veniam voluptatem. Quibusdam omnis asperiores consequatur amet vel. Pariatur et soluta non alias aut fugiat.', '2004-12-03 15:36:41');


#
# TABLE STRUCTURE FOR: photo_albums
#

DROP TABLE IF EXISTS `photo_albums`;

CREATE TABLE `photo_albums` (
  `id` bigint(20) unsigned NOT NULL AUTO_INCREMENT,
  `name` varchar(255) COLLATE utf8_unicode_ci DEFAULT NULL,
  `user_id` bigint(20) unsigned DEFAULT NULL,
  PRIMARY KEY (`id`),
  UNIQUE KEY `id` (`id`),
  KEY `user_id` (`user_id`),
  CONSTRAINT `photo_albums_ibfk_1` FOREIGN KEY (`user_id`) REFERENCES `users` (`id`)
) ENGINE=InnoDB AUTO_INCREMENT=101 DEFAULT CHARSET=utf8 COLLATE=utf8_unicode_ci;

INSERT INTO `photo_albums` (`id`, `name`, `user_id`) VALUES ('1', 'autem', '1');
INSERT INTO `photo_albums` (`id`, `name`, `user_id`) VALUES ('2', 'dignissimos', '2');
INSERT INTO `photo_albums` (`id`, `name`, `user_id`) VALUES ('3', 'iure', '3');
INSERT INTO `photo_albums` (`id`, `name`, `user_id`) VALUES ('4', 'possimus', '4');
INSERT INTO `photo_albums` (`id`, `name`, `user_id`) VALUES ('5', 'unde', '5');
INSERT INTO `photo_albums` (`id`, `name`, `user_id`) VALUES ('6', 'provident', '6');
INSERT INTO `photo_albums` (`id`, `name`, `user_id`) VALUES ('7', 'voluptas', '7');
INSERT INTO `photo_albums` (`id`, `name`, `user_id`) VALUES ('8', 'numquam', '8');
INSERT INTO `photo_albums` (`id`, `name`, `user_id`) VALUES ('9', 'doloribus', '9');
INSERT INTO `photo_albums` (`id`, `name`, `user_id`) VALUES ('10', 'dignissimos', '10');
INSERT INTO `photo_albums` (`id`, `name`, `user_id`) VALUES ('11', 'in', '11');
INSERT INTO `photo_albums` (`id`, `name`, `user_id`) VALUES ('12', 'eaque', '12');
INSERT INTO `photo_albums` (`id`, `name`, `user_id`) VALUES ('13', 'voluptatem', '13');
INSERT INTO `photo_albums` (`id`, `name`, `user_id`) VALUES ('14', 'natus', '14');
INSERT INTO `photo_albums` (`id`, `name`, `user_id`) VALUES ('15', 'eum', '15');
INSERT INTO `photo_albums` (`id`, `name`, `user_id`) VALUES ('16', 'facilis', '16');
INSERT INTO `photo_albums` (`id`, `name`, `user_id`) VALUES ('17', 'et', '17');
INSERT INTO `photo_albums` (`id`, `name`, `user_id`) VALUES ('18', 'error', '18');
INSERT INTO `photo_albums` (`id`, `name`, `user_id`) VALUES ('19', 'sit', '19');
INSERT INTO `photo_albums` (`id`, `name`, `user_id`) VALUES ('20', 'vel', '20');
INSERT INTO `photo_albums` (`id`, `name`, `user_id`) VALUES ('21', 'laborum', '21');
INSERT INTO `photo_albums` (`id`, `name`, `user_id`) VALUES ('22', 'et', '22');
INSERT INTO `photo_albums` (`id`, `name`, `user_id`) VALUES ('23', 'incidunt', '23');
INSERT INTO `photo_albums` (`id`, `name`, `user_id`) VALUES ('24', 'ipsum', '24');
INSERT INTO `photo_albums` (`id`, `name`, `user_id`) VALUES ('25', 'doloribus', '25');
INSERT INTO `photo_albums` (`id`, `name`, `user_id`) VALUES ('26', 'nisi', '26');
INSERT INTO `photo_albums` (`id`, `name`, `user_id`) VALUES ('27', 'debitis', '27');
INSERT INTO `photo_albums` (`id`, `name`, `user_id`) VALUES ('28', 'et', '28');
INSERT INTO `photo_albums` (`id`, `name`, `user_id`) VALUES ('29', 'pariatur', '29');
INSERT INTO `photo_albums` (`id`, `name`, `user_id`) VALUES ('30', 'deserunt', '30');
INSERT INTO `photo_albums` (`id`, `name`, `user_id`) VALUES ('31', 'eveniet', '31');
INSERT INTO `photo_albums` (`id`, `name`, `user_id`) VALUES ('32', 'rerum', '32');
INSERT INTO `photo_albums` (`id`, `name`, `user_id`) VALUES ('33', 'unde', '33');
INSERT INTO `photo_albums` (`id`, `name`, `user_id`) VALUES ('34', 'iure', '34');
INSERT INTO `photo_albums` (`id`, `name`, `user_id`) VALUES ('35', 'aut', '35');
INSERT INTO `photo_albums` (`id`, `name`, `user_id`) VALUES ('36', 'eaque', '36');
INSERT INTO `photo_albums` (`id`, `name`, `user_id`) VALUES ('37', 'fuga', '37');
INSERT INTO `photo_albums` (`id`, `name`, `user_id`) VALUES ('38', 'ut', '38');
INSERT INTO `photo_albums` (`id`, `name`, `user_id`) VALUES ('39', 'rerum', '39');
INSERT INTO `photo_albums` (`id`, `name`, `user_id`) VALUES ('40', 'consequatur', '40');
INSERT INTO `photo_albums` (`id`, `name`, `user_id`) VALUES ('41', 'aliquid', '41');
INSERT INTO `photo_albums` (`id`, `name`, `user_id`) VALUES ('42', 'asperiores', '42');
INSERT INTO `photo_albums` (`id`, `name`, `user_id`) VALUES ('43', 'at', '43');
INSERT INTO `photo_albums` (`id`, `name`, `user_id`) VALUES ('44', 'corrupti', '44');
INSERT INTO `photo_albums` (`id`, `name`, `user_id`) VALUES ('45', 'reiciendis', '45');
INSERT INTO `photo_albums` (`id`, `name`, `user_id`) VALUES ('46', 'velit', '46');
INSERT INTO `photo_albums` (`id`, `name`, `user_id`) VALUES ('47', 'consequuntur', '47');
INSERT INTO `photo_albums` (`id`, `name`, `user_id`) VALUES ('48', 'velit', '48');
INSERT INTO `photo_albums` (`id`, `name`, `user_id`) VALUES ('49', 'commodi', '49');
INSERT INTO `photo_albums` (`id`, `name`, `user_id`) VALUES ('50', 'corporis', '50');
INSERT INTO `photo_albums` (`id`, `name`, `user_id`) VALUES ('51', 'voluptates', '51');
INSERT INTO `photo_albums` (`id`, `name`, `user_id`) VALUES ('52', 'et', '52');
INSERT INTO `photo_albums` (`id`, `name`, `user_id`) VALUES ('53', 'deleniti', '53');
INSERT INTO `photo_albums` (`id`, `name`, `user_id`) VALUES ('54', 'ad', '54');
INSERT INTO `photo_albums` (`id`, `name`, `user_id`) VALUES ('55', 'laudantium', '55');
INSERT INTO `photo_albums` (`id`, `name`, `user_id`) VALUES ('56', 'enim', '56');
INSERT INTO `photo_albums` (`id`, `name`, `user_id`) VALUES ('57', 'debitis', '57');
INSERT INTO `photo_albums` (`id`, `name`, `user_id`) VALUES ('58', 'nihil', '58');
INSERT INTO `photo_albums` (`id`, `name`, `user_id`) VALUES ('59', 'ipsa', '59');
INSERT INTO `photo_albums` (`id`, `name`, `user_id`) VALUES ('60', 'distinctio', '60');
INSERT INTO `photo_albums` (`id`, `name`, `user_id`) VALUES ('61', 'repellendus', '61');
INSERT INTO `photo_albums` (`id`, `name`, `user_id`) VALUES ('62', 'vitae', '62');
INSERT INTO `photo_albums` (`id`, `name`, `user_id`) VALUES ('63', 'atque', '63');
INSERT INTO `photo_albums` (`id`, `name`, `user_id`) VALUES ('64', 'voluptas', '64');
INSERT INTO `photo_albums` (`id`, `name`, `user_id`) VALUES ('65', 'harum', '65');
INSERT INTO `photo_albums` (`id`, `name`, `user_id`) VALUES ('66', 'sequi', '66');
INSERT INTO `photo_albums` (`id`, `name`, `user_id`) VALUES ('67', 'soluta', '67');
INSERT INTO `photo_albums` (`id`, `name`, `user_id`) VALUES ('68', 'iusto', '68');
INSERT INTO `photo_albums` (`id`, `name`, `user_id`) VALUES ('69', 'assumenda', '69');
INSERT INTO `photo_albums` (`id`, `name`, `user_id`) VALUES ('70', 'et', '70');
INSERT INTO `photo_albums` (`id`, `name`, `user_id`) VALUES ('71', 'deserunt', '71');
INSERT INTO `photo_albums` (`id`, `name`, `user_id`) VALUES ('72', 'aut', '72');
INSERT INTO `photo_albums` (`id`, `name`, `user_id`) VALUES ('73', 'error', '73');
INSERT INTO `photo_albums` (`id`, `name`, `user_id`) VALUES ('74', 'tempora', '74');
INSERT INTO `photo_albums` (`id`, `name`, `user_id`) VALUES ('75', 'molestias', '75');
INSERT INTO `photo_albums` (`id`, `name`, `user_id`) VALUES ('76', 'est', '76');
INSERT INTO `photo_albums` (`id`, `name`, `user_id`) VALUES ('77', 'similique', '77');
INSERT INTO `photo_albums` (`id`, `name`, `user_id`) VALUES ('78', 'quia', '78');
INSERT INTO `photo_albums` (`id`, `name`, `user_id`) VALUES ('79', 'voluptate', '79');
INSERT INTO `photo_albums` (`id`, `name`, `user_id`) VALUES ('80', 'eius', '80');
INSERT INTO `photo_albums` (`id`, `name`, `user_id`) VALUES ('81', 'voluptas', '81');
INSERT INTO `photo_albums` (`id`, `name`, `user_id`) VALUES ('82', 'iusto', '82');
INSERT INTO `photo_albums` (`id`, `name`, `user_id`) VALUES ('83', 'fugit', '83');
INSERT INTO `photo_albums` (`id`, `name`, `user_id`) VALUES ('84', 'aut', '84');
INSERT INTO `photo_albums` (`id`, `name`, `user_id`) VALUES ('85', 'eos', '85');
INSERT INTO `photo_albums` (`id`, `name`, `user_id`) VALUES ('86', 'ut', '86');
INSERT INTO `photo_albums` (`id`, `name`, `user_id`) VALUES ('87', 'repudiandae', '87');
INSERT INTO `photo_albums` (`id`, `name`, `user_id`) VALUES ('88', 'eum', '88');
INSERT INTO `photo_albums` (`id`, `name`, `user_id`) VALUES ('89', 'repellendus', '89');
INSERT INTO `photo_albums` (`id`, `name`, `user_id`) VALUES ('90', 'dolor', '90');
INSERT INTO `photo_albums` (`id`, `name`, `user_id`) VALUES ('91', 'et', '91');
INSERT INTO `photo_albums` (`id`, `name`, `user_id`) VALUES ('92', 'id', '92');
INSERT INTO `photo_albums` (`id`, `name`, `user_id`) VALUES ('93', 'id', '93');
INSERT INTO `photo_albums` (`id`, `name`, `user_id`) VALUES ('94', 'quia', '94');
INSERT INTO `photo_albums` (`id`, `name`, `user_id`) VALUES ('95', 'est', '95');
INSERT INTO `photo_albums` (`id`, `name`, `user_id`) VALUES ('96', 'voluptas', '96');
INSERT INTO `photo_albums` (`id`, `name`, `user_id`) VALUES ('97', 'dolores', '97');
INSERT INTO `photo_albums` (`id`, `name`, `user_id`) VALUES ('98', 'ut', '98');
INSERT INTO `photo_albums` (`id`, `name`, `user_id`) VALUES ('99', 'nulla', '99');
INSERT INTO `photo_albums` (`id`, `name`, `user_id`) VALUES ('100', 'quasi', '100');


#
# TABLE STRUCTURE FOR: photos
#

DROP TABLE IF EXISTS `photos`;

CREATE TABLE `photos` (
  `id` bigint(20) unsigned NOT NULL AUTO_INCREMENT,
  `album_id` bigint(20) unsigned NOT NULL,
  `media_id` bigint(20) unsigned NOT NULL,
  PRIMARY KEY (`id`),
  KEY `album_id` (`album_id`),
  KEY `media_id` (`media_id`),
  CONSTRAINT `photos_ibfk_1` FOREIGN KEY (`album_id`) REFERENCES `photo_albums` (`id`),
  CONSTRAINT `photos_ibfk_2` FOREIGN KEY (`media_id`) REFERENCES `media` (`id`)
) ENGINE=InnoDB AUTO_INCREMENT=101 DEFAULT CHARSET=utf8 COLLATE=utf8_unicode_ci;

INSERT INTO `photos` (`id`, `album_id`, `media_id`) VALUES ('1', '1', '1');
INSERT INTO `photos` (`id`, `album_id`, `media_id`) VALUES ('2', '2', '2');
INSERT INTO `photos` (`id`, `album_id`, `media_id`) VALUES ('3', '3', '3');
INSERT INTO `photos` (`id`, `album_id`, `media_id`) VALUES ('4', '4', '4');
INSERT INTO `photos` (`id`, `album_id`, `media_id`) VALUES ('5', '5', '5');
INSERT INTO `photos` (`id`, `album_id`, `media_id`) VALUES ('6', '6', '6');
INSERT INTO `photos` (`id`, `album_id`, `media_id`) VALUES ('7', '7', '7');
INSERT INTO `photos` (`id`, `album_id`, `media_id`) VALUES ('8', '8', '8');
INSERT INTO `photos` (`id`, `album_id`, `media_id`) VALUES ('9', '9', '9');
INSERT INTO `photos` (`id`, `album_id`, `media_id`) VALUES ('10', '10', '10');
INSERT INTO `photos` (`id`, `album_id`, `media_id`) VALUES ('11', '11', '11');
INSERT INTO `photos` (`id`, `album_id`, `media_id`) VALUES ('12', '12', '12');
INSERT INTO `photos` (`id`, `album_id`, `media_id`) VALUES ('13', '13', '13');
INSERT INTO `photos` (`id`, `album_id`, `media_id`) VALUES ('14', '14', '14');
INSERT INTO `photos` (`id`, `album_id`, `media_id`) VALUES ('15', '15', '15');
INSERT INTO `photos` (`id`, `album_id`, `media_id`) VALUES ('16', '16', '16');
INSERT INTO `photos` (`id`, `album_id`, `media_id`) VALUES ('17', '17', '17');
INSERT INTO `photos` (`id`, `album_id`, `media_id`) VALUES ('18', '18', '18');
INSERT INTO `photos` (`id`, `album_id`, `media_id`) VALUES ('19', '19', '19');
INSERT INTO `photos` (`id`, `album_id`, `media_id`) VALUES ('20', '20', '20');
INSERT INTO `photos` (`id`, `album_id`, `media_id`) VALUES ('21', '21', '21');
INSERT INTO `photos` (`id`, `album_id`, `media_id`) VALUES ('22', '22', '22');
INSERT INTO `photos` (`id`, `album_id`, `media_id`) VALUES ('23', '23', '23');
INSERT INTO `photos` (`id`, `album_id`, `media_id`) VALUES ('24', '24', '24');
INSERT INTO `photos` (`id`, `album_id`, `media_id`) VALUES ('25', '25', '25');
INSERT INTO `photos` (`id`, `album_id`, `media_id`) VALUES ('26', '26', '26');
INSERT INTO `photos` (`id`, `album_id`, `media_id`) VALUES ('27', '27', '27');
INSERT INTO `photos` (`id`, `album_id`, `media_id`) VALUES ('28', '28', '28');
INSERT INTO `photos` (`id`, `album_id`, `media_id`) VALUES ('29', '29', '29');
INSERT INTO `photos` (`id`, `album_id`, `media_id`) VALUES ('30', '30', '30');
INSERT INTO `photos` (`id`, `album_id`, `media_id`) VALUES ('31', '31', '31');
INSERT INTO `photos` (`id`, `album_id`, `media_id`) VALUES ('32', '32', '32');
INSERT INTO `photos` (`id`, `album_id`, `media_id`) VALUES ('33', '33', '33');
INSERT INTO `photos` (`id`, `album_id`, `media_id`) VALUES ('34', '34', '34');
INSERT INTO `photos` (`id`, `album_id`, `media_id`) VALUES ('35', '35', '35');
INSERT INTO `photos` (`id`, `album_id`, `media_id`) VALUES ('36', '36', '36');
INSERT INTO `photos` (`id`, `album_id`, `media_id`) VALUES ('37', '37', '37');
INSERT INTO `photos` (`id`, `album_id`, `media_id`) VALUES ('38', '38', '38');
INSERT INTO `photos` (`id`, `album_id`, `media_id`) VALUES ('39', '39', '39');
INSERT INTO `photos` (`id`, `album_id`, `media_id`) VALUES ('40', '40', '40');
INSERT INTO `photos` (`id`, `album_id`, `media_id`) VALUES ('41', '41', '41');
INSERT INTO `photos` (`id`, `album_id`, `media_id`) VALUES ('42', '42', '42');
INSERT INTO `photos` (`id`, `album_id`, `media_id`) VALUES ('43', '43', '43');
INSERT INTO `photos` (`id`, `album_id`, `media_id`) VALUES ('44', '44', '44');
INSERT INTO `photos` (`id`, `album_id`, `media_id`) VALUES ('45', '45', '45');
INSERT INTO `photos` (`id`, `album_id`, `media_id`) VALUES ('46', '46', '46');
INSERT INTO `photos` (`id`, `album_id`, `media_id`) VALUES ('47', '47', '47');
INSERT INTO `photos` (`id`, `album_id`, `media_id`) VALUES ('48', '48', '48');
INSERT INTO `photos` (`id`, `album_id`, `media_id`) VALUES ('49', '49', '49');
INSERT INTO `photos` (`id`, `album_id`, `media_id`) VALUES ('50', '50', '50');
INSERT INTO `photos` (`id`, `album_id`, `media_id`) VALUES ('51', '51', '51');
INSERT INTO `photos` (`id`, `album_id`, `media_id`) VALUES ('52', '52', '52');
INSERT INTO `photos` (`id`, `album_id`, `media_id`) VALUES ('53', '53', '53');
INSERT INTO `photos` (`id`, `album_id`, `media_id`) VALUES ('54', '54', '54');
INSERT INTO `photos` (`id`, `album_id`, `media_id`) VALUES ('55', '55', '55');
INSERT INTO `photos` (`id`, `album_id`, `media_id`) VALUES ('56', '56', '56');
INSERT INTO `photos` (`id`, `album_id`, `media_id`) VALUES ('57', '57', '57');
INSERT INTO `photos` (`id`, `album_id`, `media_id`) VALUES ('58', '58', '58');
INSERT INTO `photos` (`id`, `album_id`, `media_id`) VALUES ('59', '59', '59');
INSERT INTO `photos` (`id`, `album_id`, `media_id`) VALUES ('60', '60', '60');
INSERT INTO `photos` (`id`, `album_id`, `media_id`) VALUES ('61', '61', '61');
INSERT INTO `photos` (`id`, `album_id`, `media_id`) VALUES ('62', '62', '62');
INSERT INTO `photos` (`id`, `album_id`, `media_id`) VALUES ('63', '63', '63');
INSERT INTO `photos` (`id`, `album_id`, `media_id`) VALUES ('64', '64', '64');
INSERT INTO `photos` (`id`, `album_id`, `media_id`) VALUES ('65', '65', '65');
INSERT INTO `photos` (`id`, `album_id`, `media_id`) VALUES ('66', '66', '66');
INSERT INTO `photos` (`id`, `album_id`, `media_id`) VALUES ('67', '67', '67');
INSERT INTO `photos` (`id`, `album_id`, `media_id`) VALUES ('68', '68', '68');
INSERT INTO `photos` (`id`, `album_id`, `media_id`) VALUES ('69', '69', '69');
INSERT INTO `photos` (`id`, `album_id`, `media_id`) VALUES ('70', '70', '70');
INSERT INTO `photos` (`id`, `album_id`, `media_id`) VALUES ('71', '71', '71');
INSERT INTO `photos` (`id`, `album_id`, `media_id`) VALUES ('72', '72', '72');
INSERT INTO `photos` (`id`, `album_id`, `media_id`) VALUES ('73', '73', '73');
INSERT INTO `photos` (`id`, `album_id`, `media_id`) VALUES ('74', '74', '74');
INSERT INTO `photos` (`id`, `album_id`, `media_id`) VALUES ('75', '75', '75');
INSERT INTO `photos` (`id`, `album_id`, `media_id`) VALUES ('76', '76', '76');
INSERT INTO `photos` (`id`, `album_id`, `media_id`) VALUES ('77', '77', '77');
INSERT INTO `photos` (`id`, `album_id`, `media_id`) VALUES ('78', '78', '78');
INSERT INTO `photos` (`id`, `album_id`, `media_id`) VALUES ('79', '79', '79');
INSERT INTO `photos` (`id`, `album_id`, `media_id`) VALUES ('80', '80', '80');
INSERT INTO `photos` (`id`, `album_id`, `media_id`) VALUES ('81', '81', '81');
INSERT INTO `photos` (`id`, `album_id`, `media_id`) VALUES ('82', '82', '82');
INSERT INTO `photos` (`id`, `album_id`, `media_id`) VALUES ('83', '83', '83');
INSERT INTO `photos` (`id`, `album_id`, `media_id`) VALUES ('84', '84', '84');
INSERT INTO `photos` (`id`, `album_id`, `media_id`) VALUES ('85', '85', '85');
INSERT INTO `photos` (`id`, `album_id`, `media_id`) VALUES ('86', '86', '86');
INSERT INTO `photos` (`id`, `album_id`, `media_id`) VALUES ('87', '87', '87');
INSERT INTO `photos` (`id`, `album_id`, `media_id`) VALUES ('88', '88', '88');
INSERT INTO `photos` (`id`, `album_id`, `media_id`) VALUES ('89', '89', '89');
INSERT INTO `photos` (`id`, `album_id`, `media_id`) VALUES ('90', '90', '90');
INSERT INTO `photos` (`id`, `album_id`, `media_id`) VALUES ('91', '91', '91');
INSERT INTO `photos` (`id`, `album_id`, `media_id`) VALUES ('92', '92', '92');
INSERT INTO `photos` (`id`, `album_id`, `media_id`) VALUES ('93', '93', '93');
INSERT INTO `photos` (`id`, `album_id`, `media_id`) VALUES ('94', '94', '94');
INSERT INTO `photos` (`id`, `album_id`, `media_id`) VALUES ('95', '95', '95');
INSERT INTO `photos` (`id`, `album_id`, `media_id`) VALUES ('96', '96', '96');
INSERT INTO `photos` (`id`, `album_id`, `media_id`) VALUES ('97', '97', '97');
INSERT INTO `photos` (`id`, `album_id`, `media_id`) VALUES ('98', '98', '98');
INSERT INTO `photos` (`id`, `album_id`, `media_id`) VALUES ('99', '99', '99');
INSERT INTO `photos` (`id`, `album_id`, `media_id`) VALUES ('100', '100', '100');


#
# TABLE STRUCTURE FOR: posts
#

DROP TABLE IF EXISTS `posts`;

CREATE TABLE `posts` (
  `id` bigint(20) unsigned NOT NULL AUTO_INCREMENT,
  `user_id` bigint(20) unsigned NOT NULL,
  `body` text COLLATE utf8_unicode_ci DEFAULT NULL,
  `created_at` datetime DEFAULT current_timestamp(),
  PRIMARY KEY (`id`),
  KEY `user_id` (`user_id`),
  CONSTRAINT `posts_ibfk_1` FOREIGN KEY (`user_id`) REFERENCES `users` (`id`)
) ENGINE=InnoDB AUTO_INCREMENT=101 DEFAULT CHARSET=utf8 COLLATE=utf8_unicode_ci;

INSERT INTO `posts` (`id`, `user_id`, `body`, `created_at`) VALUES ('1', '1', 'Fugit aut optio tempora et. Quia voluptate illum cupiditate atque molestiae natus. Nulla suscipit quo ut in. Soluta blanditiis assumenda veritatis commodi consectetur.', '2005-05-11 10:17:27');
INSERT INTO `posts` (`id`, `user_id`, `body`, `created_at`) VALUES ('2', '2', 'Architecto eum voluptatem sequi quasi sunt id. Placeat repellendus voluptatum quaerat omnis voluptas.', '1983-08-16 00:19:56');
INSERT INTO `posts` (`id`, `user_id`, `body`, `created_at`) VALUES ('3', '3', 'Quia et debitis et consequatur est inventore debitis. Ea voluptate architecto velit commodi in quae tempore. Voluptatibus ex sint accusamus velit sequi quae.', '2010-10-10 04:40:51');
INSERT INTO `posts` (`id`, `user_id`, `body`, `created_at`) VALUES ('4', '4', 'Suscipit similique maiores consequatur temporibus dolorum ut. Quia consequatur alias dolor quia vel. Magni ut quos consequatur quidem vitae eaque.', '1993-08-04 03:30:07');
INSERT INTO `posts` (`id`, `user_id`, `body`, `created_at`) VALUES ('5', '5', 'Eius ad sint molestiae et suscipit. Dolores expedita sunt enim necessitatibus dolor eligendi. Ab amet ratione sit reprehenderit quasi et debitis voluptatem. Dolorem sunt non est quis placeat eius.', '2018-05-18 17:25:35');
INSERT INTO `posts` (`id`, `user_id`, `body`, `created_at`) VALUES ('6', '6', 'Fugiat beatae numquam accusamus voluptates minima. Iste non beatae sequi fugiat et iure deserunt. Itaque dignissimos nam illo.', '1998-10-07 00:30:46');
INSERT INTO `posts` (`id`, `user_id`, `body`, `created_at`) VALUES ('7', '7', 'Delectus id est qui veniam. Sint sapiente rerum consequatur quidem. Eos quis ut ipsa nihil nihil rerum quam illum. Aut vel distinctio blanditiis nisi sit illum.', '1970-02-23 23:33:59');
INSERT INTO `posts` (`id`, `user_id`, `body`, `created_at`) VALUES ('8', '8', 'Unde blanditiis sed adipisci aliquam. Qui qui atque dolorum repellat tempore deleniti consequatur. Vel exercitationem quibusdam voluptas dolores. Quia commodi qui similique quibusdam totam quae.', '2008-09-09 05:19:47');
INSERT INTO `posts` (`id`, `user_id`, `body`, `created_at`) VALUES ('9', '9', 'Enim sunt saepe aut quos occaecati repellat sunt. Eveniet labore neque cum. Velit et sed fugiat ducimus.', '2010-10-02 14:46:27');
INSERT INTO `posts` (`id`, `user_id`, `body`, `created_at`) VALUES ('10', '10', 'Deleniti voluptatum quia distinctio facilis. Dolor ea vitae mollitia sit sed. Porro commodi quae magni.', '2020-05-05 01:00:26');
INSERT INTO `posts` (`id`, `user_id`, `body`, `created_at`) VALUES ('11', '11', 'Magnam nam consequatur aut est similique at ut. Quasi qui reiciendis nam ullam eius dolorum quibusdam nam. Odio rerum sit voluptatum pariatur.', '2002-09-19 02:40:49');
INSERT INTO `posts` (`id`, `user_id`, `body`, `created_at`) VALUES ('12', '12', 'Dolorem nesciunt dignissimos fugiat eius fugit esse. Magnam corporis atque id ut qui nemo. Sed molestias praesentium pariatur sit necessitatibus. Eos neque maiores neque alias. Sint iure quisquam nihil voluptas.', '1981-09-11 05:57:42');
INSERT INTO `posts` (`id`, `user_id`, `body`, `created_at`) VALUES ('13', '13', 'Reprehenderit iste quidem tempore voluptatibus et non. Quia molestias non esse voluptatum fugit cum hic impedit. Qui sunt ab saepe. Dolore autem animi at veniam provident doloremque aperiam quia.', '2009-04-09 21:56:44');
INSERT INTO `posts` (`id`, `user_id`, `body`, `created_at`) VALUES ('14', '14', 'Ratione accusantium doloribus aperiam quo suscipit autem ea quo. Qui consequatur molestias atque omnis provident illum vel.', '1995-05-15 21:29:21');
INSERT INTO `posts` (`id`, `user_id`, `body`, `created_at`) VALUES ('15', '15', 'Sunt quaerat excepturi esse dolore. Consequatur necessitatibus aut reprehenderit soluta nisi consequuntur. Molestias modi est nihil voluptatibus reiciendis quia modi. Quos tempore omnis consequatur ea debitis dolorem.', '1972-07-11 09:16:37');
INSERT INTO `posts` (`id`, `user_id`, `body`, `created_at`) VALUES ('16', '16', 'Impedit quis dolores velit dolores aspernatur totam aut. Ut deserunt dolorem dicta fuga animi voluptatem id aperiam. Consequatur sapiente ut magnam dolores dolor et corporis. Perferendis non repellat quia itaque eaque et.', '2001-03-02 04:40:45');
INSERT INTO `posts` (`id`, `user_id`, `body`, `created_at`) VALUES ('17', '17', 'Sapiente nostrum officia quidem quia facilis ipsam. Non neque in eaque eum cupiditate aut. Sit sit ut odit. Voluptatum atque qui veritatis corrupti. Sunt assumenda ut laudantium quasi vero rerum est non.', '2003-02-18 13:38:19');
INSERT INTO `posts` (`id`, `user_id`, `body`, `created_at`) VALUES ('18', '18', 'Neque est repudiandae dolorem ea sed consequatur. At ipsum velit nemo omnis. Pariatur et accusamus voluptas et.', '1997-03-11 09:58:57');
INSERT INTO `posts` (`id`, `user_id`, `body`, `created_at`) VALUES ('19', '19', 'In sequi explicabo labore aut aliquid ut rerum. Sed odit similique nam. Magni itaque qui nihil natus quia.', '1972-03-25 10:01:08');
INSERT INTO `posts` (`id`, `user_id`, `body`, `created_at`) VALUES ('20', '20', 'Tenetur reiciendis rerum rerum neque asperiores aut. Voluptatem nulla labore est magni quia molestiae. Quidem dignissimos nesciunt dolor vel minus doloribus.', '1980-12-25 17:38:56');
INSERT INTO `posts` (`id`, `user_id`, `body`, `created_at`) VALUES ('21', '21', 'Aut et ratione quas commodi cumque numquam. Suscipit qui placeat pariatur. Quas quidem accusantium non eum maiores.', '2018-03-20 10:14:27');
INSERT INTO `posts` (`id`, `user_id`, `body`, `created_at`) VALUES ('22', '22', 'Ut in incidunt nisi. Ut voluptatibus ipsum veniam consequatur consequatur consequatur ea. Placeat rerum velit in mollitia voluptatem alias. Nemo aut aliquam eaque dolorum ex quaerat.', '1971-04-07 04:39:20');
INSERT INTO `posts` (`id`, `user_id`, `body`, `created_at`) VALUES ('23', '23', 'Eveniet aut ex totam. Iusto asperiores inventore voluptatum ut perferendis distinctio occaecati.', '2005-12-22 18:30:13');
INSERT INTO `posts` (`id`, `user_id`, `body`, `created_at`) VALUES ('24', '24', 'Natus ratione consequatur nemo nulla quis enim. Hic non eos explicabo sed aut labore.', '1971-09-29 09:25:18');
INSERT INTO `posts` (`id`, `user_id`, `body`, `created_at`) VALUES ('25', '25', 'Nemo voluptas deleniti error corporis. Qui ex accusantium velit et autem veniam aliquid. Sed sunt harum quaerat rerum. Dolore maxime totam explicabo asperiores eveniet.', '1995-11-17 01:46:23');
INSERT INTO `posts` (`id`, `user_id`, `body`, `created_at`) VALUES ('26', '26', 'Non non aut voluptate et consectetur. Ut saepe eos tempore. Possimus ipsa animi hic et placeat suscipit.', '2020-01-14 20:20:19');
INSERT INTO `posts` (`id`, `user_id`, `body`, `created_at`) VALUES ('27', '27', 'Quo rerum sapiente exercitationem quis. Enim adipisci eum esse mollitia quas suscipit. Aspernatur quia id excepturi voluptatem temporibus dolores adipisci repudiandae.', '2006-05-05 02:33:24');
INSERT INTO `posts` (`id`, `user_id`, `body`, `created_at`) VALUES ('28', '28', 'Minima soluta sequi temporibus consequuntur temporibus eaque. Autem modi odit iste consectetur repellendus sit corrupti. Cupiditate nihil est nihil doloremque blanditiis voluptatem. Velit et voluptas aspernatur est a optio saepe.', '1987-12-26 18:49:41');
INSERT INTO `posts` (`id`, `user_id`, `body`, `created_at`) VALUES ('29', '29', 'Ab nesciunt vero aut itaque repudiandae et. Doloremque enim ducimus modi qui. Similique voluptatem tenetur enim non quia nihil in. Voluptates iure officia nesciunt autem animi voluptatem quasi in. Et facilis minus ab ab expedita et deserunt.', '1990-05-18 22:00:53');
INSERT INTO `posts` (`id`, `user_id`, `body`, `created_at`) VALUES ('30', '30', 'Atque aut quia quaerat ratione qui cumque numquam. Ullam est enim ipsam quidem. Voluptatum excepturi eveniet et ea.', '1984-04-22 01:33:05');
INSERT INTO `posts` (`id`, `user_id`, `body`, `created_at`) VALUES ('31', '31', 'Vero vero temporibus pariatur repellendus. Quia et pariatur dolores consequuntur molestiae. Voluptates alias assumenda magni quasi.', '2011-11-16 23:26:55');
INSERT INTO `posts` (`id`, `user_id`, `body`, `created_at`) VALUES ('32', '32', 'Error neque accusantium eaque iusto dicta. Incidunt modi nobis est illum ut ullam unde ut. Rerum molestiae eos itaque sunt. Dicta temporibus quo numquam voluptatibus.', '2019-02-13 18:18:33');
INSERT INTO `posts` (`id`, `user_id`, `body`, `created_at`) VALUES ('33', '33', 'Soluta id accusamus blanditiis. Reiciendis natus dolores sapiente corporis ex amet. Et animi nemo non aspernatur et qui.', '1987-01-06 01:05:18');
INSERT INTO `posts` (`id`, `user_id`, `body`, `created_at`) VALUES ('34', '34', 'Voluptas commodi nihil sit perspiciatis in. Occaecati molestias dolorum eos totam sunt molestias dolorum. Mollitia iusto non repudiandae illum ea.', '1996-08-04 13:23:24');
INSERT INTO `posts` (`id`, `user_id`, `body`, `created_at`) VALUES ('35', '35', 'Sed nostrum fugit aut qui magnam. Vel eos exercitationem nihil accusantium et ratione illum. Dolores quasi id facere ea. Saepe natus impedit aut eum sapiente.', '2013-07-02 16:42:08');
INSERT INTO `posts` (`id`, `user_id`, `body`, `created_at`) VALUES ('36', '36', 'Laudantium corrupti sed quia pariatur sit. Rerum veritatis possimus et sed. Explicabo perspiciatis eligendi iure ut.', '1981-07-02 12:08:38');
INSERT INTO `posts` (`id`, `user_id`, `body`, `created_at`) VALUES ('37', '37', 'At ut non dolorem eaque quis sequi. Est deleniti officia aspernatur. Sed non beatae atque laudantium eum accusantium magnam aut.', '1990-12-10 21:06:55');
INSERT INTO `posts` (`id`, `user_id`, `body`, `created_at`) VALUES ('38', '38', 'Est officiis voluptatem quia officiis delectus minus quas. Rerum vero non eveniet. Id animi totam ab voluptatibus.', '1994-12-09 07:23:50');
INSERT INTO `posts` (`id`, `user_id`, `body`, `created_at`) VALUES ('39', '39', 'Ut fugiat ullam consequatur temporibus aut eum quisquam. Ut ut qui dolorum animi enim. Aut aut voluptatem fugiat possimus dolores.', '1981-12-17 13:19:47');
INSERT INTO `posts` (`id`, `user_id`, `body`, `created_at`) VALUES ('40', '40', 'Quo necessitatibus vel atque eum et neque sint. Magnam perferendis aut libero commodi in sint. Est dolore esse natus expedita nam enim dolore.', '2010-05-21 03:37:21');
INSERT INTO `posts` (`id`, `user_id`, `body`, `created_at`) VALUES ('41', '41', 'Aut illum tempore cumque asperiores. Minima provident dolor accusantium quia occaecati. Consequatur qui praesentium at quos est quia. Ipsum necessitatibus nihil nam qui.', '2011-09-02 06:29:34');
INSERT INTO `posts` (`id`, `user_id`, `body`, `created_at`) VALUES ('42', '42', 'Rem accusantium iusto iusto voluptatem cupiditate commodi dignissimos. Eum voluptatem quia perferendis accusantium architecto qui. Corporis sunt nam voluptatem beatae soluta nulla odit ducimus. Quia id laudantium at omnis.', '2013-12-05 11:56:48');
INSERT INTO `posts` (`id`, `user_id`, `body`, `created_at`) VALUES ('43', '43', 'Deserunt suscipit quo sed velit earum ut veritatis vel. Hic saepe necessitatibus enim recusandae iusto aut. Quos non esse corrupti maxime. Veniam quisquam odit ullam consequatur.', '1979-03-17 09:14:54');
INSERT INTO `posts` (`id`, `user_id`, `body`, `created_at`) VALUES ('44', '44', 'Suscipit asperiores cumque velit. Possimus et soluta rerum voluptatem. Nihil est provident omnis non aperiam distinctio.', '1975-10-03 01:35:43');
INSERT INTO `posts` (`id`, `user_id`, `body`, `created_at`) VALUES ('45', '45', 'Totam et enim vel labore. Ut quas quis enim eligendi. Facere minima quisquam rem nesciunt architecto repudiandae nam.', '1995-05-23 07:12:51');
INSERT INTO `posts` (`id`, `user_id`, `body`, `created_at`) VALUES ('46', '46', 'Harum nemo rem voluptas provident tenetur voluptate quo nam. Ullam quia eum saepe itaque velit id. Consequatur totam quidem esse quia eum qui consequatur velit. Ea id voluptas omnis eveniet corporis.', '1990-10-15 11:58:03');
INSERT INTO `posts` (`id`, `user_id`, `body`, `created_at`) VALUES ('47', '47', 'Eos debitis porro culpa aut molestiae perferendis. Aliquam praesentium ut quia.', '1997-11-06 14:57:57');
INSERT INTO `posts` (`id`, `user_id`, `body`, `created_at`) VALUES ('48', '48', 'Et unde quis at dolorum ipsa. Est possimus qui aut modi. Consequatur laborum vel fuga.', '2014-02-09 00:12:01');
INSERT INTO `posts` (`id`, `user_id`, `body`, `created_at`) VALUES ('49', '49', 'Necessitatibus rerum quos quo. Et earum totam nesciunt voluptates at blanditiis officiis recusandae. Ipsam autem saepe soluta cumque. Perspiciatis qui reiciendis est est velit quisquam consequatur.', '2002-12-24 15:52:40');
INSERT INTO `posts` (`id`, `user_id`, `body`, `created_at`) VALUES ('50', '50', 'Reprehenderit nam qui quo autem. Perspiciatis iure quos dolorem sit eos ratione. Vel voluptatum vitae iste non et qui sed.', '2003-11-29 14:06:43');
INSERT INTO `posts` (`id`, `user_id`, `body`, `created_at`) VALUES ('51', '51', 'Autem modi repellendus ut voluptatibus nesciunt. Quo sapiente excepturi corrupti quod exercitationem qui aut culpa. Omnis ut expedita dolores impedit sed a soluta et. Enim non quam quis ipsa molestiae dolores.', '1999-03-30 13:30:43');
INSERT INTO `posts` (`id`, `user_id`, `body`, `created_at`) VALUES ('52', '52', 'Ut iure fugit dignissimos non. Et asperiores dolore quis sit alias voluptatem. Non qui magni nesciunt nisi cum nemo quisquam rerum. Voluptas molestiae qui animi doloribus omnis enim.', '2018-02-04 11:32:49');
INSERT INTO `posts` (`id`, `user_id`, `body`, `created_at`) VALUES ('53', '53', 'Cumque consequatur accusantium et eveniet consequatur. Nihil ad blanditiis ut eos aut. Qui earum laborum in pariatur eos omnis labore.', '2015-11-01 16:44:23');
INSERT INTO `posts` (`id`, `user_id`, `body`, `created_at`) VALUES ('54', '54', 'Ut ipsam officia quisquam dolorem magni necessitatibus amet. Labore nihil sit veritatis beatae. Accusamus magni harum aut quaerat ut nostrum quae. Magnam doloribus sit minus distinctio. Molestias quas commodi voluptas voluptatem reprehenderit voluptatum maxime.', '2002-12-26 09:23:15');
INSERT INTO `posts` (`id`, `user_id`, `body`, `created_at`) VALUES ('55', '55', 'Sed nihil sequi sunt magnam quisquam nostrum. Eos reprehenderit aliquam sit fugiat. Assumenda hic optio ut cupiditate delectus praesentium hic. Necessitatibus magni delectus eum ut mollitia aut.', '1994-07-25 12:28:16');
INSERT INTO `posts` (`id`, `user_id`, `body`, `created_at`) VALUES ('56', '56', 'Earum error nihil exercitationem porro. Dolor et nihil porro dignissimos. Minus architecto ipsam sed dolor eos.', '2013-03-12 00:11:04');
INSERT INTO `posts` (`id`, `user_id`, `body`, `created_at`) VALUES ('57', '57', 'Repellendus optio dolorum error mollitia ut numquam asperiores. Libero eligendi ipsum explicabo sit. Provident optio nihil laboriosam explicabo numquam dolorum. Harum ut numquam et earum sit dolor.', '1994-12-18 13:08:45');
INSERT INTO `posts` (`id`, `user_id`, `body`, `created_at`) VALUES ('58', '58', 'Quo vel libero quod explicabo a saepe. Ipsa nobis consequatur suscipit aliquam consequatur voluptatibus. Aut nostrum non cumque consequuntur alias voluptas quia.', '2008-10-07 06:27:00');
INSERT INTO `posts` (`id`, `user_id`, `body`, `created_at`) VALUES ('59', '59', 'Quae omnis a molestias dolores iure ea harum corporis. Quae id est maxime. Fugiat delectus molestiae tempora est. Sed nisi quasi saepe labore voluptatem.', '2007-06-30 06:50:02');
INSERT INTO `posts` (`id`, `user_id`, `body`, `created_at`) VALUES ('60', '60', 'Incidunt possimus aut excepturi. Voluptatem ut soluta accusamus saepe provident voluptatem labore qui. Quas eos ab est. Molestias tenetur adipisci odit qui.', '1989-06-07 23:53:55');
INSERT INTO `posts` (`id`, `user_id`, `body`, `created_at`) VALUES ('61', '61', 'Qui omnis quia voluptas quo debitis facilis. Aut rerum in saepe saepe quisquam et reprehenderit. Magnam reprehenderit consequuntur consectetur vero assumenda.', '1991-04-06 03:46:57');
INSERT INTO `posts` (`id`, `user_id`, `body`, `created_at`) VALUES ('62', '62', 'Aspernatur aperiam veniam perferendis sunt. Alias cum deleniti similique culpa aliquam veritatis ut deleniti. Sed magni natus doloremque distinctio. Doloremque voluptatem ipsam repellendus et. Alias corporis non et voluptatem id dignissimos beatae vel.', '1985-09-19 14:16:36');
INSERT INTO `posts` (`id`, `user_id`, `body`, `created_at`) VALUES ('63', '63', 'Quidem molestias ad enim esse aspernatur sed. Quos non ducimus et quaerat ut impedit ab. Quae consectetur quia dolor quos aut. Et suscipit et tempore sint ab rem doloremque aut.', '2002-05-31 00:39:07');
INSERT INTO `posts` (`id`, `user_id`, `body`, `created_at`) VALUES ('64', '64', 'Cum enim similique at dolor. Veritatis molestiae accusantium eum perspiciatis nisi non aliquam.', '1986-09-09 05:52:03');
INSERT INTO `posts` (`id`, `user_id`, `body`, `created_at`) VALUES ('65', '65', 'Minima iure dolorem harum temporibus blanditiis illo dolores. Cum quidem tempore delectus laudantium. Dicta omnis exercitationem ipsam unde. Voluptatem dolorum voluptate provident maxime.', '1995-04-21 08:54:23');
INSERT INTO `posts` (`id`, `user_id`, `body`, `created_at`) VALUES ('66', '66', 'Et at voluptas non voluptatem. Impedit in dolores modi error sunt vel. Dolores ut accusamus qui labore. Accusantium non aperiam magnam.', '2013-04-10 20:39:50');
INSERT INTO `posts` (`id`, `user_id`, `body`, `created_at`) VALUES ('67', '67', 'Laborum placeat quisquam aliquam distinctio quisquam. Est et dicta reiciendis dolor et atque vel. Veritatis omnis rerum sit quasi perferendis.', '1982-03-23 12:06:04');
INSERT INTO `posts` (`id`, `user_id`, `body`, `created_at`) VALUES ('68', '68', 'Blanditiis culpa repudiandae consequatur minima eius voluptatem et repudiandae. Ut nulla repellendus rerum et. At consequatur architecto assumenda. Suscipit amet voluptatem ut ea.', '1976-03-28 12:53:59');
INSERT INTO `posts` (`id`, `user_id`, `body`, `created_at`) VALUES ('69', '69', 'Id tempora autem molestiae et aspernatur. Esse dolores id aliquam quo quis eligendi eum. Est qui laboriosam consequatur voluptatibus maiores a.', '1982-11-22 10:59:46');
INSERT INTO `posts` (`id`, `user_id`, `body`, `created_at`) VALUES ('70', '70', 'Aut porro nihil et. Ab qui est placeat recusandae magnam quis. Explicabo aut nobis et possimus nisi necessitatibus eum.', '1988-11-15 22:24:12');
INSERT INTO `posts` (`id`, `user_id`, `body`, `created_at`) VALUES ('71', '71', 'Ipsam ipsam molestiae reprehenderit et. Esse dolorem voluptate blanditiis corrupti ipsum ad. Dicta occaecati non modi.', '1977-06-10 16:36:19');
INSERT INTO `posts` (`id`, `user_id`, `body`, `created_at`) VALUES ('72', '72', 'Debitis animi fuga est alias consequatur. Ducimus est vel porro est aspernatur. Iste maiores dolores animi enim rerum. Sapiente dignissimos necessitatibus quia dolorem incidunt maxime distinctio deleniti. Qui quod temporibus aut debitis eos.', '2005-06-18 00:03:58');
INSERT INTO `posts` (`id`, `user_id`, `body`, `created_at`) VALUES ('73', '73', 'Ducimus ut dolorum eos eius aut qui. Autem est a omnis ab voluptatem laudantium doloribus. Incidunt accusantium vitae itaque et corporis cum blanditiis. Commodi eum sint dicta consequatur dolores sequi. Et velit praesentium harum omnis id unde.', '1987-03-16 22:16:59');
INSERT INTO `posts` (`id`, `user_id`, `body`, `created_at`) VALUES ('74', '74', 'Temporibus corrupti enim rerum consectetur et. Dolor praesentium itaque animi labore sit nesciunt neque. Est molestiae consequatur aliquam perspiciatis omnis.', '2002-11-08 01:18:56');
INSERT INTO `posts` (`id`, `user_id`, `body`, `created_at`) VALUES ('75', '75', 'Ullam quisquam iste fugit veniam soluta et. Sit in tempora animi a. Iusto tenetur aut ipsum quo. Sit molestiae occaecati quia eos corporis quia qui sequi.', '1976-12-15 20:18:43');
INSERT INTO `posts` (`id`, `user_id`, `body`, `created_at`) VALUES ('76', '76', 'Et autem rerum architecto quibusdam. Dicta voluptatem dolor id nemo rerum. Molestias voluptate corrupti sint eum nulla. Quas eaque commodi rerum fugiat molestias voluptas dolore est.', '2014-08-11 00:07:55');
INSERT INTO `posts` (`id`, `user_id`, `body`, `created_at`) VALUES ('77', '77', 'Voluptatibus eius architecto quis perspiciatis quo. Blanditiis expedita voluptatibus veritatis sit voluptatem at. Minima itaque quas vero non eius dolorem modi. Dolor fugit expedita laborum excepturi veniam amet.', '2016-12-22 05:48:31');
INSERT INTO `posts` (`id`, `user_id`, `body`, `created_at`) VALUES ('78', '78', 'Et ut ullam ut in quasi. Commodi quisquam labore natus dolores libero rem cum. Consequatur quas mollitia amet.', '2015-09-13 09:55:52');
INSERT INTO `posts` (`id`, `user_id`, `body`, `created_at`) VALUES ('79', '79', 'Sint ex et magnam est consequatur laborum non. Quae reiciendis autem iusto similique maiores ducimus modi.', '1991-02-26 10:32:56');
INSERT INTO `posts` (`id`, `user_id`, `body`, `created_at`) VALUES ('80', '80', 'Aut nesciunt quod quam maxime eveniet omnis. Ex eius rem eum consequatur neque ut accusantium. Et illum aliquam quia fugit porro aut eius. Labore modi dolorem iure porro quia necessitatibus quis nobis.', '1993-07-28 12:20:35');
INSERT INTO `posts` (`id`, `user_id`, `body`, `created_at`) VALUES ('81', '81', 'Tempora fugiat enim provident natus molestias voluptas. Dolor veniam sed aliquid iusto repudiandae est necessitatibus molestias. Et laborum et omnis nihil.', '2008-12-26 08:02:41');
INSERT INTO `posts` (`id`, `user_id`, `body`, `created_at`) VALUES ('82', '82', 'Ut mollitia sapiente quis dolore. Omnis commodi voluptas rem earum nemo et. Amet non sequi commodi quia quo eum. Est odio voluptas ab odit quasi.', '1995-02-02 13:59:47');
INSERT INTO `posts` (`id`, `user_id`, `body`, `created_at`) VALUES ('83', '83', 'Veritatis qui rerum dolorem ut est. Illum autem et rerum voluptatibus qui dolore. Minus quia alias error animi culpa similique est rerum. Nihil voluptatibus in dolore tenetur eveniet sed. Dolorem eveniet non et omnis ut repellendus.', '1971-11-25 15:28:24');
INSERT INTO `posts` (`id`, `user_id`, `body`, `created_at`) VALUES ('84', '84', 'Sapiente ipsa non et et voluptatem. Est doloremque voluptas et est voluptatibus aut quod dolorem. Sequi odit minima perferendis praesentium non.', '2013-01-14 02:19:20');
INSERT INTO `posts` (`id`, `user_id`, `body`, `created_at`) VALUES ('85', '85', 'Quo necessitatibus delectus vero reprehenderit molestias eaque. Dolor ut nemo provident ab saepe placeat. Esse reiciendis maxime consectetur voluptas aut voluptatem.', '1999-06-20 09:03:36');
INSERT INTO `posts` (`id`, `user_id`, `body`, `created_at`) VALUES ('86', '86', 'Sunt sed impedit quia necessitatibus. Asperiores tenetur commodi error qui earum delectus at. Dolorem et et et ratione maiores.', '1986-12-28 02:52:05');
INSERT INTO `posts` (`id`, `user_id`, `body`, `created_at`) VALUES ('87', '87', 'Facere beatae amet dolorum quisquam excepturi. Harum molestias fuga voluptatum molestiae rerum eum dolorem. Et nihil totam aperiam deserunt molestias consequatur quaerat rem. Quibusdam at nihil nam tenetur et quo.', '1997-01-02 14:43:07');
INSERT INTO `posts` (`id`, `user_id`, `body`, `created_at`) VALUES ('88', '88', 'Autem reprehenderit est fugit quas perferendis. Ea ducimus et eos soluta odio. Esse veritatis quis dicta voluptate quisquam voluptatum.', '1993-08-08 20:16:22');
INSERT INTO `posts` (`id`, `user_id`, `body`, `created_at`) VALUES ('89', '89', 'Provident adipisci ad rerum dolores corporis illo. Et quia a laudantium odio ab voluptatem voluptatibus doloremque. Occaecati culpa nihil rerum provident.', '1979-04-25 00:35:40');
INSERT INTO `posts` (`id`, `user_id`, `body`, `created_at`) VALUES ('90', '90', 'Quam dignissimos nam magnam iure. Facere consectetur nulla fuga aspernatur exercitationem. Possimus veritatis ea qui ut.', '1984-07-27 21:03:36');
INSERT INTO `posts` (`id`, `user_id`, `body`, `created_at`) VALUES ('91', '91', 'Ut suscipit ut illo aut nihil sapiente molestias. Quaerat eos similique alias. Laborum et consequatur quod magni animi labore.', '1985-03-30 15:17:46');
INSERT INTO `posts` (`id`, `user_id`, `body`, `created_at`) VALUES ('92', '92', 'Laudantium nobis et ut autem quia. Odit necessitatibus ea modi tenetur et voluptatem ut non. Omnis quis nihil numquam recusandae qui error sed et. Consequatur similique repudiandae adipisci ea ad explicabo mollitia eum. Sunt minus omnis quia.', '1975-01-12 14:26:00');
INSERT INTO `posts` (`id`, `user_id`, `body`, `created_at`) VALUES ('93', '93', 'Sequi totam corporis esse quasi porro ut. Aut voluptate repellat voluptatum alias. Recusandae quam voluptas qui laboriosam porro numquam. Nostrum expedita suscipit qui.', '2013-10-22 01:15:31');
INSERT INTO `posts` (`id`, `user_id`, `body`, `created_at`) VALUES ('94', '94', 'Similique temporibus et consectetur nihil fuga. Et id et voluptatem maiores sint reiciendis. Quam numquam voluptate at ab iure pariatur qui quia. Omnis velit magni distinctio blanditiis nihil ex dolores.', '1978-04-21 22:34:19');
INSERT INTO `posts` (`id`, `user_id`, `body`, `created_at`) VALUES ('95', '95', 'Nulla non voluptatem odio asperiores enim pariatur voluptas. Et possimus et vel hic delectus. Odit neque ut itaque pariatur.', '1989-09-08 06:13:54');
INSERT INTO `posts` (`id`, `user_id`, `body`, `created_at`) VALUES ('96', '96', 'Voluptas libero quis cum consequatur officiis qui. Fugit aut numquam repudiandae veritatis consequatur. Non quaerat sit illum eveniet iure quibusdam eum. Voluptatum sunt officiis voluptas.', '1984-09-04 02:41:46');
INSERT INTO `posts` (`id`, `user_id`, `body`, `created_at`) VALUES ('97', '97', 'Accusamus voluptatum esse cupiditate recusandae et eveniet iste. Et laboriosam nostrum eum. Qui labore occaecati nesciunt perspiciatis. Tenetur nemo fugiat libero est officia accusamus et.', '1976-12-16 04:39:54');
INSERT INTO `posts` (`id`, `user_id`, `body`, `created_at`) VALUES ('98', '98', 'Fugit dolore animi ea inventore provident voluptate. Minus et aperiam rerum porro. Quae consequatur voluptatem natus consequatur iure quia possimus.', '2011-10-04 20:14:41');
INSERT INTO `posts` (`id`, `user_id`, `body`, `created_at`) VALUES ('99', '99', 'Cumque a accusantium quod sint. Dolor distinctio possimus voluptas ea alias dolores ipsa. Sed hic voluptatem consequuntur unde a perferendis. Consequatur aut sed aut temporibus nam asperiores quia.', '1992-10-20 00:59:34');
INSERT INTO `posts` (`id`, `user_id`, `body`, `created_at`) VALUES ('100', '100', 'Aut ad eos eos in eius qui nobis. Commodi deserunt quis natus sit autem aut itaque.', '1986-09-04 07:11:06');


#
# TABLE STRUCTURE FOR: posts_likes
#

DROP TABLE IF EXISTS `posts_likes`;

CREATE TABLE `posts_likes` (
  `id` bigint(20) unsigned NOT NULL AUTO_INCREMENT,
  `user_id` bigint(20) unsigned NOT NULL,
  `post_id` bigint(20) unsigned NOT NULL,
  `created_at` datetime DEFAULT current_timestamp(),
  PRIMARY KEY (`id`),
  KEY `user_id` (`user_id`),
  KEY `post_id` (`post_id`),
  CONSTRAINT `posts_likes_ibfk_1` FOREIGN KEY (`user_id`) REFERENCES `users` (`id`),
  CONSTRAINT `posts_likes_ibfk_2` FOREIGN KEY (`post_id`) REFERENCES `posts` (`id`)
) ENGINE=InnoDB AUTO_INCREMENT=101 DEFAULT CHARSET=utf8 COLLATE=utf8_unicode_ci;

INSERT INTO `posts_likes` (`id`, `user_id`, `post_id`, `created_at`) VALUES ('1', '1', '1', '1987-10-01 16:15:39');
INSERT INTO `posts_likes` (`id`, `user_id`, `post_id`, `created_at`) VALUES ('2', '2', '2', '1994-09-06 07:45:15');
INSERT INTO `posts_likes` (`id`, `user_id`, `post_id`, `created_at`) VALUES ('3', '3', '3', '2009-04-10 21:34:08');
INSERT INTO `posts_likes` (`id`, `user_id`, `post_id`, `created_at`) VALUES ('4', '4', '4', '1991-09-02 23:50:16');
INSERT INTO `posts_likes` (`id`, `user_id`, `post_id`, `created_at`) VALUES ('5', '5', '5', '1988-10-07 10:30:02');
INSERT INTO `posts_likes` (`id`, `user_id`, `post_id`, `created_at`) VALUES ('6', '6', '6', '1994-03-18 06:02:43');
INSERT INTO `posts_likes` (`id`, `user_id`, `post_id`, `created_at`) VALUES ('7', '7', '7', '2007-07-25 01:17:56');
INSERT INTO `posts_likes` (`id`, `user_id`, `post_id`, `created_at`) VALUES ('8', '8', '8', '2005-07-17 18:09:43');
INSERT INTO `posts_likes` (`id`, `user_id`, `post_id`, `created_at`) VALUES ('9', '9', '9', '1983-02-02 05:28:09');
INSERT INTO `posts_likes` (`id`, `user_id`, `post_id`, `created_at`) VALUES ('10', '10', '10', '1971-04-22 14:04:55');
INSERT INTO `posts_likes` (`id`, `user_id`, `post_id`, `created_at`) VALUES ('11', '11', '11', '1987-01-31 05:47:38');
INSERT INTO `posts_likes` (`id`, `user_id`, `post_id`, `created_at`) VALUES ('12', '12', '12', '1980-01-02 06:57:21');
INSERT INTO `posts_likes` (`id`, `user_id`, `post_id`, `created_at`) VALUES ('13', '13', '13', '2005-09-21 11:32:44');
INSERT INTO `posts_likes` (`id`, `user_id`, `post_id`, `created_at`) VALUES ('14', '14', '14', '2017-08-20 15:42:45');
INSERT INTO `posts_likes` (`id`, `user_id`, `post_id`, `created_at`) VALUES ('15', '15', '15', '1997-10-03 10:28:40');
INSERT INTO `posts_likes` (`id`, `user_id`, `post_id`, `created_at`) VALUES ('16', '16', '16', '1994-01-26 07:45:37');
INSERT INTO `posts_likes` (`id`, `user_id`, `post_id`, `created_at`) VALUES ('17', '17', '17', '2001-10-01 02:02:05');
INSERT INTO `posts_likes` (`id`, `user_id`, `post_id`, `created_at`) VALUES ('18', '18', '18', '2004-01-06 09:53:25');
INSERT INTO `posts_likes` (`id`, `user_id`, `post_id`, `created_at`) VALUES ('19', '19', '19', '1980-08-25 03:08:03');
INSERT INTO `posts_likes` (`id`, `user_id`, `post_id`, `created_at`) VALUES ('20', '20', '20', '1986-01-25 19:21:31');
INSERT INTO `posts_likes` (`id`, `user_id`, `post_id`, `created_at`) VALUES ('21', '21', '21', '2005-12-16 03:36:30');
INSERT INTO `posts_likes` (`id`, `user_id`, `post_id`, `created_at`) VALUES ('22', '22', '22', '2009-02-12 20:08:02');
INSERT INTO `posts_likes` (`id`, `user_id`, `post_id`, `created_at`) VALUES ('23', '23', '23', '1990-04-26 05:08:28');
INSERT INTO `posts_likes` (`id`, `user_id`, `post_id`, `created_at`) VALUES ('24', '24', '24', '1973-02-10 03:15:37');
INSERT INTO `posts_likes` (`id`, `user_id`, `post_id`, `created_at`) VALUES ('25', '25', '25', '1973-02-11 17:29:20');
INSERT INTO `posts_likes` (`id`, `user_id`, `post_id`, `created_at`) VALUES ('26', '26', '26', '1977-02-22 23:40:24');
INSERT INTO `posts_likes` (`id`, `user_id`, `post_id`, `created_at`) VALUES ('27', '27', '27', '1997-06-06 13:52:57');
INSERT INTO `posts_likes` (`id`, `user_id`, `post_id`, `created_at`) VALUES ('28', '28', '28', '1977-09-06 19:24:21');
INSERT INTO `posts_likes` (`id`, `user_id`, `post_id`, `created_at`) VALUES ('29', '29', '29', '1989-06-09 10:15:54');
INSERT INTO `posts_likes` (`id`, `user_id`, `post_id`, `created_at`) VALUES ('30', '30', '30', '1996-06-03 14:39:33');
INSERT INTO `posts_likes` (`id`, `user_id`, `post_id`, `created_at`) VALUES ('31', '31', '31', '2002-10-21 02:13:43');
INSERT INTO `posts_likes` (`id`, `user_id`, `post_id`, `created_at`) VALUES ('32', '32', '32', '2000-05-09 07:46:36');
INSERT INTO `posts_likes` (`id`, `user_id`, `post_id`, `created_at`) VALUES ('33', '33', '33', '1986-07-13 14:27:43');
INSERT INTO `posts_likes` (`id`, `user_id`, `post_id`, `created_at`) VALUES ('34', '34', '34', '1971-05-26 23:38:17');
INSERT INTO `posts_likes` (`id`, `user_id`, `post_id`, `created_at`) VALUES ('35', '35', '35', '1975-10-16 08:14:41');
INSERT INTO `posts_likes` (`id`, `user_id`, `post_id`, `created_at`) VALUES ('36', '36', '36', '1974-10-16 04:03:20');
INSERT INTO `posts_likes` (`id`, `user_id`, `post_id`, `created_at`) VALUES ('37', '37', '37', '2018-12-27 18:15:53');
INSERT INTO `posts_likes` (`id`, `user_id`, `post_id`, `created_at`) VALUES ('38', '38', '38', '1993-09-22 10:16:55');
INSERT INTO `posts_likes` (`id`, `user_id`, `post_id`, `created_at`) VALUES ('39', '39', '39', '2005-08-13 01:30:23');
INSERT INTO `posts_likes` (`id`, `user_id`, `post_id`, `created_at`) VALUES ('40', '40', '40', '2005-02-23 02:06:11');
INSERT INTO `posts_likes` (`id`, `user_id`, `post_id`, `created_at`) VALUES ('41', '41', '41', '2020-03-26 00:43:03');
INSERT INTO `posts_likes` (`id`, `user_id`, `post_id`, `created_at`) VALUES ('42', '42', '42', '1971-01-04 21:24:48');
INSERT INTO `posts_likes` (`id`, `user_id`, `post_id`, `created_at`) VALUES ('43', '43', '43', '1984-10-16 05:20:05');
INSERT INTO `posts_likes` (`id`, `user_id`, `post_id`, `created_at`) VALUES ('44', '44', '44', '1979-05-07 04:39:42');
INSERT INTO `posts_likes` (`id`, `user_id`, `post_id`, `created_at`) VALUES ('45', '45', '45', '2017-03-18 16:50:45');
INSERT INTO `posts_likes` (`id`, `user_id`, `post_id`, `created_at`) VALUES ('46', '46', '46', '2013-12-17 11:12:25');
INSERT INTO `posts_likes` (`id`, `user_id`, `post_id`, `created_at`) VALUES ('47', '47', '47', '1999-05-01 23:12:58');
INSERT INTO `posts_likes` (`id`, `user_id`, `post_id`, `created_at`) VALUES ('48', '48', '48', '1994-12-21 07:13:23');
INSERT INTO `posts_likes` (`id`, `user_id`, `post_id`, `created_at`) VALUES ('49', '49', '49', '1974-08-27 23:51:49');
INSERT INTO `posts_likes` (`id`, `user_id`, `post_id`, `created_at`) VALUES ('50', '50', '50', '1997-07-24 23:34:04');
INSERT INTO `posts_likes` (`id`, `user_id`, `post_id`, `created_at`) VALUES ('51', '51', '51', '1985-09-28 03:54:14');
INSERT INTO `posts_likes` (`id`, `user_id`, `post_id`, `created_at`) VALUES ('52', '52', '52', '1977-11-13 16:40:48');
INSERT INTO `posts_likes` (`id`, `user_id`, `post_id`, `created_at`) VALUES ('53', '53', '53', '1977-06-01 21:45:42');
INSERT INTO `posts_likes` (`id`, `user_id`, `post_id`, `created_at`) VALUES ('54', '54', '54', '1976-04-20 01:27:00');
INSERT INTO `posts_likes` (`id`, `user_id`, `post_id`, `created_at`) VALUES ('55', '55', '55', '1976-01-24 08:26:18');
INSERT INTO `posts_likes` (`id`, `user_id`, `post_id`, `created_at`) VALUES ('56', '56', '56', '1994-03-12 22:42:42');
INSERT INTO `posts_likes` (`id`, `user_id`, `post_id`, `created_at`) VALUES ('57', '57', '57', '1982-04-07 17:25:58');
INSERT INTO `posts_likes` (`id`, `user_id`, `post_id`, `created_at`) VALUES ('58', '58', '58', '1980-03-26 16:06:56');
INSERT INTO `posts_likes` (`id`, `user_id`, `post_id`, `created_at`) VALUES ('59', '59', '59', '2015-10-24 16:08:09');
INSERT INTO `posts_likes` (`id`, `user_id`, `post_id`, `created_at`) VALUES ('60', '60', '60', '1995-08-23 13:18:06');
INSERT INTO `posts_likes` (`id`, `user_id`, `post_id`, `created_at`) VALUES ('61', '61', '61', '1973-06-14 12:05:00');
INSERT INTO `posts_likes` (`id`, `user_id`, `post_id`, `created_at`) VALUES ('62', '62', '62', '2005-12-15 01:37:50');
INSERT INTO `posts_likes` (`id`, `user_id`, `post_id`, `created_at`) VALUES ('63', '63', '63', '1996-12-21 20:20:18');
INSERT INTO `posts_likes` (`id`, `user_id`, `post_id`, `created_at`) VALUES ('64', '64', '64', '1973-01-20 10:13:49');
INSERT INTO `posts_likes` (`id`, `user_id`, `post_id`, `created_at`) VALUES ('65', '65', '65', '2001-03-15 07:19:11');
INSERT INTO `posts_likes` (`id`, `user_id`, `post_id`, `created_at`) VALUES ('66', '66', '66', '2003-09-20 11:35:43');
INSERT INTO `posts_likes` (`id`, `user_id`, `post_id`, `created_at`) VALUES ('67', '67', '67', '2008-02-11 11:09:44');
INSERT INTO `posts_likes` (`id`, `user_id`, `post_id`, `created_at`) VALUES ('68', '68', '68', '2017-12-15 13:25:18');
INSERT INTO `posts_likes` (`id`, `user_id`, `post_id`, `created_at`) VALUES ('69', '69', '69', '1987-12-25 06:06:59');
INSERT INTO `posts_likes` (`id`, `user_id`, `post_id`, `created_at`) VALUES ('70', '70', '70', '1976-12-30 21:04:35');
INSERT INTO `posts_likes` (`id`, `user_id`, `post_id`, `created_at`) VALUES ('71', '71', '71', '1985-12-30 10:11:30');
INSERT INTO `posts_likes` (`id`, `user_id`, `post_id`, `created_at`) VALUES ('72', '72', '72', '1980-04-27 15:02:09');
INSERT INTO `posts_likes` (`id`, `user_id`, `post_id`, `created_at`) VALUES ('73', '73', '73', '1985-03-10 15:34:02');
INSERT INTO `posts_likes` (`id`, `user_id`, `post_id`, `created_at`) VALUES ('74', '74', '74', '2003-10-05 09:52:50');
INSERT INTO `posts_likes` (`id`, `user_id`, `post_id`, `created_at`) VALUES ('75', '75', '75', '1975-10-18 02:09:48');
INSERT INTO `posts_likes` (`id`, `user_id`, `post_id`, `created_at`) VALUES ('76', '76', '76', '2007-10-19 16:31:35');
INSERT INTO `posts_likes` (`id`, `user_id`, `post_id`, `created_at`) VALUES ('77', '77', '77', '1972-09-17 20:36:05');
INSERT INTO `posts_likes` (`id`, `user_id`, `post_id`, `created_at`) VALUES ('78', '78', '78', '1975-06-02 12:33:51');
INSERT INTO `posts_likes` (`id`, `user_id`, `post_id`, `created_at`) VALUES ('79', '79', '79', '1992-03-26 20:41:57');
INSERT INTO `posts_likes` (`id`, `user_id`, `post_id`, `created_at`) VALUES ('80', '80', '80', '2015-08-31 14:13:33');
INSERT INTO `posts_likes` (`id`, `user_id`, `post_id`, `created_at`) VALUES ('81', '81', '81', '1985-04-21 17:27:43');
INSERT INTO `posts_likes` (`id`, `user_id`, `post_id`, `created_at`) VALUES ('82', '82', '82', '1973-02-09 05:30:45');
INSERT INTO `posts_likes` (`id`, `user_id`, `post_id`, `created_at`) VALUES ('83', '83', '83', '1970-03-13 03:37:11');
INSERT INTO `posts_likes` (`id`, `user_id`, `post_id`, `created_at`) VALUES ('84', '84', '84', '2013-01-25 12:50:43');
INSERT INTO `posts_likes` (`id`, `user_id`, `post_id`, `created_at`) VALUES ('85', '85', '85', '2017-03-30 21:29:46');
INSERT INTO `posts_likes` (`id`, `user_id`, `post_id`, `created_at`) VALUES ('86', '86', '86', '1996-02-03 22:31:48');
INSERT INTO `posts_likes` (`id`, `user_id`, `post_id`, `created_at`) VALUES ('87', '87', '87', '1988-08-06 18:10:25');
INSERT INTO `posts_likes` (`id`, `user_id`, `post_id`, `created_at`) VALUES ('88', '88', '88', '2011-10-12 10:03:43');
INSERT INTO `posts_likes` (`id`, `user_id`, `post_id`, `created_at`) VALUES ('89', '89', '89', '2003-08-30 05:23:22');
INSERT INTO `posts_likes` (`id`, `user_id`, `post_id`, `created_at`) VALUES ('90', '90', '90', '1977-01-06 03:15:59');
INSERT INTO `posts_likes` (`id`, `user_id`, `post_id`, `created_at`) VALUES ('91', '91', '91', '1984-03-11 22:01:47');
INSERT INTO `posts_likes` (`id`, `user_id`, `post_id`, `created_at`) VALUES ('92', '92', '92', '1983-04-09 06:07:36');
INSERT INTO `posts_likes` (`id`, `user_id`, `post_id`, `created_at`) VALUES ('93', '93', '93', '2004-12-28 09:21:43');
INSERT INTO `posts_likes` (`id`, `user_id`, `post_id`, `created_at`) VALUES ('94', '94', '94', '2002-03-28 17:00:24');
INSERT INTO `posts_likes` (`id`, `user_id`, `post_id`, `created_at`) VALUES ('95', '95', '95', '2006-05-30 06:54:47');
INSERT INTO `posts_likes` (`id`, `user_id`, `post_id`, `created_at`) VALUES ('96', '96', '96', '2013-04-20 10:06:56');
INSERT INTO `posts_likes` (`id`, `user_id`, `post_id`, `created_at`) VALUES ('97', '97', '97', '2017-07-25 18:06:06');
INSERT INTO `posts_likes` (`id`, `user_id`, `post_id`, `created_at`) VALUES ('98', '98', '98', '2010-02-08 06:23:12');
INSERT INTO `posts_likes` (`id`, `user_id`, `post_id`, `created_at`) VALUES ('99', '99', '99', '1995-05-10 14:50:39');
INSERT INTO `posts_likes` (`id`, `user_id`, `post_id`, `created_at`) VALUES ('100', '100', '100', '2001-12-10 19:55:34');


#
# TABLE STRUCTURE FOR: profiles
#

DROP TABLE IF EXISTS `profiles`;

CREATE TABLE `profiles` (
  `user_id` bigint(20) unsigned NOT NULL AUTO_INCREMENT,
  `gender` char(1) COLLATE utf8_unicode_ci DEFAULT NULL,
  `birthday` date DEFAULT NULL,
  `photo_id` bigint(20) unsigned DEFAULT NULL,
  `created_at` datetime DEFAULT current_timestamp(),
  `hometown` varchar(100) COLLATE utf8_unicode_ci DEFAULT NULL,
  PRIMARY KEY (`user_id`),
  CONSTRAINT `profiles_ibfk_1` FOREIGN KEY (`user_id`) REFERENCES `users` (`id`) ON UPDATE CASCADE
) ENGINE=InnoDB AUTO_INCREMENT=101 DEFAULT CHARSET=utf8 COLLATE=utf8_unicode_ci;

INSERT INTO `profiles` (`user_id`, `gender`, `birthday`, `photo_id`, `created_at`, `hometown`) VALUES ('1', NULL, '1983-06-25', '1', '2008-03-13 16:28:47', NULL);
INSERT INTO `profiles` (`user_id`, `gender`, `birthday`, `photo_id`, `created_at`, `hometown`) VALUES ('2', NULL, '1974-02-14', '2', '1992-06-29 10:25:34', NULL);
INSERT INTO `profiles` (`user_id`, `gender`, `birthday`, `photo_id`, `created_at`, `hometown`) VALUES ('3', NULL, '1984-06-19', '3', '2013-02-19 13:53:09', NULL);
INSERT INTO `profiles` (`user_id`, `gender`, `birthday`, `photo_id`, `created_at`, `hometown`) VALUES ('4', NULL, '1980-03-05', '4', '1995-11-17 07:19:34', NULL);
INSERT INTO `profiles` (`user_id`, `gender`, `birthday`, `photo_id`, `created_at`, `hometown`) VALUES ('5', NULL, '1988-01-28', '5', '1981-03-29 05:50:38', NULL);
INSERT INTO `profiles` (`user_id`, `gender`, `birthday`, `photo_id`, `created_at`, `hometown`) VALUES ('6', NULL, '1978-05-07', '6', '2011-08-02 20:57:59', NULL);
INSERT INTO `profiles` (`user_id`, `gender`, `birthday`, `photo_id`, `created_at`, `hometown`) VALUES ('7', NULL, '1970-10-31', '7', '2009-12-11 18:18:20', NULL);
INSERT INTO `profiles` (`user_id`, `gender`, `birthday`, `photo_id`, `created_at`, `hometown`) VALUES ('8', NULL, '1971-03-07', '8', '2019-02-04 23:14:15', NULL);
INSERT INTO `profiles` (`user_id`, `gender`, `birthday`, `photo_id`, `created_at`, `hometown`) VALUES ('9', NULL, '1990-09-15', '9', '1983-07-16 17:28:13', NULL);
INSERT INTO `profiles` (`user_id`, `gender`, `birthday`, `photo_id`, `created_at`, `hometown`) VALUES ('10', NULL, '2016-02-23', '10', '1985-05-03 19:26:13', NULL);
INSERT INTO `profiles` (`user_id`, `gender`, `birthday`, `photo_id`, `created_at`, `hometown`) VALUES ('11', NULL, '2018-10-13', '11', '1975-01-15 04:02:53', NULL);
INSERT INTO `profiles` (`user_id`, `gender`, `birthday`, `photo_id`, `created_at`, `hometown`) VALUES ('12', NULL, '1972-02-27', '12', '2017-10-01 13:14:38', NULL);
INSERT INTO `profiles` (`user_id`, `gender`, `birthday`, `photo_id`, `created_at`, `hometown`) VALUES ('13', NULL, '2012-05-03', '13', '1976-09-20 08:13:56', NULL);
INSERT INTO `profiles` (`user_id`, `gender`, `birthday`, `photo_id`, `created_at`, `hometown`) VALUES ('14', NULL, '2002-12-11', '14', '2005-07-14 08:24:18', NULL);
INSERT INTO `profiles` (`user_id`, `gender`, `birthday`, `photo_id`, `created_at`, `hometown`) VALUES ('15', NULL, '1979-09-09', '15', '2016-11-04 20:28:20', NULL);
INSERT INTO `profiles` (`user_id`, `gender`, `birthday`, `photo_id`, `created_at`, `hometown`) VALUES ('16', NULL, '2014-03-17', '16', '1988-03-24 02:08:51', NULL);
INSERT INTO `profiles` (`user_id`, `gender`, `birthday`, `photo_id`, `created_at`, `hometown`) VALUES ('17', NULL, '2014-12-14', '17', '2000-04-08 16:22:09', NULL);
INSERT INTO `profiles` (`user_id`, `gender`, `birthday`, `photo_id`, `created_at`, `hometown`) VALUES ('18', NULL, '2003-07-11', '18', '1992-01-01 04:20:54', NULL);
INSERT INTO `profiles` (`user_id`, `gender`, `birthday`, `photo_id`, `created_at`, `hometown`) VALUES ('19', NULL, '1991-05-16', '19', '2001-04-25 01:08:04', NULL);
INSERT INTO `profiles` (`user_id`, `gender`, `birthday`, `photo_id`, `created_at`, `hometown`) VALUES ('20', NULL, '1999-03-29', '20', '2008-10-26 01:50:45', NULL);
INSERT INTO `profiles` (`user_id`, `gender`, `birthday`, `photo_id`, `created_at`, `hometown`) VALUES ('21', NULL, '1991-03-30', '21', '2016-09-23 15:58:18', NULL);
INSERT INTO `profiles` (`user_id`, `gender`, `birthday`, `photo_id`, `created_at`, `hometown`) VALUES ('22', NULL, '1997-11-25', '22', '2003-09-09 08:17:13', NULL);
INSERT INTO `profiles` (`user_id`, `gender`, `birthday`, `photo_id`, `created_at`, `hometown`) VALUES ('23', NULL, '1979-11-28', '23', '2008-08-02 07:52:30', NULL);
INSERT INTO `profiles` (`user_id`, `gender`, `birthday`, `photo_id`, `created_at`, `hometown`) VALUES ('24', NULL, '2010-06-28', '24', '1972-02-01 12:00:44', NULL);
INSERT INTO `profiles` (`user_id`, `gender`, `birthday`, `photo_id`, `created_at`, `hometown`) VALUES ('25', NULL, '2010-08-17', '25', '2002-05-02 12:03:04', NULL);
INSERT INTO `profiles` (`user_id`, `gender`, `birthday`, `photo_id`, `created_at`, `hometown`) VALUES ('26', NULL, '2019-08-27', '26', '2007-03-24 05:16:55', NULL);
INSERT INTO `profiles` (`user_id`, `gender`, `birthday`, `photo_id`, `created_at`, `hometown`) VALUES ('27', NULL, '1989-01-04', '27', '1977-11-08 13:36:38', NULL);
INSERT INTO `profiles` (`user_id`, `gender`, `birthday`, `photo_id`, `created_at`, `hometown`) VALUES ('28', NULL, '2016-08-18', '28', '2008-08-24 23:44:03', NULL);
INSERT INTO `profiles` (`user_id`, `gender`, `birthday`, `photo_id`, `created_at`, `hometown`) VALUES ('29', NULL, '2012-01-02', '29', '2011-01-09 04:33:12', NULL);
INSERT INTO `profiles` (`user_id`, `gender`, `birthday`, `photo_id`, `created_at`, `hometown`) VALUES ('30', NULL, '1980-03-04', '30', '1997-08-04 07:42:11', NULL);
INSERT INTO `profiles` (`user_id`, `gender`, `birthday`, `photo_id`, `created_at`, `hometown`) VALUES ('31', NULL, '2007-08-03', '31', '2005-02-07 14:37:51', NULL);
INSERT INTO `profiles` (`user_id`, `gender`, `birthday`, `photo_id`, `created_at`, `hometown`) VALUES ('32', NULL, '1976-10-28', '32', '2009-09-10 01:57:48', NULL);
INSERT INTO `profiles` (`user_id`, `gender`, `birthday`, `photo_id`, `created_at`, `hometown`) VALUES ('33', NULL, '2004-08-25', '33', '1972-02-03 06:38:58', NULL);
INSERT INTO `profiles` (`user_id`, `gender`, `birthday`, `photo_id`, `created_at`, `hometown`) VALUES ('34', NULL, '1995-03-28', '34', '1999-06-01 06:57:12', NULL);
INSERT INTO `profiles` (`user_id`, `gender`, `birthday`, `photo_id`, `created_at`, `hometown`) VALUES ('35', NULL, '2001-11-22', '35', '1981-04-26 22:33:49', NULL);
INSERT INTO `profiles` (`user_id`, `gender`, `birthday`, `photo_id`, `created_at`, `hometown`) VALUES ('36', NULL, '1971-05-28', '36', '2013-09-25 02:19:27', NULL);
INSERT INTO `profiles` (`user_id`, `gender`, `birthday`, `photo_id`, `created_at`, `hometown`) VALUES ('37', NULL, '1975-07-08', '37', '2018-07-24 18:32:55', NULL);
INSERT INTO `profiles` (`user_id`, `gender`, `birthday`, `photo_id`, `created_at`, `hometown`) VALUES ('38', NULL, '1981-09-22', '38', '2008-05-10 17:15:06', NULL);
INSERT INTO `profiles` (`user_id`, `gender`, `birthday`, `photo_id`, `created_at`, `hometown`) VALUES ('39', NULL, '2015-09-10', '39', '1999-12-11 00:10:43', NULL);
INSERT INTO `profiles` (`user_id`, `gender`, `birthday`, `photo_id`, `created_at`, `hometown`) VALUES ('40', NULL, '2012-08-24', '40', '1998-11-12 04:14:52', NULL);
INSERT INTO `profiles` (`user_id`, `gender`, `birthday`, `photo_id`, `created_at`, `hometown`) VALUES ('41', NULL, '2010-02-15', '41', '2004-04-19 21:44:55', NULL);
INSERT INTO `profiles` (`user_id`, `gender`, `birthday`, `photo_id`, `created_at`, `hometown`) VALUES ('42', NULL, '1990-08-07', '42', '2016-10-31 10:57:51', NULL);
INSERT INTO `profiles` (`user_id`, `gender`, `birthday`, `photo_id`, `created_at`, `hometown`) VALUES ('43', NULL, '1977-02-21', '43', '1970-11-07 15:45:28', NULL);
INSERT INTO `profiles` (`user_id`, `gender`, `birthday`, `photo_id`, `created_at`, `hometown`) VALUES ('44', NULL, '1994-07-27', '44', '1979-04-09 07:51:04', NULL);
INSERT INTO `profiles` (`user_id`, `gender`, `birthday`, `photo_id`, `created_at`, `hometown`) VALUES ('45', NULL, '1977-02-17', '45', '1973-10-31 02:03:52', NULL);
INSERT INTO `profiles` (`user_id`, `gender`, `birthday`, `photo_id`, `created_at`, `hometown`) VALUES ('46', NULL, '2003-02-01', '46', '2016-07-19 22:57:16', NULL);
INSERT INTO `profiles` (`user_id`, `gender`, `birthday`, `photo_id`, `created_at`, `hometown`) VALUES ('47', NULL, '2018-12-25', '47', '1983-07-14 03:07:50', NULL);
INSERT INTO `profiles` (`user_id`, `gender`, `birthday`, `photo_id`, `created_at`, `hometown`) VALUES ('48', NULL, '1989-07-04', '48', '2005-04-12 10:19:07', NULL);
INSERT INTO `profiles` (`user_id`, `gender`, `birthday`, `photo_id`, `created_at`, `hometown`) VALUES ('49', NULL, '2007-05-25', '49', '1990-07-11 05:26:39', NULL);
INSERT INTO `profiles` (`user_id`, `gender`, `birthday`, `photo_id`, `created_at`, `hometown`) VALUES ('50', NULL, '1996-04-13', '50', '1971-04-06 06:30:06', NULL);
INSERT INTO `profiles` (`user_id`, `gender`, `birthday`, `photo_id`, `created_at`, `hometown`) VALUES ('51', NULL, '2003-05-31', '51', '1995-02-16 07:02:49', NULL);
INSERT INTO `profiles` (`user_id`, `gender`, `birthday`, `photo_id`, `created_at`, `hometown`) VALUES ('52', NULL, '1984-11-28', '52', '2002-02-23 05:07:21', NULL);
INSERT INTO `profiles` (`user_id`, `gender`, `birthday`, `photo_id`, `created_at`, `hometown`) VALUES ('53', NULL, '2005-05-11', '53', '1995-06-18 14:59:57', NULL);
INSERT INTO `profiles` (`user_id`, `gender`, `birthday`, `photo_id`, `created_at`, `hometown`) VALUES ('54', NULL, '1970-01-29', '54', '1973-01-17 12:28:39', NULL);
INSERT INTO `profiles` (`user_id`, `gender`, `birthday`, `photo_id`, `created_at`, `hometown`) VALUES ('55', NULL, '1984-12-03', '55', '1992-07-07 02:20:49', NULL);
INSERT INTO `profiles` (`user_id`, `gender`, `birthday`, `photo_id`, `created_at`, `hometown`) VALUES ('56', NULL, '2014-09-26', '56', '1985-12-11 14:39:17', NULL);
INSERT INTO `profiles` (`user_id`, `gender`, `birthday`, `photo_id`, `created_at`, `hometown`) VALUES ('57', NULL, '1982-09-20', '57', '2009-10-16 21:11:25', NULL);
INSERT INTO `profiles` (`user_id`, `gender`, `birthday`, `photo_id`, `created_at`, `hometown`) VALUES ('58', NULL, '2018-08-30', '58', '2016-10-16 01:53:10', NULL);
INSERT INTO `profiles` (`user_id`, `gender`, `birthday`, `photo_id`, `created_at`, `hometown`) VALUES ('59', NULL, '2001-07-21', '59', '1989-06-21 00:07:36', NULL);
INSERT INTO `profiles` (`user_id`, `gender`, `birthday`, `photo_id`, `created_at`, `hometown`) VALUES ('60', NULL, '1995-12-11', '60', '2005-06-22 17:45:35', NULL);
INSERT INTO `profiles` (`user_id`, `gender`, `birthday`, `photo_id`, `created_at`, `hometown`) VALUES ('61', NULL, '1998-09-25', '61', '2017-07-02 08:58:02', NULL);
INSERT INTO `profiles` (`user_id`, `gender`, `birthday`, `photo_id`, `created_at`, `hometown`) VALUES ('62', NULL, '1987-07-14', '62', '1976-05-06 18:03:01', NULL);
INSERT INTO `profiles` (`user_id`, `gender`, `birthday`, `photo_id`, `created_at`, `hometown`) VALUES ('63', NULL, '2010-03-05', '63', '1974-07-05 09:55:38', NULL);
INSERT INTO `profiles` (`user_id`, `gender`, `birthday`, `photo_id`, `created_at`, `hometown`) VALUES ('64', NULL, '1976-06-12', '64', '2014-06-13 09:50:46', NULL);
INSERT INTO `profiles` (`user_id`, `gender`, `birthday`, `photo_id`, `created_at`, `hometown`) VALUES ('65', NULL, '2009-10-30', '65', '2009-07-27 01:21:39', NULL);
INSERT INTO `profiles` (`user_id`, `gender`, `birthday`, `photo_id`, `created_at`, `hometown`) VALUES ('66', NULL, '2006-03-27', '66', '2008-04-27 19:25:56', NULL);
INSERT INTO `profiles` (`user_id`, `gender`, `birthday`, `photo_id`, `created_at`, `hometown`) VALUES ('67', NULL, '2009-05-18', '67', '2003-06-03 12:32:00', NULL);
INSERT INTO `profiles` (`user_id`, `gender`, `birthday`, `photo_id`, `created_at`, `hometown`) VALUES ('68', NULL, '2000-11-13', '68', '2015-06-04 15:03:16', NULL);
INSERT INTO `profiles` (`user_id`, `gender`, `birthday`, `photo_id`, `created_at`, `hometown`) VALUES ('69', NULL, '2009-03-07', '69', '2010-04-15 22:46:29', NULL);
INSERT INTO `profiles` (`user_id`, `gender`, `birthday`, `photo_id`, `created_at`, `hometown`) VALUES ('70', NULL, '2020-03-08', '70', '1976-07-04 17:26:17', NULL);
INSERT INTO `profiles` (`user_id`, `gender`, `birthday`, `photo_id`, `created_at`, `hometown`) VALUES ('71', NULL, '2017-07-23', '71', '1980-05-02 13:08:52', NULL);
INSERT INTO `profiles` (`user_id`, `gender`, `birthday`, `photo_id`, `created_at`, `hometown`) VALUES ('72', NULL, '2005-10-02', '72', '1992-07-20 04:35:46', NULL);
INSERT INTO `profiles` (`user_id`, `gender`, `birthday`, `photo_id`, `created_at`, `hometown`) VALUES ('73', NULL, '1975-11-20', '73', '2010-10-21 01:33:32', NULL);
INSERT INTO `profiles` (`user_id`, `gender`, `birthday`, `photo_id`, `created_at`, `hometown`) VALUES ('74', NULL, '1989-12-18', '74', '1986-12-06 01:52:47', NULL);
INSERT INTO `profiles` (`user_id`, `gender`, `birthday`, `photo_id`, `created_at`, `hometown`) VALUES ('75', NULL, '2011-11-05', '75', '2013-11-09 14:02:34', NULL);
INSERT INTO `profiles` (`user_id`, `gender`, `birthday`, `photo_id`, `created_at`, `hometown`) VALUES ('76', NULL, '1994-05-21', '76', '2012-06-15 17:13:17', NULL);
INSERT INTO `profiles` (`user_id`, `gender`, `birthday`, `photo_id`, `created_at`, `hometown`) VALUES ('77', NULL, '1997-11-12', '77', '1973-02-18 16:50:40', NULL);
INSERT INTO `profiles` (`user_id`, `gender`, `birthday`, `photo_id`, `created_at`, `hometown`) VALUES ('78', NULL, '2009-04-12', '78', '2005-12-28 16:33:24', NULL);
INSERT INTO `profiles` (`user_id`, `gender`, `birthday`, `photo_id`, `created_at`, `hometown`) VALUES ('79', NULL, '1976-01-08', '79', '1985-08-24 07:04:34', NULL);
INSERT INTO `profiles` (`user_id`, `gender`, `birthday`, `photo_id`, `created_at`, `hometown`) VALUES ('80', NULL, '1979-05-14', '80', '2003-02-11 11:39:58', NULL);
INSERT INTO `profiles` (`user_id`, `gender`, `birthday`, `photo_id`, `created_at`, `hometown`) VALUES ('81', NULL, '2015-06-08', '81', '2015-01-12 16:27:00', NULL);
INSERT INTO `profiles` (`user_id`, `gender`, `birthday`, `photo_id`, `created_at`, `hometown`) VALUES ('82', NULL, '1991-03-14', '82', '1993-10-16 11:48:18', NULL);
INSERT INTO `profiles` (`user_id`, `gender`, `birthday`, `photo_id`, `created_at`, `hometown`) VALUES ('83', NULL, '1996-03-08', '83', '1987-10-18 22:26:20', NULL);
INSERT INTO `profiles` (`user_id`, `gender`, `birthday`, `photo_id`, `created_at`, `hometown`) VALUES ('84', NULL, '1977-03-02', '84', '1979-12-24 10:19:27', NULL);
INSERT INTO `profiles` (`user_id`, `gender`, `birthday`, `photo_id`, `created_at`, `hometown`) VALUES ('85', NULL, '1990-07-12', '85', '1983-09-16 06:58:02', NULL);
INSERT INTO `profiles` (`user_id`, `gender`, `birthday`, `photo_id`, `created_at`, `hometown`) VALUES ('86', NULL, '1994-10-11', '86', '1970-04-09 23:59:43', NULL);
INSERT INTO `profiles` (`user_id`, `gender`, `birthday`, `photo_id`, `created_at`, `hometown`) VALUES ('87', NULL, '1991-02-06', '87', '1991-03-29 08:29:34', NULL);
INSERT INTO `profiles` (`user_id`, `gender`, `birthday`, `photo_id`, `created_at`, `hometown`) VALUES ('88', NULL, '2019-09-22', '88', '1984-07-22 15:50:35', NULL);
INSERT INTO `profiles` (`user_id`, `gender`, `birthday`, `photo_id`, `created_at`, `hometown`) VALUES ('89', NULL, '1973-03-03', '89', '1976-11-20 17:26:35', NULL);
INSERT INTO `profiles` (`user_id`, `gender`, `birthday`, `photo_id`, `created_at`, `hometown`) VALUES ('90', NULL, '2019-11-21', '90', '2007-11-11 10:37:17', NULL);
INSERT INTO `profiles` (`user_id`, `gender`, `birthday`, `photo_id`, `created_at`, `hometown`) VALUES ('91', NULL, '1977-04-24', '91', '1992-03-20 07:02:02', NULL);
INSERT INTO `profiles` (`user_id`, `gender`, `birthday`, `photo_id`, `created_at`, `hometown`) VALUES ('92', NULL, '1973-12-09', '92', '2001-05-22 17:55:46', NULL);
INSERT INTO `profiles` (`user_id`, `gender`, `birthday`, `photo_id`, `created_at`, `hometown`) VALUES ('93', NULL, '1977-05-12', '93', '1975-06-05 11:14:38', NULL);
INSERT INTO `profiles` (`user_id`, `gender`, `birthday`, `photo_id`, `created_at`, `hometown`) VALUES ('94', NULL, '1997-09-30', '94', '1988-12-13 07:22:32', NULL);
INSERT INTO `profiles` (`user_id`, `gender`, `birthday`, `photo_id`, `created_at`, `hometown`) VALUES ('95', NULL, '1977-01-29', '95', '2012-10-23 12:59:51', NULL);
INSERT INTO `profiles` (`user_id`, `gender`, `birthday`, `photo_id`, `created_at`, `hometown`) VALUES ('96', NULL, '2001-05-12', '96', '1990-05-22 04:26:15', NULL);
INSERT INTO `profiles` (`user_id`, `gender`, `birthday`, `photo_id`, `created_at`, `hometown`) VALUES ('97', NULL, '2017-10-05', '97', '2018-04-11 07:11:29', NULL);
INSERT INTO `profiles` (`user_id`, `gender`, `birthday`, `photo_id`, `created_at`, `hometown`) VALUES ('98', NULL, '1980-08-30', '98', '1971-04-05 10:05:19', NULL);
INSERT INTO `profiles` (`user_id`, `gender`, `birthday`, `photo_id`, `created_at`, `hometown`) VALUES ('99', NULL, '1979-06-19', '99', '1985-03-29 12:01:56', NULL);
INSERT INTO `profiles` (`user_id`, `gender`, `birthday`, `photo_id`, `created_at`, `hometown`) VALUES ('100', NULL, '1987-06-07', '100', '1975-09-10 10:30:27', NULL);


#
# TABLE STRUCTURE FOR: users
#


#
# TABLE STRUCTURE FOR: users_communities
#

DROP TABLE IF EXISTS `users_communities`;

CREATE TABLE `users_communities` (
  `user_id` bigint(20) unsigned NOT NULL,
  `community_id` bigint(20) unsigned NOT NULL,
  PRIMARY KEY (`user_id`,`community_id`),
  KEY `community_id` (`community_id`),
  CONSTRAINT `users_communities_ibfk_1` FOREIGN KEY (`user_id`) REFERENCES `users` (`id`),
  CONSTRAINT `users_communities_ibfk_2` FOREIGN KEY (`community_id`) REFERENCES `communities` (`id`)
) ENGINE=InnoDB DEFAULT CHARSET=utf8 COLLATE=utf8_unicode_ci;

INSERT INTO `users_communities` (`user_id`, `community_id`) VALUES ('1', '1');
INSERT INTO `users_communities` (`user_id`, `community_id`) VALUES ('2', '2');
INSERT INTO `users_communities` (`user_id`, `community_id`) VALUES ('3', '3');
INSERT INTO `users_communities` (`user_id`, `community_id`) VALUES ('4', '4');
INSERT INTO `users_communities` (`user_id`, `community_id`) VALUES ('5', '5');
INSERT INTO `users_communities` (`user_id`, `community_id`) VALUES ('6', '6');
INSERT INTO `users_communities` (`user_id`, `community_id`) VALUES ('7', '7');
INSERT INTO `users_communities` (`user_id`, `community_id`) VALUES ('8', '8');
INSERT INTO `users_communities` (`user_id`, `community_id`) VALUES ('9', '9');
INSERT INTO `users_communities` (`user_id`, `community_id`) VALUES ('10', '10');
INSERT INTO `users_communities` (`user_id`, `community_id`) VALUES ('11', '11');
INSERT INTO `users_communities` (`user_id`, `community_id`) VALUES ('12', '12');
INSERT INTO `users_communities` (`user_id`, `community_id`) VALUES ('13', '13');
INSERT INTO `users_communities` (`user_id`, `community_id`) VALUES ('14', '14');
INSERT INTO `users_communities` (`user_id`, `community_id`) VALUES ('15', '15');
INSERT INTO `users_communities` (`user_id`, `community_id`) VALUES ('16', '16');
INSERT INTO `users_communities` (`user_id`, `community_id`) VALUES ('17', '17');
INSERT INTO `users_communities` (`user_id`, `community_id`) VALUES ('18', '18');
INSERT INTO `users_communities` (`user_id`, `community_id`) VALUES ('19', '19');
INSERT INTO `users_communities` (`user_id`, `community_id`) VALUES ('20', '20');
INSERT INTO `users_communities` (`user_id`, `community_id`) VALUES ('21', '21');
INSERT INTO `users_communities` (`user_id`, `community_id`) VALUES ('22', '22');
INSERT INTO `users_communities` (`user_id`, `community_id`) VALUES ('23', '23');
INSERT INTO `users_communities` (`user_id`, `community_id`) VALUES ('24', '24');
INSERT INTO `users_communities` (`user_id`, `community_id`) VALUES ('25', '25');
INSERT INTO `users_communities` (`user_id`, `community_id`) VALUES ('26', '26');
INSERT INTO `users_communities` (`user_id`, `community_id`) VALUES ('27', '27');
INSERT INTO `users_communities` (`user_id`, `community_id`) VALUES ('28', '28');
INSERT INTO `users_communities` (`user_id`, `community_id`) VALUES ('29', '29');
INSERT INTO `users_communities` (`user_id`, `community_id`) VALUES ('30', '30');
INSERT INTO `users_communities` (`user_id`, `community_id`) VALUES ('31', '31');
INSERT INTO `users_communities` (`user_id`, `community_id`) VALUES ('32', '32');
INSERT INTO `users_communities` (`user_id`, `community_id`) VALUES ('33', '33');
INSERT INTO `users_communities` (`user_id`, `community_id`) VALUES ('34', '34');
INSERT INTO `users_communities` (`user_id`, `community_id`) VALUES ('35', '35');
INSERT INTO `users_communities` (`user_id`, `community_id`) VALUES ('36', '36');
INSERT INTO `users_communities` (`user_id`, `community_id`) VALUES ('37', '37');
INSERT INTO `users_communities` (`user_id`, `community_id`) VALUES ('38', '38');
INSERT INTO `users_communities` (`user_id`, `community_id`) VALUES ('39', '39');
INSERT INTO `users_communities` (`user_id`, `community_id`) VALUES ('40', '40');
INSERT INTO `users_communities` (`user_id`, `community_id`) VALUES ('41', '41');
INSERT INTO `users_communities` (`user_id`, `community_id`) VALUES ('42', '42');
INSERT INTO `users_communities` (`user_id`, `community_id`) VALUES ('43', '43');
INSERT INTO `users_communities` (`user_id`, `community_id`) VALUES ('44', '44');
INSERT INTO `users_communities` (`user_id`, `community_id`) VALUES ('45', '45');
INSERT INTO `users_communities` (`user_id`, `community_id`) VALUES ('46', '46');
INSERT INTO `users_communities` (`user_id`, `community_id`) VALUES ('47', '47');
INSERT INTO `users_communities` (`user_id`, `community_id`) VALUES ('48', '48');
INSERT INTO `users_communities` (`user_id`, `community_id`) VALUES ('49', '49');
INSERT INTO `users_communities` (`user_id`, `community_id`) VALUES ('50', '50');
INSERT INTO `users_communities` (`user_id`, `community_id`) VALUES ('51', '51');
INSERT INTO `users_communities` (`user_id`, `community_id`) VALUES ('52', '52');
INSERT INTO `users_communities` (`user_id`, `community_id`) VALUES ('53', '53');
INSERT INTO `users_communities` (`user_id`, `community_id`) VALUES ('54', '54');
INSERT INTO `users_communities` (`user_id`, `community_id`) VALUES ('55', '55');
INSERT INTO `users_communities` (`user_id`, `community_id`) VALUES ('56', '56');
INSERT INTO `users_communities` (`user_id`, `community_id`) VALUES ('57', '57');
INSERT INTO `users_communities` (`user_id`, `community_id`) VALUES ('58', '58');
INSERT INTO `users_communities` (`user_id`, `community_id`) VALUES ('59', '59');
INSERT INTO `users_communities` (`user_id`, `community_id`) VALUES ('60', '60');
INSERT INTO `users_communities` (`user_id`, `community_id`) VALUES ('61', '61');
INSERT INTO `users_communities` (`user_id`, `community_id`) VALUES ('62', '62');
INSERT INTO `users_communities` (`user_id`, `community_id`) VALUES ('63', '63');
INSERT INTO `users_communities` (`user_id`, `community_id`) VALUES ('64', '64');
INSERT INTO `users_communities` (`user_id`, `community_id`) VALUES ('65', '65');
INSERT INTO `users_communities` (`user_id`, `community_id`) VALUES ('66', '66');
INSERT INTO `users_communities` (`user_id`, `community_id`) VALUES ('67', '67');
INSERT INTO `users_communities` (`user_id`, `community_id`) VALUES ('68', '68');
INSERT INTO `users_communities` (`user_id`, `community_id`) VALUES ('69', '69');
INSERT INTO `users_communities` (`user_id`, `community_id`) VALUES ('70', '70');
INSERT INTO `users_communities` (`user_id`, `community_id`) VALUES ('71', '71');
INSERT INTO `users_communities` (`user_id`, `community_id`) VALUES ('72', '72');
INSERT INTO `users_communities` (`user_id`, `community_id`) VALUES ('73', '73');
INSERT INTO `users_communities` (`user_id`, `community_id`) VALUES ('74', '74');
INSERT INTO `users_communities` (`user_id`, `community_id`) VALUES ('75', '75');
INSERT INTO `users_communities` (`user_id`, `community_id`) VALUES ('76', '76');
INSERT INTO `users_communities` (`user_id`, `community_id`) VALUES ('77', '77');
INSERT INTO `users_communities` (`user_id`, `community_id`) VALUES ('78', '78');
INSERT INTO `users_communities` (`user_id`, `community_id`) VALUES ('79', '79');
INSERT INTO `users_communities` (`user_id`, `community_id`) VALUES ('80', '80');
INSERT INTO `users_communities` (`user_id`, `community_id`) VALUES ('81', '81');
INSERT INTO `users_communities` (`user_id`, `community_id`) VALUES ('82', '82');
INSERT INTO `users_communities` (`user_id`, `community_id`) VALUES ('83', '83');
INSERT INTO `users_communities` (`user_id`, `community_id`) VALUES ('84', '84');
INSERT INTO `users_communities` (`user_id`, `community_id`) VALUES ('85', '85');
INSERT INTO `users_communities` (`user_id`, `community_id`) VALUES ('86', '86');
INSERT INTO `users_communities` (`user_id`, `community_id`) VALUES ('87', '87');
INSERT INTO `users_communities` (`user_id`, `community_id`) VALUES ('88', '88');
INSERT INTO `users_communities` (`user_id`, `community_id`) VALUES ('89', '89');
INSERT INTO `users_communities` (`user_id`, `community_id`) VALUES ('90', '90');
INSERT INTO `users_communities` (`user_id`, `community_id`) VALUES ('91', '91');
INSERT INTO `users_communities` (`user_id`, `community_id`) VALUES ('92', '92');
INSERT INTO `users_communities` (`user_id`, `community_id`) VALUES ('93', '93');
INSERT INTO `users_communities` (`user_id`, `community_id`) VALUES ('94', '94');
INSERT INTO `users_communities` (`user_id`, `community_id`) VALUES ('95', '95');
INSERT INTO `users_communities` (`user_id`, `community_id`) VALUES ('96', '96');
INSERT INTO `users_communities` (`user_id`, `community_id`) VALUES ('97', '97');
INSERT INTO `users_communities` (`user_id`, `community_id`) VALUES ('98', '98');
INSERT INTO `users_communities` (`user_id`, `community_id`) VALUES ('99', '99');
INSERT INTO `users_communities` (`user_id`, `community_id`) VALUES ('100', '100');


#
# TABLE STRUCTURE FOR: users_likes
#

DROP TABLE IF EXISTS `users_likes`;

CREATE TABLE `users_likes` (
  `id` bigint(20) unsigned NOT NULL AUTO_INCREMENT,
  `like_from_user_id` bigint(20) unsigned NOT NULL,
  `like_to_user_id` bigint(20) unsigned NOT NULL,
  `created_at` datetime DEFAULT current_timestamp(),
  PRIMARY KEY (`id`),
  KEY `like_from_user_id` (`like_from_user_id`),
  KEY `like_to_user_id` (`like_to_user_id`),
  CONSTRAINT `users_likes_ibfk_1` FOREIGN KEY (`like_from_user_id`) REFERENCES `users` (`id`),
  CONSTRAINT `users_likes_ibfk_2` FOREIGN KEY (`like_to_user_id`) REFERENCES `users` (`id`)
) ENGINE=InnoDB AUTO_INCREMENT=101 DEFAULT CHARSET=utf8 COLLATE=utf8_unicode_ci;

INSERT INTO `users_likes` (`id`, `like_from_user_id`, `like_to_user_id`, `created_at`) VALUES ('1', '1', '1', '1994-08-21 02:47:58');
INSERT INTO `users_likes` (`id`, `like_from_user_id`, `like_to_user_id`, `created_at`) VALUES ('2', '2', '2', '1989-07-04 21:09:31');
INSERT INTO `users_likes` (`id`, `like_from_user_id`, `like_to_user_id`, `created_at`) VALUES ('3', '3', '3', '1998-12-15 15:41:17');
INSERT INTO `users_likes` (`id`, `like_from_user_id`, `like_to_user_id`, `created_at`) VALUES ('4', '4', '4', '2000-02-16 17:58:32');
INSERT INTO `users_likes` (`id`, `like_from_user_id`, `like_to_user_id`, `created_at`) VALUES ('5', '5', '5', '1999-11-28 12:03:19');
INSERT INTO `users_likes` (`id`, `like_from_user_id`, `like_to_user_id`, `created_at`) VALUES ('6', '6', '6', '1974-08-17 03:15:51');
INSERT INTO `users_likes` (`id`, `like_from_user_id`, `like_to_user_id`, `created_at`) VALUES ('7', '7', '7', '1995-08-23 07:25:22');
INSERT INTO `users_likes` (`id`, `like_from_user_id`, `like_to_user_id`, `created_at`) VALUES ('8', '8', '8', '2014-01-29 14:50:08');
INSERT INTO `users_likes` (`id`, `like_from_user_id`, `like_to_user_id`, `created_at`) VALUES ('9', '9', '9', '1973-03-03 07:27:13');
INSERT INTO `users_likes` (`id`, `like_from_user_id`, `like_to_user_id`, `created_at`) VALUES ('10', '10', '10', '1991-01-28 02:16:20');
INSERT INTO `users_likes` (`id`, `like_from_user_id`, `like_to_user_id`, `created_at`) VALUES ('11', '11', '11', '1975-08-14 15:29:40');
INSERT INTO `users_likes` (`id`, `like_from_user_id`, `like_to_user_id`, `created_at`) VALUES ('12', '12', '12', '1975-11-20 19:26:52');
INSERT INTO `users_likes` (`id`, `like_from_user_id`, `like_to_user_id`, `created_at`) VALUES ('13', '13', '13', '2007-12-16 20:24:31');
INSERT INTO `users_likes` (`id`, `like_from_user_id`, `like_to_user_id`, `created_at`) VALUES ('14', '14', '14', '1975-03-29 21:21:19');
INSERT INTO `users_likes` (`id`, `like_from_user_id`, `like_to_user_id`, `created_at`) VALUES ('15', '15', '15', '1997-12-11 18:30:20');
INSERT INTO `users_likes` (`id`, `like_from_user_id`, `like_to_user_id`, `created_at`) VALUES ('16', '16', '16', '1988-04-13 06:26:15');
INSERT INTO `users_likes` (`id`, `like_from_user_id`, `like_to_user_id`, `created_at`) VALUES ('17', '17', '17', '1978-09-28 09:10:23');
INSERT INTO `users_likes` (`id`, `like_from_user_id`, `like_to_user_id`, `created_at`) VALUES ('18', '18', '18', '2014-05-12 11:36:30');
INSERT INTO `users_likes` (`id`, `like_from_user_id`, `like_to_user_id`, `created_at`) VALUES ('19', '19', '19', '2017-10-21 05:28:08');
INSERT INTO `users_likes` (`id`, `like_from_user_id`, `like_to_user_id`, `created_at`) VALUES ('20', '20', '20', '1997-07-09 03:48:13');
INSERT INTO `users_likes` (`id`, `like_from_user_id`, `like_to_user_id`, `created_at`) VALUES ('21', '21', '21', '2003-11-21 23:48:36');
INSERT INTO `users_likes` (`id`, `like_from_user_id`, `like_to_user_id`, `created_at`) VALUES ('22', '22', '22', '1987-11-21 09:58:52');
INSERT INTO `users_likes` (`id`, `like_from_user_id`, `like_to_user_id`, `created_at`) VALUES ('23', '23', '23', '2001-06-04 01:06:59');
INSERT INTO `users_likes` (`id`, `like_from_user_id`, `like_to_user_id`, `created_at`) VALUES ('24', '24', '24', '2012-07-26 18:43:47');
INSERT INTO `users_likes` (`id`, `like_from_user_id`, `like_to_user_id`, `created_at`) VALUES ('25', '25', '25', '2008-10-02 23:48:13');
INSERT INTO `users_likes` (`id`, `like_from_user_id`, `like_to_user_id`, `created_at`) VALUES ('26', '26', '26', '1973-08-30 07:39:17');
INSERT INTO `users_likes` (`id`, `like_from_user_id`, `like_to_user_id`, `created_at`) VALUES ('27', '27', '27', '1979-06-02 06:55:10');
INSERT INTO `users_likes` (`id`, `like_from_user_id`, `like_to_user_id`, `created_at`) VALUES ('28', '28', '28', '1972-10-02 05:27:14');
INSERT INTO `users_likes` (`id`, `like_from_user_id`, `like_to_user_id`, `created_at`) VALUES ('29', '29', '29', '2003-12-29 12:28:16');
INSERT INTO `users_likes` (`id`, `like_from_user_id`, `like_to_user_id`, `created_at`) VALUES ('30', '30', '30', '2005-08-10 19:36:22');
INSERT INTO `users_likes` (`id`, `like_from_user_id`, `like_to_user_id`, `created_at`) VALUES ('31', '31', '31', '2018-09-21 16:33:07');
INSERT INTO `users_likes` (`id`, `like_from_user_id`, `like_to_user_id`, `created_at`) VALUES ('32', '32', '32', '1997-11-24 23:31:31');
INSERT INTO `users_likes` (`id`, `like_from_user_id`, `like_to_user_id`, `created_at`) VALUES ('33', '33', '33', '1977-06-13 05:51:07');
INSERT INTO `users_likes` (`id`, `like_from_user_id`, `like_to_user_id`, `created_at`) VALUES ('34', '34', '34', '2018-01-23 16:49:17');
INSERT INTO `users_likes` (`id`, `like_from_user_id`, `like_to_user_id`, `created_at`) VALUES ('35', '35', '35', '1997-08-10 04:59:01');
INSERT INTO `users_likes` (`id`, `like_from_user_id`, `like_to_user_id`, `created_at`) VALUES ('36', '36', '36', '1982-12-31 14:59:47');
INSERT INTO `users_likes` (`id`, `like_from_user_id`, `like_to_user_id`, `created_at`) VALUES ('37', '37', '37', '1979-06-01 13:15:28');
INSERT INTO `users_likes` (`id`, `like_from_user_id`, `like_to_user_id`, `created_at`) VALUES ('38', '38', '38', '2005-04-30 16:49:56');
INSERT INTO `users_likes` (`id`, `like_from_user_id`, `like_to_user_id`, `created_at`) VALUES ('39', '39', '39', '1998-09-04 21:08:02');
INSERT INTO `users_likes` (`id`, `like_from_user_id`, `like_to_user_id`, `created_at`) VALUES ('40', '40', '40', '1975-12-23 15:21:52');
INSERT INTO `users_likes` (`id`, `like_from_user_id`, `like_to_user_id`, `created_at`) VALUES ('41', '41', '41', '1981-01-14 18:50:56');
INSERT INTO `users_likes` (`id`, `like_from_user_id`, `like_to_user_id`, `created_at`) VALUES ('42', '42', '42', '2009-06-28 15:04:58');
INSERT INTO `users_likes` (`id`, `like_from_user_id`, `like_to_user_id`, `created_at`) VALUES ('43', '43', '43', '2002-09-13 18:29:06');
INSERT INTO `users_likes` (`id`, `like_from_user_id`, `like_to_user_id`, `created_at`) VALUES ('44', '44', '44', '1982-03-25 22:48:24');
INSERT INTO `users_likes` (`id`, `like_from_user_id`, `like_to_user_id`, `created_at`) VALUES ('45', '45', '45', '1972-02-14 03:08:08');
INSERT INTO `users_likes` (`id`, `like_from_user_id`, `like_to_user_id`, `created_at`) VALUES ('46', '46', '46', '2011-07-16 07:40:30');
INSERT INTO `users_likes` (`id`, `like_from_user_id`, `like_to_user_id`, `created_at`) VALUES ('47', '47', '47', '2010-01-21 04:49:53');
INSERT INTO `users_likes` (`id`, `like_from_user_id`, `like_to_user_id`, `created_at`) VALUES ('48', '48', '48', '1976-11-29 21:40:16');
INSERT INTO `users_likes` (`id`, `like_from_user_id`, `like_to_user_id`, `created_at`) VALUES ('49', '49', '49', '1990-07-20 02:24:23');
INSERT INTO `users_likes` (`id`, `like_from_user_id`, `like_to_user_id`, `created_at`) VALUES ('50', '50', '50', '1974-09-01 09:41:53');
INSERT INTO `users_likes` (`id`, `like_from_user_id`, `like_to_user_id`, `created_at`) VALUES ('51', '51', '51', '2007-09-15 20:40:20');
INSERT INTO `users_likes` (`id`, `like_from_user_id`, `like_to_user_id`, `created_at`) VALUES ('52', '52', '52', '2010-12-11 12:48:13');
INSERT INTO `users_likes` (`id`, `like_from_user_id`, `like_to_user_id`, `created_at`) VALUES ('53', '53', '53', '2001-06-06 07:37:17');
INSERT INTO `users_likes` (`id`, `like_from_user_id`, `like_to_user_id`, `created_at`) VALUES ('54', '54', '54', '1973-04-08 19:04:53');
INSERT INTO `users_likes` (`id`, `like_from_user_id`, `like_to_user_id`, `created_at`) VALUES ('55', '55', '55', '1974-08-21 07:03:54');
INSERT INTO `users_likes` (`id`, `like_from_user_id`, `like_to_user_id`, `created_at`) VALUES ('56', '56', '56', '2012-10-17 04:56:03');
INSERT INTO `users_likes` (`id`, `like_from_user_id`, `like_to_user_id`, `created_at`) VALUES ('57', '57', '57', '2003-07-05 21:28:42');
INSERT INTO `users_likes` (`id`, `like_from_user_id`, `like_to_user_id`, `created_at`) VALUES ('58', '58', '58', '2001-07-14 19:32:43');
INSERT INTO `users_likes` (`id`, `like_from_user_id`, `like_to_user_id`, `created_at`) VALUES ('59', '59', '59', '2009-03-31 20:35:50');
INSERT INTO `users_likes` (`id`, `like_from_user_id`, `like_to_user_id`, `created_at`) VALUES ('60', '60', '60', '2016-01-01 20:01:10');
INSERT INTO `users_likes` (`id`, `like_from_user_id`, `like_to_user_id`, `created_at`) VALUES ('61', '61', '61', '2019-12-18 14:25:44');
INSERT INTO `users_likes` (`id`, `like_from_user_id`, `like_to_user_id`, `created_at`) VALUES ('62', '62', '62', '1985-11-15 06:03:32');
INSERT INTO `users_likes` (`id`, `like_from_user_id`, `like_to_user_id`, `created_at`) VALUES ('63', '63', '63', '2011-09-29 12:06:33');
INSERT INTO `users_likes` (`id`, `like_from_user_id`, `like_to_user_id`, `created_at`) VALUES ('64', '64', '64', '2016-01-23 07:21:59');
INSERT INTO `users_likes` (`id`, `like_from_user_id`, `like_to_user_id`, `created_at`) VALUES ('65', '65', '65', '2019-05-21 22:54:35');
INSERT INTO `users_likes` (`id`, `like_from_user_id`, `like_to_user_id`, `created_at`) VALUES ('66', '66', '66', '2001-07-17 01:49:46');
INSERT INTO `users_likes` (`id`, `like_from_user_id`, `like_to_user_id`, `created_at`) VALUES ('67', '67', '67', '1989-12-16 15:57:42');
INSERT INTO `users_likes` (`id`, `like_from_user_id`, `like_to_user_id`, `created_at`) VALUES ('68', '68', '68', '2009-02-03 06:51:07');
INSERT INTO `users_likes` (`id`, `like_from_user_id`, `like_to_user_id`, `created_at`) VALUES ('69', '69', '69', '2005-04-06 02:25:43');
INSERT INTO `users_likes` (`id`, `like_from_user_id`, `like_to_user_id`, `created_at`) VALUES ('70', '70', '70', '1973-04-23 15:44:31');
INSERT INTO `users_likes` (`id`, `like_from_user_id`, `like_to_user_id`, `created_at`) VALUES ('71', '71', '71', '1986-02-05 08:31:10');
INSERT INTO `users_likes` (`id`, `like_from_user_id`, `like_to_user_id`, `created_at`) VALUES ('72', '72', '72', '2006-06-27 21:00:29');
INSERT INTO `users_likes` (`id`, `like_from_user_id`, `like_to_user_id`, `created_at`) VALUES ('73', '73', '73', '1980-10-17 22:33:18');
INSERT INTO `users_likes` (`id`, `like_from_user_id`, `like_to_user_id`, `created_at`) VALUES ('74', '74', '74', '1979-06-20 06:12:52');
INSERT INTO `users_likes` (`id`, `like_from_user_id`, `like_to_user_id`, `created_at`) VALUES ('75', '75', '75', '2008-10-18 08:29:45');
INSERT INTO `users_likes` (`id`, `like_from_user_id`, `like_to_user_id`, `created_at`) VALUES ('76', '76', '76', '1978-04-11 20:18:50');
INSERT INTO `users_likes` (`id`, `like_from_user_id`, `like_to_user_id`, `created_at`) VALUES ('77', '77', '77', '1998-08-10 20:58:52');
INSERT INTO `users_likes` (`id`, `like_from_user_id`, `like_to_user_id`, `created_at`) VALUES ('78', '78', '78', '1984-02-15 20:00:04');
INSERT INTO `users_likes` (`id`, `like_from_user_id`, `like_to_user_id`, `created_at`) VALUES ('79', '79', '79', '2017-10-07 13:21:01');
INSERT INTO `users_likes` (`id`, `like_from_user_id`, `like_to_user_id`, `created_at`) VALUES ('80', '80', '80', '1974-03-04 05:04:04');
INSERT INTO `users_likes` (`id`, `like_from_user_id`, `like_to_user_id`, `created_at`) VALUES ('81', '81', '81', '1996-05-22 16:20:25');
INSERT INTO `users_likes` (`id`, `like_from_user_id`, `like_to_user_id`, `created_at`) VALUES ('82', '82', '82', '1986-07-03 11:26:08');
INSERT INTO `users_likes` (`id`, `like_from_user_id`, `like_to_user_id`, `created_at`) VALUES ('83', '83', '83', '1974-08-17 22:39:40');
INSERT INTO `users_likes` (`id`, `like_from_user_id`, `like_to_user_id`, `created_at`) VALUES ('84', '84', '84', '1982-08-29 05:07:12');
INSERT INTO `users_likes` (`id`, `like_from_user_id`, `like_to_user_id`, `created_at`) VALUES ('85', '85', '85', '1983-03-14 08:16:40');
INSERT INTO `users_likes` (`id`, `like_from_user_id`, `like_to_user_id`, `created_at`) VALUES ('86', '86', '86', '2004-02-29 01:21:05');
INSERT INTO `users_likes` (`id`, `like_from_user_id`, `like_to_user_id`, `created_at`) VALUES ('87', '87', '87', '1974-08-25 04:38:05');
INSERT INTO `users_likes` (`id`, `like_from_user_id`, `like_to_user_id`, `created_at`) VALUES ('88', '88', '88', '1990-07-25 15:27:27');
INSERT INTO `users_likes` (`id`, `like_from_user_id`, `like_to_user_id`, `created_at`) VALUES ('89', '89', '89', '1998-04-15 12:51:35');
INSERT INTO `users_likes` (`id`, `like_from_user_id`, `like_to_user_id`, `created_at`) VALUES ('90', '90', '90', '1975-09-05 20:28:49');
INSERT INTO `users_likes` (`id`, `like_from_user_id`, `like_to_user_id`, `created_at`) VALUES ('91', '91', '91', '1999-03-21 13:03:13');
INSERT INTO `users_likes` (`id`, `like_from_user_id`, `like_to_user_id`, `created_at`) VALUES ('92', '92', '92', '1983-01-16 03:10:05');
INSERT INTO `users_likes` (`id`, `like_from_user_id`, `like_to_user_id`, `created_at`) VALUES ('93', '93', '93', '1979-01-11 03:20:52');
INSERT INTO `users_likes` (`id`, `like_from_user_id`, `like_to_user_id`, `created_at`) VALUES ('94', '94', '94', '2010-10-07 04:28:10');
INSERT INTO `users_likes` (`id`, `like_from_user_id`, `like_to_user_id`, `created_at`) VALUES ('95', '95', '95', '1990-03-29 11:39:28');
INSERT INTO `users_likes` (`id`, `like_from_user_id`, `like_to_user_id`, `created_at`) VALUES ('96', '96', '96', '1988-02-04 07:11:41');
INSERT INTO `users_likes` (`id`, `like_from_user_id`, `like_to_user_id`, `created_at`) VALUES ('97', '97', '97', '1983-02-09 14:27:47');
INSERT INTO `users_likes` (`id`, `like_from_user_id`, `like_to_user_id`, `created_at`) VALUES ('98', '98', '98', '2019-12-26 21:34:39');
INSERT INTO `users_likes` (`id`, `like_from_user_id`, `like_to_user_id`, `created_at`) VALUES ('99', '99', '99', '1995-05-27 03:42:38');
INSERT INTO `users_likes` (`id`, `like_from_user_id`, `like_to_user_id`, `created_at`) VALUES ('100', '100', '100', '1989-03-03 01:01:08');


