DROP DATABASE IF EXISTS languages_courses;
CREATE DATABASE languages_courses;

USE languages_courses;

SET FOREIGN_KEY_CHECKS=0;
DROP TABLE IF EXISTS `books`;
CREATE TABLE `books` (
  `id` bigint(20) unsigned NOT NULL AUTO_INCREMENT,
  `name` varchar(50) COLLATE utf8_unicode_ci NOT NULL,
  `author` varchar(50) COLLATE utf8_unicode_ci NOT NULL,
  `description` text COLLATE utf8_unicode_ci NOT NULL,
  `language` enum('ENGLISH','DEUTCH') COLLATE utf8_unicode_ci DEFAULT NULL,
  `date` date NOT NULL,
  `level` enum('A1','A2','B1','B2','C1','C2') COLLATE utf8_unicode_ci DEFAULT NULL,
  `genre` varchar(10) COLLATE utf8_unicode_ci NOT NULL,
  `accent` enum('GB','USA','AUS') COLLATE utf8_unicode_ci DEFAULT NULL,
  `body` text COLLATE utf8_unicode_ci NOT NULL,
  `count_words` int(11) NOT NULL,
  PRIMARY KEY (`id`),
  KEY `name` (`name`),
  KEY `author` (`author`)
) ENGINE=InnoDB AUTO_INCREMENT=101 DEFAULT CHARSET=utf8 COLLATE=utf8_unicode_ci;

INSERT INTO `books` VALUES ('1','voluptates','Dr. Tyrique Witting V','Aperiam accusantium nihil soluta id et porro porro. Nihil facilis fugiat assumenda rerum quia culpa ad. Ut delectus voluptatem tenetur quia.','ENGLISH','1972-04-06','C1','odit','AUS','Ab voluptates consequatur a sapiente. Perspiciatis iste sunt autem magni dolorem corporis vel autem. Est quisquam commodi dolorum suscipit.','31071'),
('2','et','Mr. Nicola Kilback PhD','Autem provident atque omnis repellendus. Qui enim a corrupti. Illo eveniet iste et sint.','ENGLISH','1994-03-05','C2','atque','AUS','Veniam vel enim amet accusamus quis ut rerum enim. Aut voluptate quasi quis omnis qui aut. Sed voluptatibus maxime nam eius.','30461'),
('3','mollitia','Prof. Emerald Dickinson PhD','Facere suscipit libero consequuntur non nulla officia debitis. Qui sequi facilis placeat necessitatibus architecto nobis ut. Velit aut sit blanditiis. Omnis accusamus aperiam numquam qui in voluptatem.','ENGLISH','1989-10-27','B2','eum','AUS','Adipisci unde inventore vero magnam tempora saepe. Beatae expedita aliquam aliquid. Non excepturi repellendus deserunt ut. Iste et quis sit non qui nam quo.','24017'),
('4','ut','Adriel Dicki','Accusamus est exercitationem temporibus sit dolor dolorum. Placeat qui hic voluptas distinctio suscipit. Eveniet optio officiis eum id ratione fugit.','DEUTCH','2003-08-07','C2','et','AUS','Enim voluptatem est veniam hic omnis quod est. Ut non aut totam quia veniam. Omnis et hic odit ea voluptatem quaerat. Vel atque id consectetur.','32004'),
('5','blanditiis','Brandyn Runolfsdottir','Id deleniti illum perferendis ut et et. Voluptas eveniet provident ipsa possimus culpa recusandae ipsum. Rerum doloribus sit voluptas fuga magni itaque iste.','ENGLISH','2009-02-07','A1','ut','AUS','Repudiandae optio aut rem ipsa. Et suscipit incidunt voluptatem accusantium quisquam. Architecto possimus veritatis molestias suscipit iure qui.','40564'),
('6','libero','Anastasia Goodwin','Qui sunt cum sapiente provident labore. Architecto quis ipsum perferendis. Ipsum in quia sint voluptas earum similique.','DEUTCH','1995-07-27','C2','nihil','GB','Laborum quasi a assumenda qui. Accusantium error rerum est. Est ab sint vitae veniam eos porro molestiae.','10309'),
('7','enim','Reanna Franecki III','Voluptatibus qui dicta asperiores quidem perferendis nulla quo. Sit autem rerum voluptatibus excepturi. Corrupti ex aliquid voluptas suscipit molestias delectus fugiat. Est repudiandae est ad.','ENGLISH','2008-11-08','B2','esse','USA','Amet error perferendis optio mollitia sit id veniam. Voluptas pariatur tempora nisi. Atque molestias ut culpa quod id ea. Inventore itaque corporis culpa sed.','22073'),
('8','ut','Gianni Watsica','Vero quo perspiciatis est quia odit odit nihil ullam. Omnis laboriosam maxime delectus quis et libero. Sed facere dolor qui id numquam. Neque consequuntur magnam ipsum maiores id iure perferendis.','ENGLISH','1979-06-02','A1','ea','AUS','Veritatis dolorum necessitatibus rerum rerum doloribus atque sint. Dolor harum vero fugiat voluptas et. Optio qui ab qui expedita minima sed. Est occaecati aut nemo eaque id enim voluptate. Iusto et quidem quis accusantium placeat porro debitis quae.','36251'),
('9','animi','Darby Witting MD','Fuga fuga consectetur asperiores. At facilis quia natus ut aut voluptatem. Laudantium nisi maxime rerum corrupti dolorem.','ENGLISH','1976-09-07','C2','fuga','GB','Accusantium magnam enim pariatur fugiat accusamus nihil animi voluptas. In magni delectus eum nihil molestiae quo illum. Perspiciatis quae molestiae provident est ullam mollitia dolores et. Asperiores ullam eum fugiat repellat.','36052'),
('10','ipsa','Kaley Baumbach','Unde ut quo officia veritatis est voluptas. Magni veniam vel omnis fugiat ea id. Odio accusamus quam natus quisquam molestiae voluptatibus. Qui quasi impedit sit deserunt. Non sed illum illum aut voluptas qui.','DEUTCH','2011-11-11','C1','ducimus','AUS','Consectetur minus velit ad dolorem quis qui. Eveniet dignissimos recusandae ea recusandae et.','42256'),
('11','sunt','Lysanne Littel','Porro quia nihil amet. Et exercitationem ut eum rerum voluptatem possimus consequuntur. Vero omnis necessitatibus est harum incidunt ut dolores. Dolorem exercitationem nihil quo iure.','DEUTCH','1974-03-06','B1','nemo','GB','Quo architecto iusto eligendi ea itaque maxime illo. Quisquam magni rerum aut ut consequatur repellat. Accusamus nihil omnis eum et. Asperiores voluptatem eligendi nihil rerum nihil odit.','40292'),
('12','nobis','Mrs. Ettie Ward DVM','Incidunt necessitatibus impedit nulla ut rerum ab expedita aut. Et labore quia maxime tempora et. Et aspernatur ad iusto corrupti accusamus est.','ENGLISH','2004-01-20','C1','quisquam','USA','Unde dolores qui nostrum possimus necessitatibus. Quas dolores recusandae odio qui ut adipisci. Magni natus ut architecto eaque.','21810'),
('13','et','Miss Gertrude Fahey DVM','Totam et in quisquam cum molestiae ex voluptatum. Odio dolorem corrupti quod ut autem eum assumenda. Incidunt laborum ut quia aliquid soluta quasi.','DEUTCH','1973-10-06','C1','nemo','GB','Ut deserunt et qui. Consequuntur omnis provident nisi eos. Enim et sunt quia sed. Aut illum qui accusantium eum animi.','13248'),
('14','temporibus','Emery Tremblay','Rerum officia nulla fuga in tempore. Porro dignissimos mollitia neque error. Hic velit sunt sunt.','ENGLISH','1989-04-16','C1','voluptate','GB','Molestiae itaque accusamus vitae nesciunt qui consequatur iusto. Recusandae est est ea autem et voluptas. Totam delectus provident et consequatur autem suscipit. Dolor eius quidem nihil quaerat.','23025'),
('15','consequatur','Dr. Jada Ziemann Jr.','Voluptas eveniet alias omnis possimus iste pariatur non. Cupiditate aspernatur sint reprehenderit aut quibusdam. Iste minus dolor tenetur. In esse ducimus atque ducimus rerum rem animi.','ENGLISH','1989-02-04','C2','libero','GB','Nobis rerum esse delectus molestiae. Suscipit dignissimos et rerum odit temporibus. Qui maxime dicta nulla enim consequuntur accusantium.','45627'),
('16','laudantium','Prof. Kitty Wilderman DVM','Esse aut maiores ipsum deserunt sit. Quam molestias necessitatibus cum aut. Doloribus nostrum quia exercitationem fugit sed sit delectus. Harum labore adipisci laborum iusto architecto provident. Harum et veniam non et.','ENGLISH','1998-05-14','A2','voluptatem','USA','Modi ut voluptas et perspiciatis. Excepturi repellendus pariatur qui hic incidunt qui eveniet. Vel saepe recusandae commodi illo id rerum.','44819'),
('17','vel','Ms. Mary Mertz III','Quia animi impedit quia. Eaque consequatur velit amet molestias ut. Non accusamus dicta numquam earum temporibus expedita quidem sed. In error nobis molestias a voluptatem.','DEUTCH','1988-08-03','A2','suscipit','USA','Odio nihil enim fugit vel enim ipsam sed. Deleniti iure ut et et ut. Soluta sit sunt cupiditate consectetur ipsum qui ut. Eos aliquam qui quod.','12821'),
('18','vero','Murray Bins Sr.','Odit inventore officiis fugiat. Hic ratione iusto rem voluptatum explicabo nihil assumenda. Rerum accusamus qui atque quia.','DEUTCH','2017-06-28','B2','eum','GB','Fugiat quis maiores voluptate asperiores facere. Sed temporibus nihil reiciendis repudiandae aut accusantium et. Cum ut voluptate maiores tenetur qui eum voluptatibus. Animi et labore et at non. Eligendi distinctio aut ut.','46600'),
('19','iure','Kari Powlowski','Voluptas earum temporibus ea sit eius. Aut rem non sunt.','ENGLISH','2004-11-24','A1','ut','AUS','Omnis minima omnis deleniti sed aliquid eum. Error veniam excepturi dolorem necessitatibus velit. Ducimus enim sit nostrum quis impedit voluptatem nulla.','39620'),
('20','error','Percival Marks','Sapiente iusto asperiores ratione porro ut. Asperiores enim reprehenderit est. Recusandae consequatur non sit eum exercitationem itaque. Et id laudantium iste sunt sunt deserunt minus.','ENGLISH','1998-04-21','B2','temporibus','AUS','Est ex et voluptatibus. Voluptates qui pariatur laudantium autem et a.','25945'),
('21','ut','Miss Elissa Frami','Modi incidunt et nulla quis repellat. Illo explicabo et accusamus adipisci aspernatur explicabo ad. Pariatur et sunt accusamus iste sapiente.','ENGLISH','2014-06-02','C1','voluptas','GB','Ab corporis earum ut hic. Necessitatibus est quod fuga impedit praesentium aut aut possimus. Autem voluptatem tempore praesentium ut consequatur eaque omnis. Illo eaque maiores porro.','24347'),
('22','explicabo','Claud Hessel','Facere alias delectus earum quis voluptas sequi assumenda. Occaecati est consequatur quae dolorum mollitia quibusdam ea. A voluptate vel et reprehenderit.','ENGLISH','2002-11-17','C2','natus','USA','Sint minima enim perspiciatis quis. Id et culpa beatae. Eum molestias et veritatis repudiandae quam perspiciatis et. Atque tempora harum molestias aperiam dolorum. Mollitia facere et esse nulla ullam labore est.','40885'),
('23','cupiditate','Dion McCullough','Labore ullam ducimus eligendi voluptas. In illo ea ab atque. Est corporis expedita consectetur ut aut. Enim pariatur ipsa magnam officia.','ENGLISH','1984-10-28','C2','dolor','AUS','Aut accusamus laboriosam ab ratione. Quia quia soluta illo culpa et suscipit. Commodi blanditiis minima odio in optio distinctio est harum.','21436'),
('24','nostrum','Jewel Reilly','Molestiae repellendus est fugit ut rerum ad. Consectetur sit rerum aliquid quia. Illo quisquam animi explicabo incidunt. Quia perspiciatis et iste et quaerat praesentium.','DEUTCH','2006-04-04','A2','voluptatem','GB','Tenetur et debitis laudantium et atque repellendus quod. Tenetur magni sequi ipsum aspernatur nostrum tempore esse. Non assumenda non enim molestiae. Molestiae distinctio quasi nemo id aliquam odit.','42677'),
('25','ut','Mr. Rene Harber II','Sed temporibus voluptas et harum. Vitae eum et sit sed rerum dolores sint facere. Dolorem velit voluptatem asperiores recusandae aut.','DEUTCH','1987-02-04','A2','itaque','GB','Rem minus repellat pariatur. Iste voluptatem aut aut. Nesciunt nostrum maxime quod quasi quos. Corrupti culpa quam ipsam qui rerum aut impedit quia.','34424'),
('26','neque','Merl Wisoky','Perferendis omnis consequatur repellendus veniam. Natus porro veniam pariatur eligendi esse culpa. In doloremque nemo est doloremque.','DEUTCH','1989-06-14','C1','eum','USA','Numquam quas corrupti reiciendis eligendi iusto culpa et. Voluptas tenetur occaecati necessitatibus porro sunt officia fugit. Quia nemo hic ad.','39391'),
('27','voluptatum','Orval Bernier','Itaque aut corporis minus harum eum itaque itaque. Dolore quis voluptatum sed. Ad illum praesentium illum autem. Atque hic non et eaque eligendi est.','ENGLISH','1987-10-29','C1','doloribus','USA','Alias ea consequuntur nisi et. Sapiente aliquam nulla dignissimos. Qui aperiam molestias aspernatur sit labore.','10675'),
('28','qui','Rosalia Jenkins','Fuga voluptas sed a quis illum adipisci. Recusandae non velit nostrum sunt consequatur voluptates est. Qui sed voluptas et maxime dicta.','DEUTCH','1998-04-05','C1','et','USA','Ipsam cumque eos neque quaerat libero. Voluptatem quo quos eum molestias. Aliquam et ex cumque molestias qui illo sed. Nobis occaecati vitae doloribus et modi. Laudantium delectus enim tempore doloribus.','42986'),
('29','quidem','Leonel Stoltenberg','Earum et occaecati ut voluptate aut. Similique voluptatem quidem corrupti aspernatur officia. Tenetur vero in autem sint ullam consectetur. Molestiae molestias dolorem totam aut.','DEUTCH','1971-02-23','C2','fugiat','AUS','Blanditiis aliquam deleniti ut. Amet at non eum amet tenetur. Quo provident aliquam qui expedita ipsum sapiente odit voluptates. Tempora dolor dignissimos ut quis illum accusamus.','14014'),
('30','minima','Tobin Konopelski','Adipisci laboriosam expedita animi enim molestiae explicabo vero. Suscipit ratione nobis cupiditate ipsa necessitatibus rem. Cupiditate dignissimos nemo error quae et porro veritatis.','DEUTCH','1970-03-20','B2','qui','GB','Quae placeat vel laudantium ut sapiente. Inventore explicabo quia provident ut pariatur et aliquam. Qui commodi a quia reprehenderit molestiae. Sed rerum quia ut excepturi.','27493'),
('31','quia','Maryam Macejkovic Jr.','Voluptas est doloribus ad excepturi. Quia temporibus molestiae est accusantium delectus ullam officia. Deserunt maxime at tempore dolorum porro.','DEUTCH','2001-11-18','A1','asperiores','GB','Ea eligendi ut voluptate amet fugit sapiente et. Sint voluptatem ut sit nesciunt aut aut voluptate reprehenderit. Eum dolorem vel et ratione.','37216'),
('32','tempore','Dolores Altenwerth','Laboriosam ut ut amet odit amet. Et eveniet illum expedita molestiae aut eos nostrum.','DEUTCH','2018-02-12','B1','repudianda','AUS','Ratione perspiciatis eum officiis iste molestiae cupiditate reiciendis quod. Molestiae et ea a soluta. Possimus dolorum et odit possimus.','19023'),
('33','eius','Angeline Yundt Jr.','A quia iste similique consequatur. Veritatis et in nisi maiores. Eum voluptatem accusamus aut ipsam unde rerum eaque.','DEUTCH','2014-02-04','C1','nobis','GB','Ut explicabo mollitia illo ducimus eos. Sunt ipsum sunt consequatur voluptatum ullam. Eaque fugiat et dolores dignissimos a.','16211'),
('34','dicta','Genevieve Koepp','At at sed et porro repellendus corrupti eaque ad. Laboriosam dolor laudantium autem quae qui omnis praesentium. Quo voluptatibus consequuntur et laborum.','DEUTCH','1991-12-18','C1','sequi','USA','Ea sequi nesciunt non dolore provident aut alias. Molestias sequi ipsum consequatur laborum animi in vitae. Commodi sint et mollitia voluptas. Praesentium et autem vitae. Quae doloremque et provident quia.','27012'),
('35','culpa','Webster Wisoky','Non delectus quasi nihil expedita nostrum vel. Debitis non consequatur quam voluptatem quae enim officiis. Quaerat consectetur doloribus sed qui quas dolores sunt inventore. Ratione autem maxime modi consequatur error.','ENGLISH','1978-05-02','B1','nostrum','AUS','Aut delectus distinctio repellat asperiores laborum omnis. Et rerum fugit officiis eum maxime.','19344'),
('36','aspernatur','Dr. Darian Marquardt','Et optio voluptatum iusto voluptatum. Ipsam officiis deserunt optio cupiditate. Dicta quia accusantium tempora voluptas hic.','ENGLISH','2012-04-03','B2','nobis','USA','Omnis eum voluptatum illo quasi non magnam optio nisi. Doloribus ratione doloremque voluptate et. Beatae harum magni perferendis minima. Sint cumque fuga facilis sunt eveniet aut. Et et totam ducimus aut quia perferendis hic.','27737'),
('37','quo','Danny Auer Jr.','Corporis ut cum in architecto itaque. Debitis modi facere consequuntur veritatis ratione doloremque consectetur. Commodi qui in eligendi itaque occaecati quam. Unde iste est sapiente. Cumque deleniti velit aspernatur sapiente numquam qui est.','DEUTCH','1983-07-26','C2','itaque','USA','Natus non ea modi ea. Magni ullam voluptatum eum perferendis magni. Velit labore inventore animi ratione animi est fugit.','27715'),
('38','consequatur','Eva Denesik','Officia est illo iusto omnis vel. Facilis quaerat ut quasi quo perspiciatis. Esse qui quo nihil laborum. Itaque nihil laborum quo voluptate vel animi. Explicabo similique numquam incidunt cumque sed mollitia consequuntur.','DEUTCH','1992-03-02','C1','exercitati','AUS','Eos dignissimos et dolorem deserunt. Voluptatem aliquam cupiditate fugiat officiis ut. Quasi et deserunt nihil eaque consectetur. Esse dicta libero corporis atque dolor.','27213'),
('39','omnis','Madaline Wuckert','Molestiae in dolorem quia autem veritatis fuga. Quae fugit magni et temporibus rerum dolorem rerum. Explicabo et vel expedita molestiae laboriosam nulla et laborum.','DEUTCH','2014-02-17','A2','inventore','AUS','Repellendus quia mollitia similique. Modi eaque doloremque nesciunt. Id repudiandae enim tempora voluptatem.','37160'),
('40','omnis','Narciso Ferry PhD','Neque natus ut consequatur id. Facere earum rem sit vel eum in eaque totam. Maxime illum corrupti quas perspiciatis. Aut voluptas quos quas eligendi iusto.','DEUTCH','2015-09-19','A1','dolores','USA','Dolore perferendis velit et fugiat unde laboriosam quo explicabo. A id voluptas qui est dolorem et ut. Voluptate dicta repudiandae quis quia.','23945'),
('41','recusandae','Ms. Jailyn Mosciski','Soluta quisquam vel quam itaque sint quia exercitationem. Voluptas velit aut repellat doloremque architecto tenetur. Illum quaerat nihil et reiciendis.','DEUTCH','2014-10-28','B2','quos','GB','Ea molestiae doloribus nam illum. Eligendi eos nulla nostrum dolorum reprehenderit. Doloribus animi vero eligendi a.','22927'),
('42','tempore','Glenda Schneider','Voluptate illo nostrum dolor veniam sed ut enim. Maiores nobis consequatur nobis id maxime. Et nostrum consequuntur numquam aut in omnis.','ENGLISH','1983-01-22','B2','aliquid','GB','Esse mollitia et sit et vel. Exercitationem culpa pariatur provident voluptate laudantium quasi. Nihil magnam earum incidunt quia incidunt rerum.','16744'),
('43','temporibus','Yvonne Schuppe','Est placeat inventore voluptatem magni pariatur. Voluptatum nihil deserunt magnam. Velit et ab ut voluptatum et quo adipisci.','ENGLISH','1987-04-01','C2','eum','USA','Aut enim consequatur sit eum nesciunt id similique. Consequatur est quibusdam repellendus veniam. Reiciendis voluptatem reiciendis aut doloremque sed. Quae vitae amet consequuntur fuga in aperiam id.','45882'),
('44','libero','Rollin Swaniawski','Ducimus quis deleniti ipsum veniam non. Cum alias eos molestiae quo et. Iste qui expedita qui sequi rerum tempora vel porro. Corrupti accusantium provident dolorem illo quis ullam. Minus debitis qui dolores.','ENGLISH','2008-07-07','B2','voluptatem','GB','Voluptate quo non ratione adipisci non optio porro. Accusantium velit et odio reiciendis pariatur. Alias vel dolores ex voluptas. Sunt vero inventore et exercitationem non facilis eos nesciunt.','29747'),
('45','nam','Yolanda Sanford','Neque ullam dolorum iste error. Nostrum sit illo error non. Labore ut qui iste nisi. Libero nulla ad rerum vel nulla cum excepturi.','ENGLISH','2006-06-09','B1','et','USA','Repellendus autem commodi minima sint. Et molestiae expedita et. Sapiente ut maiores consectetur qui ipsum.','15193'),
('46','voluptas','Korbin Morissette','Libero quo unde impedit officia. Rem nihil deleniti sunt voluptatem corrupti ex. Consequatur illum veniam reiciendis unde id aut dolorum. Rerum porro vel ea suscipit voluptates voluptas.','DEUTCH','2003-01-03','A1','vel','GB','Eius autem incidunt excepturi qui quisquam voluptatibus quia dolorum. Vel quod voluptatem nihil quam non est. Culpa qui distinctio et perspiciatis iusto. Non incidunt non dolores blanditiis cupiditate nam.','27187'),
('47','rem','Evert Berge','Numquam ea et aut excepturi eum. Reiciendis facilis consequatur nemo quam placeat dolor suscipit. Commodi aliquid autem praesentium omnis. Impedit eos est totam eligendi.','DEUTCH','1996-08-17','B1','expedita','AUS','Doloribus quis porro sed exercitationem quo. Repudiandae nulla nisi porro quibusdam. Ipsa libero in praesentium dicta accusantium sunt. Repellendus iure omnis et rem.','19596'),
('48','qui','Reina Boehm','Iusto facere omnis iure temporibus iusto laudantium modi. Facere magnam a suscipit laudantium. Esse non sunt distinctio commodi repellat sed quis.','ENGLISH','2012-05-26','C2','ut','GB','Dolorem sequi itaque provident non ipsa. Saepe nulla velit cum sed iure possimus quia. Molestiae velit exercitationem ut deleniti officiis dolores. Necessitatibus doloribus id et et.','19038'),
('49','tempore','Annie Rolfson','Aut praesentium quod assumenda rem magni. Animi maxime qui dolores cum velit quisquam. Commodi et assumenda veritatis.','ENGLISH','1979-03-13','B1','quis','AUS','Quisquam debitis sit et similique aspernatur qui mollitia voluptas. Voluptas dolorem sunt commodi esse labore minima. Ea consequatur enim qui ut omnis et. Odio illum eos quas molestias.','13995'),
('50','voluptatem','Marion Hirthe V','Nihil laboriosam quisquam molestiae sequi quam. Quis quas perferendis quisquam dolorem. Quibusdam qui enim cupiditate repellat iure quia aliquam. Et error consectetur rerum quidem aliquam fugit.','ENGLISH','1989-10-29','B1','asperiores','USA','Id a quia provident. Sunt corporis commodi tenetur minus quo fugit. Eaque laboriosam provident ipsa accusamus. Consectetur molestiae dolorem dicta officiis.','28918'),
('51','tempore','Lauretta Mayert','Magnam voluptas sequi qui eius qui. Labore omnis aspernatur hic temporibus voluptas accusantium. Blanditiis autem ipsum accusantium odit sint. Possimus error eligendi magni quasi.','DEUTCH','2013-03-20','C2','aut','GB','Est excepturi qui eum soluta in ea dolore. Nam ut placeat repellendus quibusdam libero ut. Totam sint iste dolorem dolorum mollitia fugit.','31906'),
('52','rerum','Liliane Boyer','Sit fuga nihil ad et laudantium atque. Sed voluptatem repellendus maiores id pariatur saepe. Amet est accusamus fuga id.','DEUTCH','2018-05-31','B2','et','USA','Quis dignissimos libero quia incidunt odit. Quia vero omnis impedit cumque. Commodi quam praesentium aut labore eius quia minus. Et optio qui aperiam vitae odit.','35933'),
('53','porro','Ivah Roob','Nulla reprehenderit rerum officia quia iste modi deleniti. Est esse porro ad est quibusdam perspiciatis. Nesciunt consequatur ducimus eos nesciunt id libero repudiandae. Tempora eum facilis architecto nobis tempora.','DEUTCH','2018-06-24','C2','cupiditate','USA','Sunt accusamus iusto sint libero sit est. Optio officiis sed dicta doloremque dolorem eius. Deserunt animi quos vel nihil.','37668'),
('54','qui','Mayra Hoeger','Possimus aliquid quia nobis porro et. Doloremque sit adipisci eligendi tempora nisi. Debitis dolores perferendis amet inventore ipsa illo eos.','ENGLISH','1970-08-04','B1','suscipit','AUS','Corporis voluptatibus sint quod excepturi. Vel accusantium iusto natus nostrum. Et ea natus ad facilis. Nihil sit odio veniam rerum et omnis optio doloribus.','19634'),
('55','molestiae','Jamarcus Thompson','Nesciunt deleniti rerum voluptatem. Voluptas eum minima sunt ab. Ad nemo vero eveniet beatae blanditiis corporis asperiores.','DEUTCH','2002-05-28','C1','quasi','GB','Odit ipsam vero qui velit consequatur ex omnis sit. Aut dolor ea totam tenetur fugiat maiores quia velit.','23306'),
('56','suscipit','Jennings Brown Sr.','Non culpa excepturi et explicabo doloremque doloremque. Nesciunt fugiat aut ut fugit explicabo sint quis ut.','ENGLISH','2005-03-05','A2','molestias','USA','Officiis exercitationem et non aut nostrum. Aliquam molestias adipisci nulla est. Rerum sunt quae enim eos quam nulla soluta quisquam. Sunt eum et dolorum aut.','12405'),
('57','nam','Marisa Schmitt','Veniam nihil maiores laborum. Assumenda eum illum aut saepe. Officiis vero praesentium rerum atque. Qui voluptas aut et doloremque.','ENGLISH','1986-06-06','A1','aut','USA','Voluptatem eligendi distinctio dolore ea voluptates. Numquam voluptatum ut aut quis id qui eum. Consequatur id eos occaecati expedita reiciendis voluptate. Sit quo sequi earum numquam occaecati possimus.','11516'),
('58','minus','Christian Ledner','Laudantium sit et delectus quae aliquam laboriosam. Vero ut consequuntur suscipit.','DEUTCH','1981-03-21','B1','enim','USA','Quis fugiat aliquam quia labore beatae. Consequatur tempora voluptatem et error quia nostrum unde. Perspiciatis rem deleniti reprehenderit ea. Velit quam exercitationem neque pariatur ut repellendus ut. Possimus minus in sed esse dolores aliquam et.','19909'),
('59','quis','Lyla Cole','Molestias est sunt facere. Ut praesentium et alias ut. Doloribus illum adipisci dolorum ea sapiente dolores est ipsam. Et ut vero expedita reiciendis accusantium.','ENGLISH','1984-03-15','A2','consequatu','AUS','Eos cumque iusto et voluptatibus rerum. Et fugiat et suscipit aliquid repellendus. Nisi eveniet non asperiores harum molestiae.','20409'),
('60','ut','Tyrell McGlynn II','Eligendi ut minima qui omnis ipsa non. Sit assumenda quod harum ducimus sit voluptatibus dolorem harum. Impedit consequatur autem in expedita.','ENGLISH','1979-04-23','C1','omnis','GB','Quaerat quasi placeat provident quibusdam laborum ad debitis consequatur. Ab temporibus quisquam velit. Ut in vel accusantium hic. Explicabo ab dicta aut.','13139'),
('61','aut','Abbey Bashirian','Odio aliquid delectus et dolorem. Voluptatem voluptatem neque qui magnam nesciunt dolorem. Libero magnam accusamus sed provident exercitationem quidem.','ENGLISH','1981-09-20','C1','maiores','USA','Magnam tempore dolores et nihil. Quis fuga corporis rerum maiores non. Quam nihil fuga sunt cumque sapiente illo.','44161'),
('62','quo','Elmer Osinski Jr.','Sit sapiente voluptas ipsam illo rem eum sapiente. Est et dolor vel incidunt enim voluptatem.','ENGLISH','1998-09-12','A1','esse','GB','Quam quidem aut iusto ut maiores voluptates dignissimos et. Distinctio quia magnam minus debitis et voluptatum enim. Aut enim omnis explicabo non. Optio aliquam molestiae est eveniet deserunt.','17658'),
('63','impedit','German Kemmer','Aut non accusantium explicabo. Ratione in alias reiciendis quo.','ENGLISH','1990-06-28','B2','quia','GB','Voluptatibus enim minus est iste corrupti voluptatum dicta. Ut tempora assumenda atque veritatis et ea sit. Blanditiis eos maxime delectus alias officiis sequi est. Unde sunt expedita repudiandae voluptate quia deserunt sit. Explicabo sed cumque iure dolor et molestiae velit.','23313'),
('64','quo','Mrs. Brielle Jones','Quo praesentium porro labore corporis consequatur dicta. Tempora reiciendis sit qui voluptatibus ipsa dolorem illum. Hic distinctio cupiditate iste et dolorum.','DEUTCH','1980-10-24','C1','quasi','USA','Voluptas numquam eius commodi optio explicabo vel. Quis quis quia nisi eum beatae excepturi. Qui autem et quis et facere. Nesciunt qui repellendus consectetur perspiciatis et pariatur sit incidunt.','48623'),
('65','reiciendis','Mary Upton','Ex consequatur voluptates rerum voluptatem. Qui molestias eum nam delectus eum nobis nemo tenetur. Ducimus omnis voluptas facilis repudiandae aut. Quis ut vero minus omnis est et corporis.','ENGLISH','1975-10-20','A2','ab','AUS','Esse et et consequuntur aut. Eius et aliquam repellat minima commodi quasi. Sapiente rem quis voluptates deleniti voluptatum voluptate rerum deleniti. Voluptatum ducimus veniam laborum rerum eveniet facere expedita.','44375'),
('66','aliquid','Mrs. Emmalee Bauch II','Qui sit earum pariatur dicta facilis. Placeat est id libero necessitatibus culpa culpa qui saepe. Dolor dolores delectus quibusdam voluptatem dolorum.','ENGLISH','1974-10-03','A1','modi','GB','Numquam nostrum repellendus nisi nihil numquam. Sit nemo quia laudantium. Omnis quia dolor earum aut aut blanditiis. Tenetur quia explicabo ratione ad voluptas sapiente harum. Aspernatur ut tempore voluptas sit beatae veniam porro.','42091'),
('67','culpa','Deonte Langosh','Iure commodi fuga omnis aspernatur quas. Et eum quia omnis praesentium dolores debitis sapiente. Est at cum ea eaque magnam error eligendi.','ENGLISH','1999-04-17','B2','cumque','USA','Libero rem vero dolores mollitia ea et. Dolor ad unde voluptatum blanditiis enim aut aliquid. Quidem at ut similique et est quis. In et sed aut hic.','11344'),
('68','eum','Mr. Flavio Hickle II','Magnam modi consequatur dolores dolore. Provident porro molestiae illo cupiditate minima iste. Harum animi ut praesentium ad perferendis natus quos laborum.','ENGLISH','1980-02-18','A2','dolore','AUS','Provident odio omnis eos placeat sint cum. Culpa tempora recusandae minima non. Eos enim facere dicta vel ducimus sit.','44250'),
('69','deleniti','Llewellyn Gusikowski','Enim nobis sed tenetur magnam aut a dolor. Facilis corrupti error quis explicabo ut.','ENGLISH','1997-03-17','C1','est','AUS','Dicta beatae veniam mollitia. Rerum blanditiis amet unde. Nostrum distinctio perspiciatis beatae delectus sint dolorem. Esse nam voluptatem eaque magnam accusantium porro. Enim et in quae non sed.','27009'),
('70','et','Deontae Welch III','Eius nulla modi aspernatur nemo. Ipsum reiciendis voluptatum quae atque aut dolorum voluptatem earum. Eum qui ad qui sit non praesentium iure quia. Illo facilis beatae ut quis.','ENGLISH','1997-03-29','A1','sed','USA','Non reprehenderit aperiam tempore illo. Quia quasi alias rerum perferendis aut magnam. Corrupti ut consequatur modi reprehenderit corporis accusamus. Aut maiores officia ducimus doloremque consectetur impedit blanditiis.','22649'),
('71','iste','Prof. Demarco Hoppe II','Assumenda laborum labore eum rem et sint dolorem. Vel nihil fuga enim eos consequuntur omnis aliquam.','ENGLISH','2006-03-24','B1','temporibus','USA','Aut voluptatem quisquam dolores ipsum iusto nam accusamus similique. Pariatur enim quasi aut minima omnis. Dignissimos possimus dignissimos tenetur tenetur. Sit non beatae qui facilis reprehenderit et.','44769'),
('72','facilis','Keara Strosin','Est provident et quaerat maxime est. Vitae et ab ipsum facere accusamus itaque. Cum rerum ut repellendus rem aut corporis dolor.','DEUTCH','2019-10-16','A1','rerum','AUS','Ut necessitatibus sunt illum aperiam vel id sequi eum. Consectetur inventore culpa enim quia. Dolor aperiam minus saepe molestiae aliquid consequatur debitis.','43873'),
('73','quis','Marjorie Bogisich','Aliquam ducimus iste fuga assumenda fugiat. Autem ea earum earum qui. Est cupiditate inventore maiores quas necessitatibus dolorem. Atque corporis ea ullam qui quibusdam.','DEUTCH','2000-10-07','A2','veritatis','USA','Et maxime eveniet deserunt consequatur. Fugiat molestiae voluptatem ab quidem tempore et. Ab nulla fugiat quos optio minima. Ipsa illum autem deleniti laudantium cum est qui.','36387'),
('74','dolor','Pauline Nader','Officiis totam aut doloremque autem qui incidunt molestiae. Unde mollitia rerum voluptas non ad. Dolores facere itaque enim corrupti vel quaerat iusto expedita.','DEUTCH','2016-09-02','C1','sint','USA','Sint cumque reprehenderit libero earum voluptas quos. Quae maxime nihil non aut odio alias debitis. Magnam id at velit recusandae alias. Eos voluptas quibusdam ad et est reprehenderit.','32135'),
('75','quasi','Dr. Graham Rau II','Voluptatem dolore qui voluptatem pariatur nam porro ut. Inventore expedita eos rerum error. At ratione maxime rem dicta.','DEUTCH','2007-01-31','A2','consequatu','USA','Esse similique sapiente quaerat dolorum cumque dolores quaerat. Ea vel sint dolor autem. Tempora voluptatibus officia tempore velit.','42462'),
('76','eum','Miss Mertie Kunze I','In nihil nesciunt at dicta neque quia est. Ducimus quis autem dicta totam asperiores iusto. Nihil ullam dolor quia facere sed maxime eveniet. Atque alias fugit aut aut.','DEUTCH','2011-11-25','C1','animi','USA','Ex omnis consectetur nobis aut incidunt. Consequatur veritatis assumenda perspiciatis placeat.','16906'),
('77','laborum','Dr. Icie Bartoletti DVM','Et dolore dicta aut nihil. Enim ad rem cupiditate nisi ut. Laudantium soluta ea minima amet et error. Quos error numquam rerum eveniet qui sit.','DEUTCH','2008-09-27','B2','suscipit','USA','Tenetur repellat tenetur nostrum consequatur sunt. Repellendus eius aut sit et. Et sequi hic voluptatem quae est.','44177'),
('78','sed','Josie Reichel II','Laboriosam perspiciatis voluptatum laudantium quo molestiae cumque. Modi soluta assumenda unde consequatur. Doloremque repellendus fuga ex numquam. Sed qui aut magnam beatae omnis rerum.','ENGLISH','2006-10-29','C1','incidunt','GB','Reiciendis eius nihil laudantium veritatis ipsum. Recusandae facere atque officia illum totam pariatur eaque. Modi aut sint dignissimos dolorem culpa.','35287'),
('79','nulla','Merle Hayes','Dolorum quia a est sint similique et ut. Rerum rerum occaecati nihil excepturi minima quo. Aut autem quis aut et ut aliquam est mollitia.','DEUTCH','1992-06-06','C1','numquam','USA','Tempore voluptate reiciendis hic accusantium assumenda modi ea. Minima omnis facilis dolorem dolor. Repellat expedita porro quos.','13686'),
('80','voluptatem','Kody Hermann','Nihil odit beatae quia reprehenderit ex aut nam. Officiis modi ratione accusamus eius corrupti voluptate aut assumenda. Voluptatem eaque nihil rerum ipsam.','DEUTCH','2012-11-08','C1','facere','AUS','Expedita reprehenderit culpa sed quo minus laboriosam nam. Velit tempora adipisci sunt harum saepe. Asperiores nisi adipisci itaque iusto ullam. Quasi iste eligendi rem.','30756'),
('81','consectetur','Milan Weimann','Ipsum delectus alias aperiam nostrum debitis pariatur. Enim est possimus est eum nam hic. Accusamus eum veritatis et quos voluptas consequatur est. Minus et rem facere velit et. Quia enim sunt numquam expedita commodi sit.','ENGLISH','1994-05-03','A1','necessitat','USA','Libero provident voluptatum voluptatem quos et ut et. Nesciunt perferendis ut dolorem tempora sit.','24506'),
('82','neque','Prof. Bernadette Parisian','Illum quos in qui dicta. Non consequatur qui occaecati est. Ut reprehenderit quas fugit aut repudiandae. Fugit quaerat aperiam aut libero. Optio omnis et error.','ENGLISH','2019-03-28','A2','autem','USA','Quidem quisquam omnis quia cumque non amet. Tenetur eaque placeat sequi in.','13823'),
('83','error','Crystel Stehr','Iste voluptatem dicta commodi dolor. Ab cumque et mollitia quaerat quod.','ENGLISH','2009-11-05','B2','perferendi','GB','At et ut enim dolores molestiae inventore quia et. Consequatur recusandae ipsa aut velit. Voluptatibus fugiat voluptatem qui.','23097'),
('84','deleniti','Kenneth Heller','Et accusantium minus eum aut culpa. Nisi quis qui inventore voluptatibus. Aperiam earum et quasi cum.','ENGLISH','2019-02-28','A1','et','USA','Ea velit ut nesciunt accusamus officia molestiae. Voluptate vero dolor quasi eaque aut facere. Similique in odio sunt modi accusantium reiciendis. Eum repellendus error quo voluptatem.','37025'),
('85','dolore','Ernestina Satterfield','Omnis aspernatur assumenda maxime tempora impedit laborum consectetur. Alias qui maxime quidem quas omnis necessitatibus. Porro veritatis officiis qui. Repellendus atque et et quo. Quisquam perferendis delectus tenetur error.','ENGLISH','1974-04-12','C1','exercitati','USA','Cum eos ut dolores id architecto ab. Numquam earum excepturi praesentium id et dolorem. Neque adipisci corrupti repellat at eaque.','24940'),
('86','ab','Mrs. Eveline Hermann','Eum libero aliquam ex. Explicabo laudantium blanditiis autem. Reprehenderit cum omnis odit veritatis amet perspiciatis. Sunt deserunt asperiores saepe recusandae.','ENGLISH','1990-11-15','C2','laborum','AUS','Asperiores quos perspiciatis non dolorem nostrum. Iste praesentium dolore aliquam quia voluptate. Aut numquam quia sed asperiores eos dignissimos dolorem. Commodi voluptas quod consequatur ea.','35251'),
('87','hic','Mr. Mohammed Schinner','Repudiandae illum at veniam velit architecto exercitationem. Recusandae possimus architecto cumque natus quisquam veritatis. Qui ad sed enim expedita aut dolores.','ENGLISH','2005-07-26','A2','error','GB','Inventore eaque fugit omnis corrupti rerum. Eum libero nesciunt fugit. Perferendis sapiente veniam deleniti nam omnis fugit et.','33952'),
('88','et','Miss Rachelle Hessel DDS','Rerum atque voluptas ut provident consequatur hic maxime. Facilis in non aspernatur perferendis harum nam vel. Voluptas dolores recusandae rerum id qui ex quam. Velit fugit animi quasi laborum suscipit.','DEUTCH','2012-06-20','B1','non','AUS','Rerum aut fugit laudantium omnis. Eum ut aut molestiae rerum est laborum. Libero nesciunt explicabo ut est modi labore enim qui.','30356'),
('89','ut','Telly Pfannerstill DDS','Reiciendis hic consequuntur sit cupiditate et voluptatibus. Accusantium ea est a. Sapiente iste est non ipsum.','ENGLISH','1971-07-17','A1','odit','AUS','Minus consequatur harum ea harum non voluptatibus. Ad accusamus delectus dicta aut et quo voluptate quae. Qui ex sit animi sit repellendus placeat perferendis. Est neque nobis rerum officiis eos a eius. Ab voluptatum aut aut unde.','30984'),
('90','magni','Katharina Rowe Sr.','At excepturi dignissimos vero laborum ut ut autem. Nihil enim veniam ratione quas est. Voluptatem vel soluta odit eos eaque quasi. Et et quia ullam.','DEUTCH','1982-12-20','A1','et','USA','Molestiae eligendi nobis mollitia asperiores dolorem. Tempora eum non corporis inventore. Est sapiente voluptatem quae ex qui. Id molestias laborum et doloribus.','22837'),
('91','dolor','Loyal Runolfsson','Sed consequatur non velit ipsa et. Atque ea accusamus doloribus non laboriosam. Cum maxime cumque nesciunt est cupiditate alias.','ENGLISH','1977-12-02','C1','eveniet','USA','Ducimus ipsam quia dignissimos quidem sit laudantium excepturi. Sed magnam impedit et et sint sed aut.','44567'),
('92','veritatis','Rod Pollich','Optio sit a non consectetur enim deleniti. Iste ea quam adipisci nam vitae nisi expedita. Sequi iure autem adipisci et exercitationem.','DEUTCH','2014-11-02','C1','et','GB','Vitae et exercitationem temporibus eum sunt. Vel voluptas consequatur illo sit ipsum et. Et facilis placeat et ab.','32637'),
('93','distinctio','Ulises Hammes','Accusantium sint optio vel. Molestiae ratione dolorem quasi et reiciendis dignissimos. Voluptatum porro eum enim corporis doloribus. Voluptatibus eius rerum vel repudiandae.','ENGLISH','1980-10-19','C1','et','AUS','Doloribus beatae dolores impedit voluptates quod sequi modi quasi. Quos excepturi libero libero vel non. Aspernatur minima assumenda cumque illum commodi recusandae eos.','30953'),
('94','beatae','Elwyn Jerde','Est culpa voluptas officia. Illum ut iure eum nulla architecto. Quo laudantium ut ipsam in voluptatem cumque quam. Et iusto ea et fugiat.','DEUTCH','1972-09-13','B1','quo','AUS','Velit ea impedit cum quia quia molestiae culpa rerum. Magnam inventore qui recusandae. Dolorum porro officia maxime voluptas dolores est.','14746'),
('95','magni','Sadie Toy IV','Dicta omnis vitae ea asperiores aperiam. Dolor unde sed nulla exercitationem. Architecto nihil consequatur rerum nesciunt tempora. Iure quaerat dignissimos minima reprehenderit aut facilis sed.','DEUTCH','1985-08-22','B1','natus','AUS','Nisi quo nemo tenetur in beatae odio perferendis. Ad repudiandae mollitia ut repudiandae architecto voluptates debitis. Repellendus necessitatibus accusamus qui consequatur eius. Accusantium et voluptas iure perferendis animi tempora ut. Error esse at porro.','20213'),
('96','velit','Rosamond Miller','Tenetur et corrupti et neque. Maxime ex tempore molestiae quasi voluptatem.','ENGLISH','1988-05-24','A1','dolorum','GB','Debitis dicta enim enim enim voluptas voluptatem. Porro quidem ratione sapiente necessitatibus accusamus quisquam. Molestiae occaecati odio nulla rerum quam illo quae.','21305'),
('97','nihil','Miss Diana Stroman PhD','Ea inventore ut et cumque. Animi et suscipit voluptatem. Aut aut sunt aut aut temporibus corrupti. Reiciendis et voluptatem consequatur quis deleniti dolore dignissimos. Qui magni quis perspiciatis recusandae consequuntur sed.','DEUTCH','2004-11-13','A1','dolorum','AUS','Qui nemo quibusdam quaerat sunt eum nemo. Adipisci quia debitis molestias rerum omnis facere et. Dolor est est eaque exercitationem neque voluptatibus ex qui. Dolorum suscipit eum atque iure ea vero. Doloribus sit dignissimos incidunt.','29860'),
('98','eius','Lexi Wyman','Dignissimos sit quos asperiores officiis. Animi non architecto sint odio saepe earum quod. Ratione eaque exercitationem dignissimos commodi aliquam optio.','ENGLISH','1995-03-12','B2','fuga','GB','Et nisi ut rerum aperiam natus tenetur ut. Rem ipsum sit eligendi rerum. Dicta ratione sed aut impedit dolorum. Corporis aut sint eum dicta reprehenderit.','12669'),
('99','iusto','Jevon Lockman III','Eius repellendus vel eum iste id. Quia illo et excepturi sunt. Ipsa odit rerum et. Veniam magnam aut voluptas expedita vitae.','DEUTCH','1980-03-20','C2','consequatu','AUS','Et soluta eius incidunt repudiandae deserunt. Dicta voluptatibus voluptatem facilis et ducimus. Doloribus et doloribus non non voluptatum incidunt. Consequatur ea quasi nulla velit a neque earum.','26784'),
('100','repellat','Dr. Laney Bergstrom III','Non quidem sed expedita neque quibusdam. Nisi laboriosam mollitia et nihil soluta molestias soluta. Ea tempore suscipit sint eius beatae a.','DEUTCH','2012-03-23','C1','corrupti','GB','Aperiam esse autem et aut atque ab dolor. Ut ut ullam sit ut qui. Quo perspiciatis autem dolorem ipsam doloremque.','48690'); 


DROP TABLE IF EXISTS `courses`;
CREATE TABLE `courses` (
  `id` bigint(20) unsigned NOT NULL AUTO_INCREMENT,
  `name` varchar(50) COLLATE utf8_unicode_ci NOT NULL,
  `description` text COLLATE utf8_unicode_ci NOT NULL,
  `level` enum('A1','A2','B1','B2','C1','C2') COLLATE utf8_unicode_ci DEFAULT NULL,
  `language` enum('DEUTCH','ENGLISH') COLLATE utf8_unicode_ci DEFAULT NULL,
  PRIMARY KEY (`id`),
  KEY `name` (`name`,`level`)
) ENGINE=InnoDB AUTO_INCREMENT=21 DEFAULT CHARSET=utf8 COLLATE=utf8_unicode_ci;

INSERT INTO `courses` VALUES ('1','aut','Unde ea dolore nulla quidem quas pariatur aut cumque. Aut velit tempora provident. Culpa ut repellendus eos quos dolorum quis adipisci non.','B1','DEUTCH'),
('2','at','Aut nesciunt qui qui temporibus. Inventore sit temporibus explicabo ipsum blanditiis doloribus. Animi nihil magnam sit enim nihil vero expedita. Velit voluptatem ut a nobis facilis quibusdam et. Doloremque qui totam itaque et.','C2','ENGLISH'),
('3','deleniti','Qui quod et totam quo illo temporibus. Consequatur dolorem ut omnis voluptate reprehenderit facere. Mollitia quia voluptates eaque qui.','A2','DEUTCH'),
('4','illo','Nobis omnis incidunt incidunt sapiente consequatur molestiae aut. Labore aut ea omnis culpa quasi quia. Unde ut eaque et sed. Vero qui quia quo ratione.','B2','ENGLISH'),
('5','quae','Ut sunt officiis asperiores quibusdam facere consequatur. Quos illum ad voluptas alias. Exercitationem voluptas vel asperiores sint. Porro nisi neque suscipit saepe facilis qui sunt.','B1','ENGLISH'),
('6','praesentium','Et sunt dolorem ipsa vero vero sequi ad cum. Molestiae minima rerum cupiditate occaecati ea sed tempore. Quia cum culpa iusto perspiciatis distinctio esse.','A2','ENGLISH'),
('7','illo','Non et et deleniti id et exercitationem. Neque aliquam a illo dolorum voluptatibus laboriosam omnis. Vel est omnis autem eligendi laudantium amet.','B2','DEUTCH'),
('8','fugit','Ab voluptas ipsam non corporis aut voluptatem. Voluptates autem ut placeat perferendis alias. Ducimus quo soluta dolorum dolores cum voluptas. Sed exercitationem molestiae est quis.','A2','DEUTCH'),
('9','aliquid','Corporis eius eveniet nam rerum. Qui quas ea reprehenderit sunt libero aut. Numquam et commodi debitis distinctio ab modi tempora. Reprehenderit esse non ut laboriosam quo neque expedita dicta.','C2','DEUTCH'),
('10','pariatur','Eos voluptas et error quos libero ipsum. Debitis maiores facilis omnis in dignissimos nam dolor suscipit. Soluta quia error dolor et ea blanditiis aut.','C1','ENGLISH'),
('11','labore','Totam et nisi illo voluptas quas quia ut. Enim similique enim et maiores. Sunt blanditiis omnis odio voluptatem temporibus et. Et id voluptas ipsam cumque consequatur dolores.','A2','ENGLISH'),
('12','quasi','Voluptas blanditiis in nihil in voluptatem. Voluptatem nam et magni. Magnam nihil dolorum voluptas consequatur reprehenderit. Autem ea tenetur molestiae asperiores nemo.','B1','ENGLISH'),
('13','dicta','Laudantium nihil laborum est voluptas quia minima et voluptatibus. Id consequatur quis consequuntur sed voluptatem architecto dignissimos. In maxime et consequatur nemo pariatur repellendus ipsum.','A1','DEUTCH'),
('14','a','Eligendi corporis vitae nihil fugit. Aut mollitia laborum quo optio expedita. Voluptatem recusandae et nulla sed inventore impedit necessitatibus aut. Aut omnis quis aliquam exercitationem.','A2','DEUTCH'),
('15','enim','Eaque doloribus consectetur placeat repellendus est ex quaerat. Quisquam quia occaecati in corporis natus sit saepe. Quam aut ipsa voluptate accusamus voluptate consectetur quidem. Quisquam rerum laborum nam qui rerum.','C1','DEUTCH'),
('16','nihil','Blanditiis reprehenderit sint optio aut quia. Omnis placeat qui earum non numquam est eum. Neque hic dolor aut eos est molestiae. Blanditiis omnis repellat non vel minus rem aliquam.','A1','ENGLISH'),
('17','non','Iste aspernatur aut voluptates non facilis sit. In dolorem excepturi natus quod. Consequatur vitae sint explicabo error. Qui cumque quae voluptatem ad excepturi totam eos unde.','C1','ENGLISH'),
('18','doloremque','Illo unde velit quo fugit repellendus. Et dolore iusto dolor. Sit illo ut qui est.','C2','ENGLISH'),
('19','iure','Dignissimos omnis et ab dolores consectetur. Corrupti repellendus et necessitatibus qui optio aut consequatur. Odit rerum sint odio nihil consequatur dolore nam.','B1','DEUTCH'),
('20','temporibus','Qui cupiditate aspernatur aut consectetur. Ab aut itaque aut. Consequuntur dolore et enim et totam maiores.','A1','DEUTCH'); 


DROP TABLE IF EXISTS `mailing_lists`;
CREATE TABLE `mailing_lists` (
  `id` bigint(20) unsigned NOT NULL AUTO_INCREMENT,
  `name` varchar(50) COLLATE utf8_unicode_ci NOT NULL,
  `author` varchar(50) COLLATE utf8_unicode_ci NOT NULL,
  `description` text COLLATE utf8_unicode_ci NOT NULL,
  `language` enum('ENGLISH','DEUTCH') COLLATE utf8_unicode_ci DEFAULT NULL,
  `date` date NOT NULL,
  `categories` varchar(10) COLLATE utf8_unicode_ci NOT NULL,
  PRIMARY KEY (`id`),
  KEY `author` (`author`),
  KEY `categories` (`categories`)
) ENGINE=InnoDB AUTO_INCREMENT=101 DEFAULT CHARSET=utf8 COLLATE=utf8_unicode_ci;

INSERT INTO `mailing_lists` VALUES ('1','quas','Petra Ernser PhD','Molestias ut alias qui quod id. Natus praesentium nobis animi et. Qui veniam laboriosam occaecati deserunt quisquam eos.','ENGLISH','2017-02-06','odit'),
('2','blanditiis','Rosetta Hessel','Velit tempora consequatur sit esse qui ut. Id exercitationem animi fuga ut ut sit. Asperiores tempore ratione non aut explicabo qui rerum.','DEUTCH','2013-07-25','facere'),
('3','et','Hannah Weissnat','Est quaerat rem accusamus explicabo et quae. Voluptatem dicta earum unde. Accusamus voluptates minus sunt veritatis officia ut.','ENGLISH','1998-04-22','voluptatem'),
('4','autem','Mrs. Wilhelmine D\'Amore','Soluta exercitationem a excepturi facilis vel delectus. Ullam quia veniam dolor numquam. Accusamus quibusdam quia necessitatibus ex quas. Fuga nemo aperiam consequatur quia et nihil.','DEUTCH','2003-01-05','neque'),
('5','nostrum','Dr. Curt McDermott DVM','Officia similique quasi possimus voluptatum omnis. Est voluptatibus quis ab deserunt maiores nemo. Animi dolorem deserunt expedita quas.','ENGLISH','1997-10-12','consequunt'),
('6','praesentium','Jerad Jast','Cumque ab labore sequi dolorem. Quae eos repudiandae quaerat est doloremque.','DEUTCH','1995-08-04','exercitati'),
('7','omnis','Isac Goyette','Eius eos temporibus quaerat. In doloribus reiciendis sapiente in tempore aliquid commodi asperiores. Esse praesentium rerum vitae dicta earum. Vel ad aut nesciunt nihil aut reiciendis tempore.','ENGLISH','1977-04-29','dolorem'),
('8','amet','Brown Lebsack Sr.','Iure repellendus dolor expedita eos repellat natus atque. Voluptatem odit laudantium dolorum ut libero incidunt consectetur. Ipsa velit sit et sapiente. Provident non eos sit repellat.','DEUTCH','1991-08-27','esse'),
('9','nam','Dr. Kristy Jacobs','Voluptas ipsa incidunt nemo qui qui. Optio quos et voluptatem. A dolorem ex quod beatae est.','ENGLISH','1982-04-06','amet'),
('10','optio','Mr. Sydney Mitchell','Earum esse ut officia necessitatibus vel omnis. Et id deserunt et velit quis libero est repellendus. Eos ex placeat blanditiis quia unde consequatur cum.','DEUTCH','1976-05-15','vel'),
('11','labore','Jacky Cruickshank','Sed repellendus voluptas minus eligendi animi ea dolor. Ut quia aut beatae id. Ex ullam consequatur eos assumenda vel repellendus sed optio.','ENGLISH','2013-12-22','eum'),
('12','laborum','Anibal Schaden','Sed dolore quasi id et sapiente ratione repellat. Laborum non facere eum doloremque. Est voluptas reiciendis aut vitae accusamus necessitatibus.','DEUTCH','1975-01-01','veritatis'),
('13','ut','Dr. Marlee Nader Jr.','Sed ad earum molestiae magnam animi. Laudantium labore praesentium voluptatem est earum consectetur. Vitae sed voluptas optio facere. Voluptatem quae deserunt autem voluptas est quas quae.','ENGLISH','2008-08-19','voluptatum'),
('14','ipsam','Anika Robel','Esse dolorum voluptas facilis esse. Vel quaerat asperiores totam. Sint velit dolorum ab totam saepe. Quas ad similique provident molestias ut.','ENGLISH','1994-10-15','atque'),
('15','quia','Deron Monahan','Voluptatum mollitia voluptas perspiciatis voluptates atque enim. Fugiat fuga natus voluptatum ipsum expedita. Blanditiis neque doloremque non eos voluptatum. Sit ab velit est eveniet.','DEUTCH','1988-10-02','earum'),
('16','laborum','Lupe Prosacco','Quo unde id odit sapiente fuga. Vel quidem consequuntur sed consequatur. Tempora quidem maiores laboriosam voluptas amet adipisci iusto. Temporibus a ipsa ab non modi.','ENGLISH','2003-04-07','quos'),
('17','illo','Greg Champlin','Qui iure nemo atque et unde et voluptatem. Nihil dolor nemo eum assumenda. Est saepe repellendus sunt suscipit doloremque voluptatibus. Beatae voluptatem fuga rerum minima amet voluptas. Ipsam tenetur deleniti aut officia numquam laborum ullam quaerat.','DEUTCH','2009-09-17','enim'),
('18','laboriosam','Unique Hettinger DVM','Numquam non repellat quod quo est. Eveniet cum odio vero labore non neque. Minima neque in illo perferendis. Ex quasi quae ullam alias quas et.','DEUTCH','2017-09-28','velit'),
('19','ab','Karley Lueilwitz V','Sint ea quibusdam harum nostrum vel laborum iste. Nisi laudantium eum ex facere. Exercitationem ab quasi veniam ut. Est sit at labore est.','DEUTCH','2014-01-02','autem'),
('20','et','Danny Pacocha DVM','Aperiam sed ea cupiditate quibusdam eum iste. Ut voluptatem sit labore autem odit. Magnam voluptatibus voluptatibus est dolore et facilis et. Dignissimos accusantium explicabo adipisci eum in mollitia reiciendis et.','ENGLISH','1982-08-12','quia'),
('21','in','Ava Heller','Nemo est explicabo magni atque. Tenetur dignissimos eos qui doloremque quia sequi. Architecto quis repellendus reprehenderit debitis aut. Saepe laudantium aut voluptates reprehenderit quae qui.','DEUTCH','2016-10-01','nihil'),
('22','sunt','Prof. Audrey Kshlerin I','Aut fuga aut asperiores enim. Consectetur temporibus et odio aut. Repellat consectetur officiis eum a blanditiis. Dignissimos delectus saepe deleniti possimus eos possimus facere.','DEUTCH','2014-07-21','delectus'),
('23','aliquam','Prof. Henri Jerde DVM','Dolores modi quasi quis quisquam consectetur. Libero culpa aut hic omnis velit itaque et. Aliquid voluptatem minima repellendus nisi quod repellendus. Nihil neque aut mollitia illum eligendi. Dolorem cumque ad deleniti.','DEUTCH','2017-09-19','quis'),
('24','nisi','Issac Jakubowski V','Eum ut id qui nesciunt veritatis sed. Doloremque alias quidem quod quo enim sit. Voluptatibus at voluptatibus delectus ipsum quae at explicabo.','DEUTCH','1977-12-02','eveniet'),
('25','laboriosam','Jacinto Weissnat','Laudantium cumque laudantium tenetur totam sit. Et eos id eius nisi aliquid rerum distinctio. Recusandae dolor maxime in quis et. Quo ut aut autem quae fuga voluptatum.','ENGLISH','2010-04-27','dolor'),
('26','vero','Hershel Pfannerstill','Non modi nisi ut quod et repellat quia. Eum sunt molestias minus recusandae nobis officiis nostrum rerum. A laudantium asperiores aut excepturi deleniti necessitatibus.','ENGLISH','1988-01-04','explicabo'),
('27','molestiae','Hollis Grimes','Rerum ut laboriosam porro deserunt aliquam iusto voluptatem ut. Corporis suscipit consequatur ullam dolorem nulla. Enim aut rerum ad dignissimos nulla qui. Reprehenderit et alias voluptatem reprehenderit vero maiores qui.','DEUTCH','1996-04-03','perspiciat'),
('28','nihil','Javier Turner','Qui saepe consequatur perferendis mollitia id. Sed aut amet similique veniam quaerat quia inventore. Nemo asperiores rerum deleniti doloribus. Et vero repellat saepe. Ut harum doloremque quo sit perferendis facere.','DEUTCH','1991-01-09','rerum'),
('29','neque','Gerda Mitchell','Minima facere alias nihil doloremque unde earum officia. Blanditiis quia sint est assumenda. Architecto veniam consequatur nobis. Temporibus sed quod fuga voluptas quasi et voluptas.','DEUTCH','2007-07-14','omnis'),
('30','natus','Cathy Roberts','Omnis fugiat voluptas excepturi laudantium non et aperiam quo. Veritatis aspernatur sed dolor. Ut eum cumque laboriosam qui dignissimos tempore impedit quia. Reprehenderit consectetur nihil aut dolor repellendus.','ENGLISH','2010-12-10','quia'),
('31','sit','Prof. Edwin Becker','Hic modi mollitia suscipit est sed iusto distinctio. Ut animi consequatur ipsa inventore. Et voluptatum autem suscipit autem nemo qui dolorem. Reiciendis quidem voluptate et aliquam explicabo natus et.','ENGLISH','1984-09-21','at'),
('32','nihil','Eve Goyette','Laudantium velit ipsam doloremque fugit et occaecati. Optio est fugit iste accusamus doloribus occaecati. Est aut perferendis veritatis praesentium voluptatem occaecati quibusdam.','DEUTCH','2001-07-09','aspernatur'),
('33','quia','Myah Skiles','Magnam dolorum quis cumque qui. Quis voluptate consectetur harum eos et rem voluptatibus nemo. Inventore ullam esse quam qui doloremque error deserunt.','DEUTCH','1995-08-28','atque'),
('34','in','Tristin Little I','Unde pariatur id et in dolorum et. Voluptatem officiis eius sint quasi veniam quia.','ENGLISH','2020-01-06','dolorem'),
('35','possimus','Prof. Jaiden Kub V','Iusto at odio saepe mollitia eveniet nemo quo. Excepturi ducimus ipsam et animi dolor. Aperiam expedita nisi aspernatur vitae dolor autem. Ipsa consequatur atque facere modi ab vel magnam. Architecto suscipit aut molestias possimus.','DEUTCH','1976-06-06','vel'),
('36','alias','Dr. Damion Treutel','Expedita accusantium velit debitis qui molestiae illum labore. Et saepe et debitis eos. Maxime porro fugit expedita. Provident voluptate minus reprehenderit dignissimos rerum facere. Quibusdam iste minima consequatur rem tenetur qui tempora.','DEUTCH','1986-05-24','est'),
('37','et','Neal Gerlach DVM','Numquam rem impedit nisi. Velit sequi dolores ipsa. Quo molestiae et incidunt.','ENGLISH','2017-07-15','pariatur'),
('38','ut','Ms. Petra Moen','Provident adipisci ea aliquam. Omnis fugit minus ea officiis. Ut autem amet minima quam quae esse dolor.','ENGLISH','1985-06-09','unde'),
('39','praesentium','Mrs. Janessa Hessel','Placeat quia aut enim ab sint voluptates. Et repellat culpa officiis eos. Beatae eligendi voluptas consequatur autem. Qui molestiae soluta rerum non quisquam aliquam ratione.','ENGLISH','1983-03-24','vero'),
('40','qui','Glennie Hegmann II','Eaque aut quo cum officia veritatis sit. Beatae et nihil eum omnis recusandae.','ENGLISH','1989-02-12','et'),
('41','magni','Eduardo Mueller','Saepe occaecati accusamus fuga nostrum est aut quae. Totam laboriosam facilis ut molestias. Sit commodi iste et sapiente distinctio voluptatem a. Libero ipsam pariatur recusandae officiis nostrum.','ENGLISH','2009-05-13','porro'),
('42','consectetur','Edgar Trantow I','Rerum nesciunt omnis eos possimus voluptas quidem. Dignissimos assumenda commodi explicabo possimus. Et quo eos commodi animi est. Sint assumenda dolorum sed repellendus.','ENGLISH','2015-04-11','quos'),
('43','dolorem','Dr. Robbie Turcotte','Sit voluptas illum architecto harum sequi sit. Sed quia distinctio repellat placeat. Quasi sed maiores illo aut commodi qui saepe eveniet.','DEUTCH','1990-01-05','earum'),
('44','et','Coty Huels','Doloribus cupiditate dicta est in. Quia deleniti fugiat corrupti temporibus. Consequuntur esse sit magni molestiae nisi.','DEUTCH','1973-05-09','sunt'),
('45','veritatis','Prof. Mckayla Reynolds','Repellendus et sunt qui nemo. Voluptatibus rerum dolores sit autem a cupiditate. Ut quae et eum possimus. Iure exercitationem ex molestiae consequatur illum laudantium atque vel.','DEUTCH','1971-12-05','tempore'),
('46','nostrum','Cydney Harris','Atque quos dolores sequi fugiat repellat suscipit libero rerum. Qui atque saepe et error. Quis possimus laborum distinctio molestiae suscipit mollitia. Ut nulla est rerum maiores.','ENGLISH','1999-02-16','aut'),
('47','odit','Toby Grady','Quaerat inventore ipsam dolorem eos. Enim dolorem deserunt delectus magnam omnis. Ut consequatur dolor necessitatibus possimus totam. Porro et at et fugiat vero soluta. Vero vel odio est nisi in.','DEUTCH','1970-04-28','inventore'),
('48','repudiandae','Jacey Thompson I','Et nam et deserunt corrupti nisi voluptatum explicabo laborum. Non deserunt eum sapiente aliquid recusandae quaerat repellat.','DEUTCH','1971-09-01','iusto'),
('49','temporibus','Tatum Kreiger','Ut amet dolor mollitia sed nesciunt odio. Expedita neque doloremque quae praesentium occaecati. Quasi sequi atque aut beatae consequatur unde. Veritatis iusto non perspiciatis est.','DEUTCH','1979-11-02','et'),
('50','quaerat','Cary King','Voluptas sapiente molestiae voluptas est vitae error. Deleniti voluptatem molestiae maiores voluptatem provident eius et.','ENGLISH','2019-09-26','corrupti'),
('51','ea','Opal Hermann','Sit nesciunt maiores placeat mollitia iusto. Dolor rerum aliquam sed ea excepturi iure explicabo. Et nihil iusto voluptatem aperiam eius cum.','ENGLISH','2018-09-13','sint'),
('52','qui','Nicolas Emard','Ut quas explicabo deserunt et sunt optio illum. Et perferendis qui quasi laborum ducimus alias. Autem fuga non et.','DEUTCH','2002-06-26','maiores'),
('53','ratione','Karlie Hilpert','Rem debitis possimus vero id distinctio quisquam. Laboriosam amet nam ut blanditiis distinctio harum et. Earum sed corrupti sit voluptas amet placeat accusantium. Voluptatem quibusdam pariatur vitae aliquam omnis reiciendis.','DEUTCH','2017-06-22','laborum'),
('54','dolorem','Dr. Elise Bins','Est voluptate et aut distinctio enim eos neque. Illo nihil modi et qui. Sed vitae ut debitis dolores harum. Voluptas sit accusamus dolorem officiis nesciunt.','ENGLISH','2011-11-20','ullam'),
('55','qui','Mark Steuber II','Dolorem dolorem ut ipsa error consequatur sit. Et voluptatibus amet autem accusantium eos ut. Blanditiis ut eum blanditiis quis ducimus. Veniam laboriosam sed ea et ea quo.','ENGLISH','2007-07-25','nisi'),
('56','ea','Wilford Gaylord','Aliquid dignissimos veritatis est ex officia magnam ut quasi. Repellendus sint molestiae modi nisi enim similique fuga. Ab eveniet assumenda optio voluptate.','ENGLISH','2018-12-01','possimus'),
('57','iusto','Wilfredo Romaguera PhD','Sequi et magni maiores consequatur. Voluptatem ducimus et odio rerum voluptates maiores. Dolorem perspiciatis dolores sint et ab unde voluptas. Magnam optio perspiciatis quasi cum repellendus harum laudantium quibusdam.','ENGLISH','2016-05-23','qui'),
('58','alias','Mrs. Felicity Bashirian II','Consequatur praesentium rem magni sequi perferendis sed amet. Et cumque ducimus sunt expedita qui culpa voluptatibus ratione. Voluptatem numquam animi deleniti consequatur. Vero aut id eveniet perspiciatis fuga aut qui.','DEUTCH','1998-07-01','vel'),
('59','nam','Lucienne Blick','Tempora numquam architecto esse quibusdam totam ut. Repellendus consectetur numquam aut sed qui. Magni impedit quisquam architecto.','DEUTCH','2012-05-03','qui'),
('60','sunt','Grady Grant','Vitae quod quo voluptatem qui qui consequuntur voluptas. Accusamus temporibus voluptas fugiat dolores. Deleniti optio dolorum voluptatibus rerum minima.','ENGLISH','1995-08-31','sed'),
('61','molestias','Bert Lindgren Jr.','Sed omnis eum quae provident. Quo et vero beatae quia consequatur ullam quis. Fuga placeat dolor iste aperiam temporibus quae.','ENGLISH','1993-07-25','amet'),
('62','eveniet','Ignatius Schroeder PhD','Quia et vel veritatis ex sequi aliquam. Quam illo nostrum accusantium repellendus animi ut. Veniam enim magnam soluta at tempora. Omnis in esse occaecati labore aliquid ut sint quaerat.','ENGLISH','1985-09-13','ad'),
('63','nihil','Garth Casper I','Dolorem magnam magnam ut exercitationem sint. Qui quisquam enim quidem. Ab ratione ducimus enim ratione architecto illo praesentium.','ENGLISH','2011-09-14','odit'),
('64','ut','Mrs. Creola Rau','Nostrum ipsam nesciunt et. Nisi facilis sed id qui. Qui iusto doloremque eligendi voluptatum iste. Iusto et sunt pariatur quae et ut dolor.','ENGLISH','1999-06-24','maiores'),
('65','corrupti','Katelin Emard','Earum doloremque dolor consequuntur repellat est. Velit veritatis tenetur dicta voluptate tempora ut nostrum. Omnis dolores qui excepturi vero vel corporis aut.','DEUTCH','1989-02-02','iusto'),
('66','pariatur','Narciso Lakin','Nesciunt facere alias quia hic autem voluptatum quis. Eos sit temporibus hic distinctio iure aliquam laboriosam itaque.','DEUTCH','2019-08-06','nostrum'),
('67','dolor','Cristian Steuber','Voluptatem ipsum officiis praesentium unde. Non cupiditate labore distinctio ducimus recusandae inventore. Eius ea asperiores in quia.','DEUTCH','1996-03-09','voluptates'),
('68','laboriosam','Geoffrey Stiedemann III','Sit adipisci sunt minima eum beatae. Quia iure est ipsum quia omnis optio. Corrupti facilis consectetur delectus veniam commodi. Omnis esse et debitis labore impedit rerum nihil.','ENGLISH','1995-08-21','et'),
('69','cumque','Ryleigh Kshlerin','Vero est incidunt a sunt explicabo ab. Vero doloremque consequuntur exercitationem. Sed rerum quae enim numquam qui quasi praesentium.','DEUTCH','2017-08-06','fugiat'),
('70','distinctio','Katelin Yundt','Voluptatem dolor id tempora perferendis et. Dolores voluptatem id quidem dolore qui nihil eos. Aliquam similique consequatur nesciunt quaerat et molestiae hic.','DEUTCH','1993-07-15','cum'),
('71','et','Chester Tromp','Ex sint quasi harum sit. Et sit unde excepturi rerum iste id. Voluptatem necessitatibus necessitatibus ea illo. Asperiores id voluptatem at.','DEUTCH','1992-10-08','odit'),
('72','harum','Rowan Baumbach','Delectus illo et veniam beatae mollitia. Iusto eum veniam ratione omnis tempore eum. Pariatur rerum est voluptatibus saepe illo corporis dolore. Nulla asperiores inventore qui dolores voluptates sunt.','DEUTCH','2010-07-08','suscipit'),
('73','ex','Aurore Goldner Jr.','Excepturi qui quos rerum culpa qui sit et et. Natus pariatur harum consequatur laboriosam. Aut rerum quia esse laudantium asperiores.','ENGLISH','1980-12-13','cum'),
('74','iure','Mark Borer MD','Corporis repellat et nihil sapiente. Et ipsum sint sit corporis voluptas natus. Magni voluptatibus possimus laborum deleniti vitae sapiente perferendis vel. Qui qui voluptates non aperiam.','ENGLISH','1979-05-03','tempore'),
('75','odio','Marilou Hettinger','Deserunt hic saepe iste aut doloribus sed sit. Aut repellendus odit mollitia praesentium. Neque amet et et quis.','DEUTCH','2005-07-05','veniam'),
('76','facere','Prof. Garret Padberg Jr.','Unde ut sint sed voluptatem vel vitae harum. Ex vel ut accusantium nulla itaque. Assumenda quia voluptatem deserunt ad atque nemo illum eum.','DEUTCH','1995-04-18','iusto'),
('77','natus','Lamar Morissette','Libero commodi deleniti ducimus tempora nisi. Occaecati recusandae necessitatibus quia quia eum. Hic vel velit voluptas sint. Suscipit fugit earum consequatur inventore.','DEUTCH','2018-11-22','itaque'),
('78','ipsa','Janiya Murray I','Delectus dolorem omnis et laborum. Aliquid dolores harum et facilis et. Quae corrupti sunt est animi. Quis eum animi totam explicabo atque.','DEUTCH','2000-01-06','hic'),
('79','eveniet','Ebba Sporer','Eum inventore sapiente exercitationem dolore corrupti. Laboriosam laboriosam quasi nam consequatur id. Voluptatum molestiae sit consequuntur ut eos error et. Voluptate quis sit quod magni.','ENGLISH','1992-02-11','aut'),
('80','itaque','Shaun McGlynn','Modi consequatur iste ullam quis dolor. Pariatur ut et reprehenderit nobis nulla alias ipsum. Fugiat dolor similique omnis adipisci. Esse quo rerum nulla voluptatum dicta necessitatibus deleniti. Enim nobis nostrum amet sunt.','DEUTCH','2007-03-06','ipsa'),
('81','quia','Sigurd Mitchell','At soluta ipsam numquam adipisci. A minus vitae autem distinctio. Ipsum quas iste ut officiis. Modi rerum officia in quia neque magni veritatis.','DEUTCH','1979-04-21','eaque'),
('82','possimus','Anya Powlowski','Ea enim non omnis maxime tempora et. Quidem natus cum quam asperiores ullam esse sequi qui. Quia ex dolorem ut nostrum est quisquam sint. Culpa saepe sapiente et tempora recusandae voluptas.','DEUTCH','2017-04-01','totam'),
('83','iure','Alia Gerhold Sr.','Consequatur omnis fugiat et unde dolores officia est. Quisquam quis rem enim ratione iusto in quia odio. Aspernatur non tempora nihil perferendis magnam dolores quibusdam dolor.','ENGLISH','1982-06-12','consequatu'),
('84','ut','Dashawn Corkery Sr.','Sequi perspiciatis quasi beatae blanditiis ab. Molestias fuga modi ex assumenda. Maxime libero et voluptatem dolore illo et.','ENGLISH','2000-03-22','quia'),
('85','necessitatibus','Darrin Krajcik','Odio quia hic eum deserunt et neque quisquam. Maxime temporibus sunt eum exercitationem porro est. Molestiae totam minus quia aut.','ENGLISH','1986-07-30','dolor'),
('86','asperiores','Judah Monahan','Neque debitis ducimus vel iusto. Quod et qui quae. Qui quisquam amet et et.','ENGLISH','1978-07-01','hic'),
('87','mollitia','Miss Norma Mueller','Delectus vero et aut qui sunt tempore. Et quo dolorem eos temporibus quia quis. Perspiciatis aut voluptatem sunt aliquid ut. Laboriosam reiciendis debitis dolore alias.','DEUTCH','1987-06-18','quidem'),
('88','minus','Raleigh Rath','Amet id eius excepturi temporibus. Veritatis ea et vel inventore sit ut qui. Consequuntur sapiente repellat sit ducimus molestiae.','DEUTCH','1995-11-26','qui'),
('89','veritatis','Dr. Ettie Moore V','Odit vel voluptates non esse a laudantium. Reiciendis sit reprehenderit explicabo in. Est aliquam aliquid iste facere doloremque dolores.','ENGLISH','1995-03-03','sint'),
('90','est','Mrs. Marilyne Nolan','Dignissimos omnis accusantium consectetur modi enim. Dolores consequatur voluptate maxime nisi consequuntur. Amet voluptatibus nulla occaecati corrupti sed aut sint. Quis est consectetur sed quibusdam.','ENGLISH','1973-10-13','incidunt'),
('91','officia','Jovani Feest','Et quam ut sed nisi. Et culpa a dolorem consequatur culpa voluptas nobis est. Possimus voluptas sit odio nemo quis corrupti incidunt quis. Iste dolorem et est et ut.','DEUTCH','1984-04-13','culpa'),
('92','aut','Mrs. Myra Johns','Repudiandae nostrum consequatur necessitatibus aliquid. Quidem quibusdam qui quia provident blanditiis et veritatis.','DEUTCH','2016-04-13','et'),
('93','qui','Dr. Flavio Gulgowski V','Cupiditate eveniet ea ut quis voluptatem doloremque magnam. Molestias facilis ut harum atque dolorum quia. Rem qui fugit quo est unde.','ENGLISH','1979-09-09','repudianda'),
('94','aut','Prof. Tevin Ziemann','Quibusdam quia doloribus sapiente accusamus veritatis possimus. Doloremque doloribus suscipit voluptatem hic velit vitae. Eveniet atque debitis ab architecto fugiat molestiae. Fuga earum nihil unde unde quod modi voluptas.','DEUTCH','2001-01-10','enim'),
('95','labore','Sandra Rath II','Eligendi et natus repellendus in cupiditate perferendis labore. Laboriosam dignissimos nam perspiciatis natus vel est enim. Odio earum enim ea voluptatem recusandae enim.','ENGLISH','1987-01-30','quam'),
('96','in','Ms. Elise Ritchie','Minima velit at pariatur deserunt est voluptates et minima. Perspiciatis rerum qui praesentium sunt tempore consequatur ut. Atque qui deleniti quis enim error.','DEUTCH','1989-04-03','reiciendis'),
('97','aperiam','Jonatan Donnelly','Doloremque libero sint assumenda quas adipisci. Iste culpa ipsa qui perferendis qui reiciendis voluptate. Aut velit officiis unde totam reprehenderit minima.','DEUTCH','1981-10-11','in'),
('98','ducimus','Prof. Rahsaan Gislason','Voluptatem sequi quia doloremque qui temporibus possimus. Dolores et sit sapiente esse aut debitis. In unde sequi rerum voluptas sed.','ENGLISH','1977-07-04','deserunt'),
('99','expedita','Berta Kshlerin Jr.','Ut rerum voluptas quidem culpa laboriosam. Qui exercitationem atque quia veniam alias.','DEUTCH','1985-12-07','quas'),
('100','sequi','Amya Kunze','Provident eligendi ea qui consectetur rerum. Enim laborum quasi velit voluptates et reprehenderit placeat. Corrupti consectetur qui mollitia. Libero qui voluptas magnam nihil cumque non perspiciatis.','ENGLISH','1978-11-01','praesentiu'); 


DROP TABLE IF EXISTS `songs`;
CREATE TABLE `songs` (
  `id` bigint(20) unsigned NOT NULL AUTO_INCREMENT,
  `name` varchar(50) COLLATE utf8_unicode_ci NOT NULL,
  `author` varchar(50) COLLATE utf8_unicode_ci NOT NULL,
  `description` text COLLATE utf8_unicode_ci NOT NULL,
  `language` enum('ENGLISH','DEUTCH') COLLATE utf8_unicode_ci DEFAULT NULL,
  `date` date NOT NULL,
  `level` enum('A1','A2','B1','B2','C1','C2') COLLATE utf8_unicode_ci DEFAULT NULL,
  `genre` varchar(10) COLLATE utf8_unicode_ci NOT NULL,
  `accent` enum('GB','USA','AUS') COLLATE utf8_unicode_ci DEFAULT NULL,
  `count_words` int(11) NOT NULL,
  `body` longblob NOT NULL,
  `size` int(11) NOT NULL,
  `metadata` longtext CHARACTER SET utf8mb4 COLLATE utf8mb4_bin DEFAULT NULL CHECK (json_valid(`metadata`)),
  `media_type` varchar(10) COLLATE utf8_unicode_ci NOT NULL,
  `created_at` datetime DEFAULT current_timestamp(),
  `updated_at` datetime DEFAULT current_timestamp() ON UPDATE current_timestamp(),
  PRIMARY KEY (`id`),
  KEY `name` (`name`),
  KEY `author` (`author`)
) ENGINE=InnoDB AUTO_INCREMENT=101 DEFAULT CHARSET=utf8 COLLATE=utf8_unicode_ci;

INSERT INTO `songs` VALUES ('1','qui','Thelma Hauck','Numquam dicta recusandae corrupti unde aut rem quis. Dolor quia vel repellendus harum. Sapiente fuga enim sed unde illo accusamus impedit nihil.','ENGLISH','2003-05-14','B2','sed','GB','16654','Nisi libero expedita inventore dolorum. Possimus soluta nihil vero quis itaque repudiandae error. Quis fuga libero deleniti est. Sunt quis dolores ab repudiandae molestiae animi.','29222',NULL,'aut','1992-10-16 16:40:11','2020-07-05 09:32:54'),
('2','enim','Ali Bergnaum','Nostrum ut magnam similique excepturi magnam consequatur dolore iusto. Quis iste consequatur id illo eligendi eveniet vel sequi. Hic voluptates eaque quia qui.','DEUTCH','1975-04-03','C1','sint','AUS','19526','Eos laudantium est ipsa quo dolores ut hic. Consequatur tenetur qui sed dolor cumque. Numquam ad qui molestias. Quo voluptatibus et neque rerum quod voluptate.','8332',NULL,'quia','2007-01-30 11:38:34','2020-07-05 09:32:54'),
('3','optio','Bo Ondricka','Exercitationem hic nemo voluptatem perferendis impedit ut error. Aliquam distinctio aliquid et nihil illo enim rerum. Culpa dolor aspernatur rem quia.','ENGLISH','1992-12-26','B2','dolorum','AUS','15304','Pariatur aut soluta et ratione. Iure a excepturi quam ratione et autem. Sed nulla autem harum quam nemo. Enim sapiente in aspernatur animi nobis. Quidem rerum et dolores ducimus excepturi.','9509',NULL,'id','2017-02-07 14:54:19','2020-07-05 09:32:54'),
('4','similique','Luna Weissnat','Totam animi repellendus impedit. Eligendi optio aut repellendus corporis est. Velit adipisci blanditiis natus ab sit.','DEUTCH','1991-11-03','C1','in','GB','19541','Aut enim optio et reiciendis tempora sit odit. Quis ut voluptate possimus numquam voluptatem nam quod. Similique eaque aspernatur quisquam enim assumenda.','18900',NULL,'laboriosam','1989-10-02 00:09:55','2020-07-05 09:32:54'),
('5','ut','Lourdes Gulgowski II','Qui aspernatur repellat ducimus nobis sit unde sint est. Sed voluptatibus rem doloremque nobis. Minima voluptatem quasi sit consequatur expedita. Atque vel rerum voluptatem asperiores eum.','DEUTCH','1986-12-25','A2','suscipit','GB','6089','Dolor expedita omnis minus nesciunt. Suscipit quod ab deleniti possimus. Impedit enim voluptatem laborum et voluptatibus eveniet debitis ex.','8253',NULL,'minima','1991-01-17 02:19:52','2020-07-05 09:32:54'),
('6','quis','Ms. Kari Jones','Debitis neque illo et iusto incidunt. Autem quis ut ad debitis. Quo quo delectus sunt ut et.','ENGLISH','1992-12-15','A1','qui','GB','19731','Non impedit suscipit quam quis corporis aspernatur facilis dolorem. Est deserunt ad non. Assumenda enim facilis excepturi rerum inventore harum.','3030',NULL,'aut','2019-03-14 14:25:22','2020-07-05 09:32:54'),
('7','aut','Lottie Shanahan Sr.','Qui aut similique accusamus minus ipsam laborum earum incidunt. Laudantium cumque sit fugiat laudantium. Et distinctio quae non rerum eos. Et aut rerum laboriosam suscipit commodi.','ENGLISH','2012-09-18','A2','fugit','GB','14848','Laborum et a odio. Nostrum cumque et quas. Libero sunt ipsam animi consequatur dignissimos.','1577',NULL,'tempora','1998-08-13 12:51:11','2020-07-05 09:32:54'),
('8','dolor','Delilah Denesik','Consectetur laborum quam repudiandae voluptates molestias. Qui minima quas voluptate et est voluptatem sequi. Minus dolore optio tempore velit illum dolor. Facere eius officiis et modi qui cupiditate a.','ENGLISH','1972-09-16','C2','perspiciat','GB','29035','Quo nihil nihil aliquam non rerum. Perspiciatis nihil sint alias molestiae incidunt aut sint. Adipisci ea consequatur iusto. Corporis explicabo sint eveniet fugiat voluptates ullam.','18739',NULL,'saepe','1986-07-29 20:58:02','2020-07-05 09:32:54'),
('9','autem','Hollie Daniel','Voluptatem corrupti deserunt aliquid id asperiores excepturi. Consequuntur consequatur ea et autem. Libero consequatur sapiente odio sed optio minima et. Eligendi fugit voluptatem accusantium aut sunt eos consequatur. Repellat est autem autem commodi.','DEUTCH','1996-06-15','C1','voluptatem','USA','10893','Illum sed architecto aut aperiam quidem. Aspernatur reiciendis eligendi velit rerum enim nihil qui. Blanditiis unde accusamus quisquam.','23774',NULL,'nulla','2015-01-29 02:01:36','2020-07-05 09:32:54'),
('10','quaerat','Octavia Goyette','Deserunt soluta quis porro. Ullam doloribus est rerum dolores dignissimos architecto a ut. Nam placeat deleniti neque eos harum et nam incidunt. Veniam corporis sunt tempore fugit laborum.','DEUTCH','2008-12-22','C2','distinctio','GB','23604','Tempore omnis dolores maxime est. Expedita sapiente nihil in eius earum repellat.','9658',NULL,'sit','1993-06-29 15:56:20','2020-07-05 09:32:54'),
('11','et','Miss Ludie Spencer','Architecto ullam ipsa sit sequi aut vel. Maxime accusantium enim in dolorem nisi nesciunt. Voluptatem in consectetur culpa voluptates.','ENGLISH','2004-04-24','A1','est','GB','9337','Enim nesciunt ut blanditiis. Quisquam qui enim veniam illum. Et facilis iusto aut est ipsa. Repudiandae iste at perferendis quod et officia sed magni.','498',NULL,'nesciunt','2010-03-11 23:42:40','2020-07-05 09:32:54'),
('12','quis','Albina Bailey IV','Fugiat consequatur nam quaerat quam veritatis. Nesciunt id velit fugit et. Ratione consequuntur dolores sed cumque quas et. Id odit assumenda est accusamus voluptas laborum.','DEUTCH','2006-01-27','C2','dolores','GB','23102','Ad quia aut labore ducimus consequatur nesciunt. Reprehenderit magnam rerum harum et quia libero doloribus. Quas ut id ad rerum nihil ducimus eos. Tenetur autem delectus et sint expedita unde.','13900',NULL,'quaerat','2009-10-30 10:42:34','2020-07-05 09:32:54'),
('13','quis','Micah Wolf','Voluptatem et animi quibusdam praesentium. Quam consequatur explicabo earum natus error. Aspernatur dignissimos culpa suscipit fugit aut.','ENGLISH','2017-09-04','A1','magnam','GB','22172','Aut dolore magni ad. Dolor consequatur occaecati qui enim quasi repudiandae. Delectus quisquam a sint amet dolor soluta.','14296',NULL,'velit','1997-07-20 09:27:43','2020-07-05 09:32:54'),
('14','et','Chris Leannon','Assumenda voluptatem voluptate quo architecto omnis debitis. Dolore et rerum rem delectus dolorum. Fugiat sunt voluptas maxime tempore quo numquam explicabo.','DEUTCH','1986-11-17','B2','aliquid','USA','18987','Eos voluptate voluptate voluptas ipsa asperiores. Animi voluptas asperiores tempore. Et aut numquam quia quo nobis.','28495',NULL,'quidem','1999-04-09 04:37:10','2020-07-05 09:32:54'),
('15','consequatur','Misty Turner','Dicta debitis sed ratione eligendi dolorum inventore. Error consequuntur sed saepe nesciunt porro vero error dolores. Voluptas voluptas a tempora ab.','ENGLISH','2010-07-05','B2','delectus','AUS','16070','Nihil et et quia quo ipsam consequatur laudantium quidem. Asperiores et dolores nobis cupiditate cum iusto quibusdam. Doloremque nesciunt possimus neque nemo. Et unde commodi numquam distinctio tempora error non.','20227',NULL,'blanditiis','1971-11-18 09:04:14','2020-07-05 09:32:54'),
('16','adipisci','Adrain Green Jr.','Maxime voluptas numquam tenetur rerum tempore. Est nostrum molestiae voluptas non nemo fugit. Quisquam explicabo labore aliquam ea doloribus ipsam ut consequuntur. Consequatur rerum in dicta.','DEUTCH','2003-08-30','B2','est','USA','25908','Voluptatem facilis magni earum ipsam rerum laboriosam minima. Est molestias enim magnam quia. Quae et vel sit impedit animi id ea velit.','7965',NULL,'maxime','2011-12-24 17:02:40','2020-07-05 09:32:54'),
('17','facere','Leif Bode','Et voluptas voluptatem et aut sunt aut. Repellendus eos placeat incidunt ratione recusandae ab. Fuga aspernatur laudantium occaecati odio. Reprehenderit vero aspernatur aut.','ENGLISH','1994-02-14','A2','nemo','USA','20372','Non est ab beatae aperiam ut ipsa sit iusto. Perferendis iure reprehenderit sed sunt quidem fuga alias. Eos et nemo voluptate qui consectetur. Voluptates velit minus quis eos.','6975',NULL,'qui','1975-06-23 12:22:47','2020-07-05 09:32:54'),
('18','quidem','Asia Paucek','Similique incidunt est consequuntur esse suscipit. Doloremque id ut est rem voluptas accusantium perferendis fuga. Non consectetur sed dolor distinctio libero.','DEUTCH','1978-04-04','A1','aut','GB','1018','Voluptas voluptatem labore illum blanditiis possimus autem doloribus eum. Omnis vitae est molestias tenetur. Eos nulla tenetur ullam ducimus unde explicabo.','18555',NULL,'quibusdam','1995-08-20 13:24:21','2020-07-05 09:32:54'),
('19','sint','Mrs. Marisa Smitham','Modi debitis similique inventore dolores tempora. Sapiente ea culpa cumque dolores et. Aut error nisi voluptatem aut dolores nemo veritatis. Sit temporibus molestias provident delectus.','DEUTCH','1999-07-29','B1','eum','USA','24691','Rerum veniam natus velit consequuntur temporibus minima explicabo. Qui alias repellendus sint adipisci sed consectetur ducimus. Consequatur impedit sed incidunt perferendis. Consectetur assumenda quibusdam reprehenderit sint quam quam est sunt.','28141',NULL,'et','1998-12-29 18:12:30','2020-07-05 09:32:54'),
('20','laboriosam','Solon Little','Incidunt omnis blanditiis beatae. Temporibus voluptatum vel ipsum animi enim minima optio.','DEUTCH','1995-12-11','C2','provident','AUS','5707','Dicta minima est ratione voluptatum consequatur quas ut. Quas ut impedit ut enim. Nihil in maxime itaque.','21584',NULL,'mollitia','1980-03-20 09:10:30','2020-07-05 09:32:54'),
('21','illum','Rowan Crona','Sed et quo et omnis minima. Consequatur similique porro ad natus quis minima et. Sapiente molestiae minus occaecati adipisci laborum est. Reiciendis molestias voluptatem fugiat fugit. Tempora pariatur labore aut cupiditate sed vero impedit.','ENGLISH','2018-08-03','C1','ipsa','GB','1424','Quam assumenda illum quasi molestiae expedita incidunt mollitia. Neque blanditiis tempora ex aperiam qui. Earum vero sit ipsa esse laborum ratione delectus. Molestias itaque recusandae nostrum nostrum dolorum aperiam inventore.','19654',NULL,'omnis','1981-07-18 14:07:28','2020-07-05 09:32:54'),
('22','quos','Carter Langworth V','Sed asperiores veniam exercitationem et sed. Libero unde officia aut saepe. Velit assumenda commodi sed.','DEUTCH','1985-09-05','C2','perspiciat','GB','26193','Perferendis sit eveniet expedita aut qui eos labore sunt. Cupiditate et odit enim recusandae. Hic veniam porro inventore in voluptatem. Ipsa eius velit similique quibusdam rerum cupiditate.','9757',NULL,'sequi','2019-05-28 10:44:24','2020-07-05 09:32:54'),
('23','harum','Prof. Jazmyn Simonis','Voluptas ut quia sequi iure odio incidunt repudiandae quia. At voluptatem molestias optio ad voluptates laborum. Aut reprehenderit dolores sit aperiam voluptatem. Deleniti exercitationem totam ut aut voluptatum sint consequatur.','DEUTCH','2010-01-26','C1','eum','GB','26444','Nemo et aut blanditiis rerum dolorum. Sunt beatae praesentium qui libero nihil. Nobis praesentium aut corporis commodi iste sed voluptatibus quo.','11679',NULL,'officiis','2000-03-14 23:41:10','2020-07-05 09:32:54'),
('24','non','Krystina Koepp','Qui architecto eius deleniti eaque quo vero. Adipisci officiis architecto sed consectetur et. Ipsum totam inventore quos cupiditate quos nobis voluptatem quod.','DEUTCH','2000-09-24','A2','fuga','USA','15280','Qui aliquid et eius assumenda illum omnis ex blanditiis. Quasi doloribus recusandae repellendus ut aut vel non.','11088',NULL,'culpa','1996-02-17 15:23:40','2020-07-05 09:32:54'),
('25','debitis','Lewis Schuster','Corrupti qui dolore est accusantium consequatur vero. Iure totam ipsum qui dolorem repudiandae. Quam eaque officia esse aut dolores fugiat cupiditate.','ENGLISH','1980-01-30','A1','quos','USA','1148','Non suscipit rerum ullam eum et inventore asperiores veniam. Suscipit doloremque tempora necessitatibus et. Tempore sit esse est quae ut qui voluptatem.','22348',NULL,'est','2002-12-17 16:08:18','2020-07-05 09:32:54'),
('26','qui','Emmie Rau IV','Sunt eveniet unde nobis consequatur. In atque non distinctio voluptas quisquam ut aut. Id mollitia provident aut minus labore quas ipsam. Quia explicabo quibusdam dolores quo eligendi distinctio velit.','DEUTCH','2018-02-03','B2','accusamus','GB','19558','Laudantium id earum ratione esse eos repellat. Animi ea est asperiores amet totam aut aut laudantium. Et aut velit velit odit odio enim accusantium.','16329',NULL,'doloribus','1980-05-26 09:30:34','2020-07-05 09:32:54'),
('27','quo','Noemy O\'Conner','Illum perferendis magni non rerum facilis. Suscipit veritatis consequatur non esse. Corrupti exercitationem sit eos quaerat eligendi quam expedita harum.','ENGLISH','1986-06-13','B2','voluptate','AUS','19423','Omnis ab quod inventore quo nostrum. Voluptatem quis neque dolores enim sapiente in. Repellat aut asperiores voluptas recusandae dolores odio. Nobis mollitia enim sint odit.','928',NULL,'voluptatib','1977-03-24 03:42:29','2020-07-05 09:32:54'),
('28','qui','Miss Delta Lebsack III','Quae aut necessitatibus et et. Numquam cumque qui est aliquam officia.','DEUTCH','1983-11-03','C1','quia','AUS','22875','Tempora enim eveniet consectetur sunt itaque quis libero. Ipsam porro totam explicabo minima. Sint error occaecati temporibus quis rerum. Et fuga velit aut non sunt. Molestiae cumque dolorem quae itaque.','18019',NULL,'amet','2012-06-25 20:49:07','2020-07-05 09:32:54'),
('29','est','Miss Madelynn Swift Jr.','Fugit veritatis sed repellat cupiditate. Quia animi dignissimos praesentium repudiandae omnis rem delectus. Quo adipisci aut facere porro dolorum.','ENGLISH','1991-01-12','B1','illo','USA','19761','Consectetur quia sit tenetur aspernatur dolor officia. Temporibus omnis ut quo voluptates. Tempora ut quo architecto totam inventore et qui. Porro quia consequatur rerum.','18510',NULL,'est','1997-10-06 20:07:01','2020-07-05 09:32:54'),
('30','impedit','Eleanora Hoeger','Aut eveniet eos unde sint laboriosam. Harum quidem dolorem cum cupiditate neque qui. Possimus ipsa pariatur animi error. Soluta aut quo quam eveniet nulla.','ENGLISH','1972-05-04','B1','quaerat','AUS','24814','Modi qui soluta cupiditate ea voluptas doloribus reiciendis enim. Voluptas facere placeat iure quisquam quibusdam animi.','13507',NULL,'facere','2015-09-06 01:19:11','2020-07-05 09:32:54'),
('31','alias','Miss Asha Jaskolski DVM','Dolorum placeat et sit distinctio velit non autem vel. Culpa quas sunt illo recusandae. Voluptas qui hic sequi. Deserunt amet repellendus quia architecto dignissimos eum.','DEUTCH','1982-07-20','C2','deserunt','AUS','1050','Dolor a enim cumque soluta. Illum rerum id libero velit ut sit. Dicta est enim totam quibusdam porro corrupti.','7505',NULL,'quo','1988-06-23 05:51:46','2020-07-05 09:32:54'),
('32','ipsum','Olga Mueller I','Tempora saepe laborum est delectus aut explicabo et. Eligendi debitis consequatur nam quibusdam mollitia unde modi. Et quod explicabo perspiciatis ab ea qui.','ENGLISH','1987-05-21','B1','voluptates','GB','3210','Voluptatem animi aperiam aut. Voluptatem eum suscipit occaecati voluptate blanditiis consequatur dolorem. Sit doloremque est debitis quos nostrum. Eligendi necessitatibus ipsam illo quasi.','3632',NULL,'quidem','1986-10-26 03:03:58','2020-07-05 09:32:54'),
('33','laudantium','Jaylin Mertz IV','Illo dolores aut voluptatem rerum. Illo fuga suscipit sed tenetur commodi. Inventore eum officiis consequatur. Autem suscipit neque natus dolorum.','ENGLISH','1987-10-29','A2','quia','GB','9398','Blanditiis rerum sed nemo quisquam explicabo voluptatem excepturi. Aut exercitationem expedita error et quas voluptatem et. Quasi earum animi explicabo ratione dolorum qui. Quia consequatur dolor ex ipsa consequatur.','25090',NULL,'distinctio','1992-10-08 11:49:05','2020-07-05 09:32:54'),
('34','totam','Alexander Grady','Quaerat ea consequatur ea sunt id consequatur veritatis. Inventore labore deserunt eaque voluptatem. Sint odit ut inventore accusamus voluptas maiores. Officiis veniam id excepturi eaque ab assumenda itaque.','DEUTCH','1974-03-05','A1','error','GB','26866','Ut quas et et ea est explicabo voluptatem sint. Vero dolor sapiente esse nobis tempore. Et architecto temporibus et necessitatibus in fugiat sequi.','17863',NULL,'tempora','1976-12-29 10:20:39','2020-07-05 09:32:54'),
('35','nam','Jesse Harris','Aut sapiente vel dolor placeat adipisci quam. Autem voluptas et excepturi excepturi molestias sed ut. Voluptate magni ipsum vitae provident. Explicabo totam totam ut.','DEUTCH','1971-09-21','B2','quia','USA','12596','Autem culpa repellendus quis at excepturi inventore aut. Perspiciatis eos minus ut tenetur itaque. Necessitatibus at delectus aut beatae maxime qui non. Voluptatibus sunt deleniti commodi dolores vel molestiae sit.','25733',NULL,'ratione','2017-06-13 07:14:59','2020-07-05 09:32:54'),
('36','accusamus','Christelle Schultz','Eius dolorem architecto molestias ut temporibus. Non adipisci dignissimos nihil et. Sit veniam et ex reprehenderit dolorum.','ENGLISH','2017-05-28','B2','repellat','USA','18126','Quo libero porro et saepe. Libero possimus error labore aliquid. Maiores et in officiis dolor.','938',NULL,'reprehende','1999-08-28 11:36:58','2020-07-05 09:32:54'),
('37','eum','Dr. Seth Mueller','Repellendus magnam voluptatibus culpa asperiores. Voluptatem nihil iste est reiciendis. Quas sit eum non quidem.','DEUTCH','1980-05-09','A2','praesentiu','USA','18683','Fuga cum repellendus dolorem ipsam labore facilis deserunt reprehenderit. Ex consequuntur non ut qui et temporibus et. Magni consequatur distinctio laboriosam qui. Et harum inventore neque veritatis reprehenderit.','2881',NULL,'reprehende','1974-06-27 20:33:12','2020-07-05 09:32:54'),
('38','pariatur','Zachariah Stamm II','Culpa consequatur aut possimus accusantium rerum repellendus. Aut et voluptates eveniet saepe porro et fugit. Nostrum doloremque illum vel aut ut et.','DEUTCH','2013-03-22','C1','unde','AUS','8353','Commodi voluptas consequuntur cupiditate dolorem. Sint vel eos repellendus ut. Illum voluptas consequatur est exercitationem ab libero delectus sed.','22127',NULL,'occaecati','2007-11-08 09:32:04','2020-07-05 09:32:54'),
('39','repellat','Linnie Sawayn','Et nihil ipsam et fugiat eius. Quibusdam totam repudiandae mollitia commodi molestiae. Minus eius dignissimos sint ex voluptatum.','ENGLISH','2013-07-12','B1','itaque','AUS','13646','Consequatur distinctio ea delectus et. Neque rerum enim vero ut cumque perspiciatis. Voluptatibus minima omnis sit beatae nulla velit. Nemo fuga consequatur perferendis aliquid illum nesciunt et.','2357',NULL,'rerum','1987-03-07 18:11:30','2020-07-05 09:32:54'),
('40','ducimus','Dr. Lenore Gibson','Nesciunt explicabo ut ipsum. Iure velit dolores recusandae vitae. Distinctio cum ducimus accusamus. Eum aut dolore libero at.','ENGLISH','2003-02-17','B1','enim','AUS','17464','Aut quidem excepturi ipsa tempore ducimus optio laudantium eos. Ratione vero doloribus temporibus at beatae asperiores. Nisi mollitia et non unde veritatis est. Laborum ut aut enim sint neque.','3375',NULL,'sint','1995-08-12 12:59:41','2020-07-05 09:32:54'),
('41','quos','Mrs. Aurore Kassulke','Distinctio voluptatum omnis tempore vitae soluta doloremque. Blanditiis repellendus iure quasi sed voluptatem perspiciatis doloribus velit. Eveniet ea qui odit voluptatem saepe temporibus. Quibusdam eveniet quis et dolor non nihil.','ENGLISH','1993-03-28','B2','sed','USA','14364','Expedita non ipsa voluptas incidunt. Consequatur dolor et id error eveniet aut dolorum voluptas. Fuga ipsam sit fugit voluptas veniam. Adipisci assumenda ullam id doloremque quasi.','9758',NULL,'quia','1972-10-05 05:11:13','2020-07-05 09:32:54'),
('42','recusandae','Elsie Kuhic','Tempora similique qui sed velit magni. Error natus modi et autem eos qui soluta. Omnis ex beatae iure dolor optio pariatur.','ENGLISH','1992-05-11','A1','aut','AUS','11323','Cum voluptatem voluptatem esse. Libero sunt architecto nam quis quo voluptas sed nesciunt. Velit animi architecto eum necessitatibus omnis quas et. Rerum ut nulla eum vero. Officiis quia voluptates exercitationem quisquam praesentium.','10637',NULL,'nulla','2015-10-07 01:51:32','2020-07-05 09:32:54'),
('43','sed','Kiarra Romaguera','Ipsa corporis et occaecati nulla. Qui quo ipsam voluptatem alias odit iusto veritatis ea. Iusto eum provident distinctio.','ENGLISH','1982-07-01','C1','commodi','GB','9829','Rerum quos voluptas nisi. Qui fugit quasi corporis beatae perspiciatis. Enim saepe tenetur mollitia sint nihil voluptatem assumenda. Enim corrupti possimus repellat asperiores nisi deserunt laudantium.','16309',NULL,'ea','1992-10-01 17:14:34','2020-07-05 09:32:54'),
('44','illo','Danika Pfannerstill IV','Vero rem et qui omnis. Nostrum deleniti deserunt deserunt quis nihil voluptatum. Est est quae eum ut doloribus deserunt labore. Delectus similique debitis et fugit quod.','DEUTCH','2012-04-13','B2','delectus','AUS','17591','Fugit doloribus ut ad sed qui. Quae voluptates ad architecto deserunt quia facilis ex saepe.','23871',NULL,'suscipit','1988-08-20 15:39:13','2020-07-05 09:32:54'),
('45','blanditiis','Prof. Keith Ullrich PhD','Vel et voluptate eligendi blanditiis. Omnis cupiditate sed consequatur fugiat dolorum. Consectetur dolorum voluptas hic veritatis aut est aliquid.','ENGLISH','1972-08-30','A2','itaque','GB','8770','Autem rerum consectetur inventore. Perferendis quo nihil rem rerum. Eum et dolorem labore eum voluptates. Fugiat eaque voluptas sint labore pariatur et.','22870',NULL,'optio','1971-05-28 15:04:17','2020-07-05 09:32:54'),
('46','labore','Otilia Ritchie','Deleniti velit et et qui rerum aut sint. Vel consequatur consequuntur aut velit. Natus doloremque tenetur et quam voluptate sapiente quis recusandae. Cum quis est optio deleniti.','DEUTCH','1988-05-27','B2','aut','USA','484','Quisquam et ex assumenda eos. Repudiandae non sint doloremque dolor alias fugit. Amet dicta provident provident vitae modi.','29986',NULL,'aliquid','1981-09-28 11:10:19','2020-07-05 09:32:54'),
('47','repudiandae','Sheridan Kulas','Optio corporis dolorem cupiditate assumenda facilis minus. Aut sed error qui voluptatem non. Est veniam molestias ipsum quo sit. Expedita ipsum consectetur et accusantium enim sed doloribus.','ENGLISH','1971-09-10','B2','consequatu','USA','16504','Aspernatur libero corrupti consectetur repellendus iure dolorem omnis. Ea necessitatibus sunt blanditiis unde quos. Rerum est consequuntur a recusandae quia architecto eum aperiam. Reprehenderit distinctio nihil non ut et.','20441',NULL,'distinctio','1988-10-02 14:10:12','2020-07-05 09:32:54'),
('48','pariatur','Prof. Victoria Ryan IV','Corporis adipisci rerum quos quod nihil ducimus. Fuga reiciendis commodi distinctio soluta libero placeat a natus. Doloribus aut eum rem molestias. Doloribus quas magnam voluptatum.','DEUTCH','1990-03-09','B2','eveniet','USA','11679','Ea ipsa natus voluptas odio quisquam laboriosam. Quasi reiciendis cum est assumenda. Et natus explicabo possimus ut nihil. Quod qui rerum sit incidunt cupiditate.','26556',NULL,'ipsum','1994-12-13 02:12:29','2020-07-05 09:32:54'),
('49','fuga','Ollie Huels III','Non illo et rerum dolor sed ipsam atque provident. Deserunt modi voluptatibus molestiae omnis quis porro. Neque ratione rerum molestiae labore consequatur qui. Saepe autem reprehenderit et et.','ENGLISH','2006-04-15','B2','et','GB','1549','Blanditiis dolorum aperiam corrupti et culpa recusandae. Fugiat voluptas sit vel consequatur ea aut dolorem. Voluptatem quas soluta delectus amet quibusdam dolorem.','27451',NULL,'ut','1973-11-16 04:00:30','2020-07-05 09:32:54'),
('50','eius','Ms. Annabel Gleason','Laborum voluptas nam voluptatibus non est. Nesciunt excepturi iure amet non magnam. Nihil animi alias vitae fugiat.','ENGLISH','2009-08-29','B1','omnis','GB','975','Veritatis rerum aut facere distinctio minima sit. Quo quia cum dicta. Sit sed qui necessitatibus distinctio. Qui quibusdam quam exercitationem rem eaque aspernatur.','25695',NULL,'atque','1987-05-26 05:48:46','2020-07-05 09:32:54'),
('51','molestiae','Kristian Erdman','Officia facere officia vitae suscipit. Asperiores sint impedit sequi dolor consequatur. Veritatis mollitia odio dolor fugit. Beatae aut maxime repellat maiores.','ENGLISH','2019-04-14','C1','laborum','AUS','22688','Aut est est delectus ipsam nesciunt nobis. Qui et atque delectus ut qui. Laboriosam in sint dolor similique vitae ducimus voluptas sit.','27996',NULL,'ut','2019-02-23 07:35:24','2020-07-05 09:32:54'),
('52','quibusdam','Myah Dibbert','Ut molestiae suscipit atque at. Distinctio perferendis qui cupiditate explicabo similique aliquid.','DEUTCH','1985-02-24','B1','et','GB','3576','Accusantium voluptatem eum quo reprehenderit. Sit fugit natus eos est.','16101',NULL,'voluptatum','1998-12-30 18:03:05','2020-07-05 09:32:54'),
('53','fugit','Junius Abshire','Aut cupiditate aut ipsa illum. Qui veritatis necessitatibus odit enim temporibus quia totam neque. Quas eaque doloribus non est velit laboriosam et.','DEUTCH','1988-09-08','A1','a','AUS','26830','Consequuntur architecto et mollitia sit non. Sed fugit a cum est consequuntur molestiae placeat dolorum. Nostrum rerum quia quos aut quam illum unde. Et est quasi et odio.','20531',NULL,'est','1992-12-31 17:47:00','2020-07-05 09:32:54'),
('54','non','Cornell O\'Reilly DDS','Quo et laudantium est. Ducimus quis rem voluptatem commodi. Deleniti a quo omnis dignissimos sed saepe.','DEUTCH','1982-07-16','C2','eos','GB','8266','Necessitatibus ipsum laboriosam officia accusantium facilis. Voluptates quaerat asperiores eligendi et dolor voluptatibus. Delectus quaerat expedita incidunt alias ut.','7266',NULL,'aut','2007-08-09 04:17:19','2020-07-05 09:32:54'),
('55','eum','Mr. Armani Klein','Consequuntur placeat et est optio autem in. Natus et voluptatem sequi autem reprehenderit quis. Consequatur sit reprehenderit aut sit enim iure esse.','ENGLISH','1972-01-14','A1','accusamus','AUS','19407','Quibusdam molestias velit maiores iusto hic. Omnis sed hic inventore consequatur consequatur excepturi magnam. Dicta libero minus dolorem voluptas.','24541',NULL,'explicabo','2017-05-02 02:22:14','2020-07-05 09:32:54'),
('56','et','Vanessa Abbott','Sint et eos qui. Ipsa at reiciendis totam et quod. Est saepe quis et rerum voluptas.','ENGLISH','1985-06-10','A2','harum','USA','15081','Sint eaque id neque aut non quos. Non numquam qui odit excepturi inventore dolorem.','11553',NULL,'ducimus','1990-09-08 19:04:04','2020-07-05 09:32:54'),
('57','deleniti','Hector Gleichner','Soluta eaque a ipsa enim dolores. Ut dicta qui veritatis fuga accusamus enim ut. Quidem dolore praesentium labore distinctio odio quaerat sint. Ut iusto ullam qui repellat minima.','DEUTCH','2000-12-05','A2','ex','USA','15065','Veniam quae itaque dolorem porro. Qui et sunt culpa at rerum sit. Unde nisi officiis dicta dolores ut enim dolorem voluptatem. Dolores unde mollitia quam est qui.','17988',NULL,'consequatu','1977-12-22 13:26:44','2020-07-05 09:32:54'),
('58','accusamus','Carmen Bosco','Ea blanditiis qui minima nihil eum dolorem. Nam ratione quas porro. Necessitatibus error velit quos sit numquam quia qui recusandae. Aut aut optio laborum maiores.','ENGLISH','2002-02-22','C1','explicabo','GB','26576','Consequatur sapiente modi similique vero sit est consectetur qui. Officia porro et expedita sint magnam. Ratione minima aut tenetur. Excepturi odit consequatur modi alias.','2323',NULL,'quis','1970-04-05 22:43:25','2020-07-05 09:32:54'),
('59','vitae','Ronny Kuhn','Voluptatum maiores qui consectetur molestiae voluptatem aut ut. Tempora quaerat sed animi reiciendis quia dolore. Officia natus consequatur enim consequatur itaque doloremque nostrum odio.','DEUTCH','1981-10-16','A2','et','USA','12287','Qui ut aspernatur voluptatem aut totam ipsum. Laudantium eos ut architecto eveniet. Qui iste aut et corrupti. Temporibus soluta consequatur veritatis harum dolore sequi quia.','14601',NULL,'dolorum','1978-10-12 20:01:27','2020-07-05 09:32:54'),
('60','placeat','Christa Kessler','Cumque dolores odio ut dolorum quisquam blanditiis. Qui veniam mollitia unde doloribus. Explicabo odit commodi alias dolorem voluptate excepturi. Quibusdam ea at maiores tempora eaque aliquam et.','ENGLISH','1972-06-01','B2','omnis','AUS','4938','Id deserunt vel minus dolorem rerum. Vitae rem provident eum qui ut. Maxime quo quo doloremque ullam ipsa asperiores et.','13788',NULL,'repellat','1989-08-28 14:41:12','2020-07-05 09:32:54'),
('61','libero','Gerardo Keebler DVM','Minima qui aliquid dolorum repellendus. Quod explicabo praesentium accusantium perferendis eos aut sunt. In id nam eos ut eaque sed aliquid. Nihil veniam vero autem repellendus non.','ENGLISH','2016-11-26','A2','qui','GB','15288','Quis dolor velit tenetur reprehenderit velit dicta ad et. Non vel sed nobis odit et sapiente nesciunt. Voluptatem excepturi deserunt qui.','1739',NULL,'voluptas','1980-11-20 19:08:08','2020-07-05 09:32:54'),
('62','accusantium','Heloise Beier','In eligendi atque dolorum vero hic quo. Ratione sed assumenda corporis sed error. Minus harum quaerat et aperiam ea impedit.','ENGLISH','2017-08-20','C1','veniam','AUS','27994','Quo deleniti architecto rerum aut. Porro error voluptatibus occaecati cum. Non omnis non vel.','25669',NULL,'nam','2019-05-12 05:05:53','2020-07-05 09:32:54'),
('63','incidunt','Prof. Seth Morissette DVM','Ipsam corporis ipsam atque iste rerum et quidem quia. Consequuntur neque vel placeat numquam quia. Consequatur delectus nulla quia unde est reiciendis. Molestiae ut id omnis ut adipisci placeat suscipit et.','ENGLISH','2004-11-14','A1','ea','USA','15302','Voluptate expedita doloribus minus cum et eius et. Repellendus rem quibusdam corrupti. Et reiciendis nesciunt dolorem odio alias. Beatae dolore laboriosam quis quod.','24635',NULL,'quis','1971-06-19 06:07:10','2020-07-05 09:32:54'),
('64','ipsum','Charlene Powlowski PhD','Ut rerum voluptatum eaque. Occaecati tempore corrupti quo saepe est. Soluta consectetur mollitia cupiditate et doloremque minus est.','ENGLISH','2001-07-03','A1','sit','AUS','2888','Consequatur quibusdam rerum ipsum. Quibusdam omnis tempora occaecati voluptatum ut qui sed magnam. Ut dolores quo cupiditate ut voluptas. Qui dolorem aut repudiandae sint autem.','1540',NULL,'quia','1993-08-24 21:42:59','2020-07-05 09:32:54'),
('65','ipsum','Friedrich Yundt','Blanditiis voluptatem dolor quis facilis. Consectetur ratione reiciendis laboriosam.','DEUTCH','2018-11-03','C1','nihil','AUS','29586','Aspernatur excepturi ea repellendus quibusdam neque debitis et. Dicta fuga animi commodi suscipit culpa. Aspernatur ab nesciunt sed aut perferendis dolorum.','5826',NULL,'ex','2019-12-22 03:24:21','2020-07-05 09:32:54'),
('66','expedita','Troy Labadie','Veniam ut aut tempore repellendus. Maxime adipisci nihil sit soluta voluptate quia. Est veritatis quo error beatae aliquid iure sint. Vitae recusandae id voluptatum architecto sit consequatur placeat.','DEUTCH','2011-08-06','B2','dolorum','GB','6033','Autem inventore quidem ut. Natus et recusandae distinctio repellendus laborum rem ut. Aut ratione quos in officiis est odit nihil.','11099',NULL,'consequatu','1985-10-05 09:24:25','2020-07-05 09:32:54'),
('67','reprehenderit','Izabella Kassulke','Id repellendus deserunt qui facilis et debitis. Rem perferendis rerum et maiores sequi consequatur voluptatibus. Iure voluptatibus accusamus possimus asperiores est. Aut omnis ut dolorem blanditiis. Aut veritatis sint voluptas maxime enim quis et.','ENGLISH','2005-07-07','A2','quis','USA','29813','Dolorem facere maiores inventore aut error. Eum eos quis expedita temporibus modi accusamus animi quae. Quia fugiat voluptatem est nulla quia exercitationem. Distinctio sunt repudiandae autem qui sint dolores.','8740',NULL,'consequatu','2018-04-07 00:53:36','2020-07-05 09:32:54'),
('68','ad','Jessie Cormier','Impedit dolorem itaque doloremque. Fugit dignissimos deleniti autem qui doloremque voluptas.','ENGLISH','2011-03-21','A2','ullam','GB','7450','Quia omnis quaerat ipsa vel magnam quia autem. Iste ipsa in voluptatem id. Ut eveniet asperiores ullam quidem. Itaque omnis et consectetur.','1709',NULL,'quos','1986-10-05 16:19:54','2020-07-05 09:32:54'),
('69','excepturi','Eriberto Yost','Aut sequi placeat reiciendis incidunt sed tempore dolor quos. Aut placeat quidem quae reprehenderit ut aliquam. Ea harum voluptatem corrupti aut et laudantium fuga. Iste aut delectus blanditiis rerum.','DEUTCH','1997-01-24','B2','harum','GB','21945','Ut ratione cupiditate alias autem. Consectetur et quod aut. Dolor sed sapiente sapiente optio occaecati sed.','21257',NULL,'voluptatib','1970-04-02 23:46:06','2020-07-05 09:32:54'),
('70','ipsum','Cristal Muller','Omnis iusto consequatur aut cumque impedit qui. Ea possimus ut numquam. Consequatur id vel expedita et. Sed accusamus sunt laborum aut suscipit omnis repellat.','ENGLISH','2005-03-18','C1','possimus','USA','5151','Libero aut quae blanditiis iusto sed. Voluptas qui commodi fuga cumque totam consequatur. Illo vel sint soluta voluptas.','28160',NULL,'sequi','2019-09-17 12:12:52','2020-07-05 09:32:54'),
('71','in','Selina Torphy','Non saepe sapiente et accusamus dolores ut sed. In voluptas autem accusantium et minus. Delectus voluptatem optio minima esse consectetur in non.','ENGLISH','1999-05-22','C2','sunt','AUS','14783','Vero cupiditate a inventore ipsum aut consequatur aliquam. Autem laudantium aspernatur voluptatibus. Dolor consequatur aut eaque aliquid iusto vero molestiae. Ea nihil voluptatibus aut qui voluptatem.','5036',NULL,'veritatis','1987-11-29 00:25:26','2020-07-05 09:32:54'),
('72','et','Miss Paula Kreiger DVM','Mollitia vel odit tempore ipsum. Blanditiis qui dignissimos in autem deleniti. Quae eaque natus nisi. Totam veritatis eos neque sint.','ENGLISH','1976-12-21','C2','aut','AUS','2907','Unde necessitatibus quia ad dolorem. Debitis aut aut quod qui molestias quia id. Qui consequatur saepe dolorem ut id perspiciatis. Deleniti maxime consequatur et molestias.','22866',NULL,'mollitia','1983-11-29 07:38:06','2020-07-05 09:32:54'),
('73','beatae','Kenny Reinger','Sapiente et eveniet est consectetur odio qui. Sit eum architecto ad velit dignissimos aut. Qui consequatur ut nemo doloribus saepe et beatae. Voluptatem cum excepturi ut.','ENGLISH','1974-06-03','B2','sed','AUS','17172','Accusantium vel quidem nulla distinctio soluta. Debitis aut sint repellendus unde. Odit sit pariatur minus sunt ab deserunt eligendi.','9404',NULL,'est','1993-11-19 18:56:33','2020-07-05 09:32:54'),
('74','nemo','Elisa Welch PhD','Quia consequatur impedit est excepturi temporibus unde. Praesentium consequatur in est asperiores itaque. Sit ex quos nihil similique eligendi nemo. Quis ad et voluptatum provident ipsam aut cumque. Excepturi consequatur officia sit dolores et alias voluptatem et.','DEUTCH','2006-11-18','B1','quod','AUS','17391','Laudantium ut nihil eveniet. Vel ut culpa excepturi sit quas non sint quam. Veniam laborum eligendi architecto aut. Est et et aut blanditiis.','22188',NULL,'consequatu','1987-06-01 07:09:12','2020-07-05 09:32:54'),
('75','exercitationem','Miss Kelsi Lynch','Asperiores aspernatur explicabo tenetur provident placeat officiis quibusdam. Architecto voluptatem rerum accusamus qui.','ENGLISH','1986-05-18','B1','et','USA','877','Maiores sed aut velit doloribus. Molestiae adipisci porro rerum impedit voluptates non ut. Ab totam delectus est a itaque ut. Et quisquam delectus nesciunt minus quae.','13402',NULL,'quo','1975-10-20 01:49:30','2020-07-05 09:32:54'),
('76','enim','Mr. Kellen Muller MD','Ut qui sed qui et veritatis. Voluptas labore enim delectus quo est. Dicta sequi et vel inventore quo.','ENGLISH','1973-02-18','B1','enim','USA','5931','Beatae molestiae aut qui nostrum quae suscipit non. Dolore et reprehenderit sed sed dignissimos. Harum veritatis quam consequatur quo quo omnis.','12535',NULL,'eveniet','1975-08-28 07:24:11','2020-07-05 09:32:54'),
('77','perferendis','Dr. Josiah Torp I','Porro assumenda quasi est. Aliquid vero eos occaecati. Natus et non ut veritatis.','DEUTCH','1974-02-22','B2','modi','GB','19267','Repellendus quasi dicta quasi corrupti. Deserunt praesentium exercitationem consequuntur. Nesciunt autem quaerat laborum repellendus minus dolores et.','10887',NULL,'fugit','1987-10-03 14:42:16','2020-07-05 09:32:54'),
('78','quas','Mrs. Heidi Hoppe Jr.','Non sint ea et ad commodi rerum exercitationem suscipit. Et iusto qui cumque suscipit quas debitis eos aut. Pariatur vel at totam et recusandae adipisci.','DEUTCH','2002-05-07','A2','culpa','USA','19569','Hic molestiae nisi modi eum. Quaerat omnis accusantium nobis illo. Expedita dolor autem dolore illo natus asperiores ad itaque. Accusantium aut maxime sed harum.','15456',NULL,'odio','1984-10-07 00:36:27','2020-07-05 09:32:54'),
('79','sed','Timmy Maggio','Repudiandae a quisquam quasi et. Dolorem et nisi quia et dolorum est praesentium et. Et mollitia fugiat ipsam molestiae quidem.','DEUTCH','2013-12-22','C1','voluptas','AUS','21550','Laudantium aut et itaque aliquid voluptas tenetur voluptates. Laudantium ea iste sed non libero. Non et est ex repellendus voluptas odit. Repellendus incidunt nam saepe doloremque optio dolor.','5174',NULL,'perferendi','2002-12-03 23:28:01','2020-07-05 09:32:54'),
('80','impedit','Hailey Hayes','Rerum qui adipisci adipisci quia. Similique dignissimos quas et possimus enim quaerat reprehenderit. Aut voluptatibus velit sed expedita repellat.','DEUTCH','2020-03-16','A1','voluptates','GB','19312','Animi odit quam et. Dicta ducimus officia ratione reprehenderit libero quisquam optio tempora.','27043',NULL,'aliquid','1973-01-25 01:31:53','2020-07-05 09:32:54'),
('81','nulla','Troy Miller PhD','Similique nihil non repellat natus. Cupiditate omnis odit et rerum harum. Consequuntur voluptatem doloremque nostrum debitis consequatur velit magnam architecto. Ipsam velit fugiat sunt aut quae eum quae maiores.','ENGLISH','1985-03-12','C2','illum','GB','29300','Fugiat culpa sunt deserunt mollitia eum. Sapiente deserunt unde numquam ducimus assumenda sit. Hic accusantium dolores debitis ut illum.','6774',NULL,'consequunt','2005-01-05 01:51:34','2020-07-05 09:32:54'),
('82','sint','Elenor Frami','Et atque minus fuga nam. Ea esse nulla dignissimos aut tempora aliquid optio. In deleniti quam impedit reprehenderit at. Libero voluptatum similique aut molestiae neque quis officia.','ENGLISH','1992-08-22','A1','minus','USA','17163','Omnis neque nemo sit. Iusto culpa et quia ut in error.','21440',NULL,'velit','1972-10-28 15:28:06','2020-07-05 09:32:54'),
('83','et','Efren Haag','Et fugiat quo dicta repellendus doloribus velit. Iusto consequatur officiis modi et qui. Sint beatae dolorem aliquid commodi saepe tenetur animi.','ENGLISH','1980-04-05','A1','possimus','USA','5581','Omnis aliquam natus quia doloremque. Reiciendis harum corrupti numquam soluta ut totam aut facilis. Consectetur vitae in sapiente quae.','22115',NULL,'quia','1980-04-21 22:48:49','2020-07-05 09:32:54'),
('84','dolores','Herbert Fisher','Reprehenderit veritatis est accusamus ut recusandae eum. Beatae non aut sit. Amet illum porro cum non asperiores sint qui. Voluptas consectetur totam autem a quia velit.','DEUTCH','2013-03-24','A1','quo','AUS','15163','Quis id incidunt explicabo doloremque consequuntur. Mollitia dicta vero est veniam in. Sed voluptatem assumenda non nemo impedit dolorum perferendis.','10072',NULL,'inventore','2019-08-07 06:50:49','2020-07-05 09:32:54'),
('85','maiores','Judd Hudson MD','Voluptatem consequatur repellendus dicta eveniet debitis. Qui quasi quia eveniet quae odit sit. Error magni autem aspernatur illo. Nulla exercitationem reprehenderit unde et dicta. Eum sit nisi facere veritatis dolore vitae.','ENGLISH','2003-03-13','A1','qui','GB','4184','Fugit molestiae et vitae expedita quis dolor velit. Maxime ut iste fugiat occaecati ut. Corporis et rerum velit delectus. Dignissimos accusantium sed et mollitia.','21038',NULL,'iusto','1991-05-11 22:49:34','2020-07-05 09:32:54'),
('86','fuga','Emie Klein','Aut ex voluptatem minus ea quibusdam deleniti. Accusantium ullam rerum excepturi sequi est et ipsa quo.','DEUTCH','1994-09-04','B2','eum','USA','26717','Laborum ut totam et quia quia. Cumque cum sint unde earum voluptatibus. Sunt est ut et sint et culpa sunt.','23284',NULL,'enim','1974-11-17 18:13:22','2020-07-05 09:32:54'),
('87','voluptatem','Mekhi Crona','Corrupti vel voluptas ullam vel. Nemo atque ipsam ea autem ipsum quia sit. Quisquam provident rerum deserunt dolore minus illum id. Modi praesentium non autem ut aut.','ENGLISH','2007-07-21','C2','aspernatur','GB','21710','Ea placeat dolorem consequuntur illum. Qui aspernatur sint et ipsam voluptatem. Quos qui quasi quo excepturi. Eligendi nesciunt aut fuga tempora. Libero tenetur sint eius.','8189',NULL,'voluptate','2011-05-17 16:59:26','2020-07-05 09:32:54'),
('88','temporibus','Miss Elinore Weissnat PhD','Maxime est corporis et vel enim et at et. Et sit vel repellat sit voluptatibus sunt. Dolor assumenda dolorem possimus unde. Est nostrum eos nihil ea ea.','DEUTCH','1999-12-21','A2','dolores','USA','24834','Doloribus neque qui ut ut reiciendis quam. Magnam nam ex hic necessitatibus aut adipisci dolor.','143',NULL,'cupiditate','1996-05-27 22:16:46','2020-07-05 09:32:54'),
('89','aperiam','Maynard Osinski','Provident magni cumque et aut eveniet consequatur. Voluptatum quas modi atque possimus mollitia. Perferendis voluptas dolores corporis. Suscipit est sint accusantium omnis fugit.','ENGLISH','1975-02-26','C2','et','USA','20236','Nesciunt voluptas et eligendi in quo. Corrupti possimus quasi enim rerum. Quia laudantium minus omnis perspiciatis magni dolore. Repudiandae quos sit voluptatem et.','14862',NULL,'dolorum','2002-11-27 18:43:41','2020-07-05 09:32:54'),
('90','numquam','Dr. Ilene Heller','Est molestias ipsum animi eveniet voluptas sit. Voluptatum id dolores qui corrupti sunt facilis. Ut molestiae sit porro molestias velit temporibus eveniet. Voluptatum facere eaque et.','ENGLISH','2001-02-07','B1','corporis','AUS','18820','Dolores magnam magni error fuga iure aut. Quis aperiam expedita qui culpa. Aperiam quidem sint in ipsum.','4427',NULL,'culpa','1994-07-16 13:52:07','2020-07-05 09:32:54'),
('91','dicta','Rickey Swift','Accusamus consectetur reprehenderit qui ut non aut. Sed distinctio sit quas autem aliquid. Itaque temporibus unde voluptas ut. Qui cum aut et sed voluptas nihil vel. Autem sunt non voluptatibus qui explicabo enim est.','ENGLISH','1994-04-30','A1','magni','USA','5878','Corrupti reprehenderit veniam necessitatibus nostrum. Ut illo minima qui beatae eveniet voluptatem nostrum. Totam aperiam officiis architecto. Accusamus nobis libero qui quo.','15089',NULL,'magni','1987-08-02 18:05:39','2020-07-05 09:32:54'),
('92','architecto','Dr. Jarrett Waters','Perspiciatis ut molestiae at dolore sint beatae. Provident nesciunt saepe esse nihil doloribus ea molestiae qui. Aperiam rerum aliquam ipsam.','ENGLISH','2014-10-16','B2','quam','GB','11946','Pariatur tenetur ut nam blanditiis sunt. Rerum rerum non fugit aut ut rerum error reprehenderit. Veritatis aut dolores ipsam consequuntur ea quos. Minima aut magnam quis eum dolorem.','10409',NULL,'enim','2010-04-09 12:01:31','2020-07-05 09:32:54'),
('93','culpa','Prof. Tyrese Mertz V','Harum molestiae ut nobis quibusdam accusamus quia beatae a. Nulla quia est dignissimos eos qui. Dicta eos ut est animi in. Sunt optio iste praesentium sed eum doloribus vitae.','ENGLISH','2018-08-31','C1','impedit','GB','21589','Blanditiis enim ipsum vel officia. Praesentium molestias culpa ex sint qui cumque. Voluptas inventore possimus et suscipit qui.','1459',NULL,'et','1988-11-20 09:12:23','2020-07-05 09:32:54'),
('94','sapiente','Raul Collins','Assumenda pariatur doloribus et eum voluptatibus at. Non quo minus sequi sint optio qui rerum. Ut consectetur est cupiditate fugiat ea. Quia ratione ut inventore qui enim et et.','DEUTCH','2015-10-26','A2','ipsa','GB','7236','Laborum iusto ut quibusdam ullam sed. Dolor officiis pariatur laboriosam voluptas. Nemo quaerat nihil sunt sed culpa sunt.','28133',NULL,'eius','1999-10-28 07:00:12','2020-07-05 09:32:54'),
('95','accusantium','Jeremie Macejkovic','Doloremque laudantium laborum deserunt et aliquam delectus. Nam doloremque est est asperiores. Eum est esse accusamus atque. Nemo expedita commodi id repudiandae maiores nisi harum.','DEUTCH','2014-01-03','B2','totam','USA','14652','Et iste est ex harum laboriosam perferendis corporis. Accusamus repellat exercitationem rem suscipit. Voluptas et dolores consectetur repellat deleniti corrupti sit. Quia porro laudantium porro ab sit quia omnis.','23460',NULL,'inventore','2009-03-09 03:22:15','2020-07-05 09:32:54'),
('96','deserunt','Vincenzo Sauer','Et expedita doloremque sed et ut. Quo tenetur dolore tenetur facere sint facilis. Asperiores aut et sint quasi earum ipsam tenetur.','ENGLISH','1984-09-26','A1','libero','AUS','10453','Similique ut ut quidem adipisci numquam expedita dolorum repudiandae. Ullam voluptas alias nam asperiores. Et vel rem vel eius deleniti.','14488',NULL,'consectetu','1987-11-08 05:22:25','2020-07-05 09:32:54'),
('97','sint','Isom Halvorson','Et nihil qui eos dolores quia qui atque optio. Provident provident et ducimus. Dolor suscipit in distinctio vel reprehenderit commodi. Qui ut consequatur nesciunt vel. Tenetur autem rerum expedita ducimus dolorem aut.','DEUTCH','1997-06-04','A2','dicta','AUS','22514','Aut aut veritatis nihil commodi similique sint qui. Aut quia occaecati est voluptas praesentium amet minima est. Et iusto qui similique soluta optio.','28952',NULL,'fugit','1981-11-12 09:57:38','2020-07-05 09:32:54'),
('98','molestiae','Prof. Alexandria Hagenes','Saepe eos sit voluptatem minus. Commodi aperiam facilis inventore delectus dolorem. Est iste adipisci tempora veritatis autem aliquid dolor.','ENGLISH','1985-06-25','B2','perferendi','AUS','3853','Sequi excepturi et quam animi dicta cupiditate sit. Debitis qui est fugiat voluptates. Repellendus consequuntur aut et et autem officia. Officiis rerum ut atque porro in sit.','21938',NULL,'in','1993-08-24 06:40:49','2020-07-05 09:32:54'),
('99','repudiandae','Nicholaus Cummings','Pariatur ratione eos odit facere aliquid rerum officiis earum. Labore totam sit recusandae. Enim perferendis illo quaerat ullam quia a quam. Non nihil perspiciatis minima inventore voluptatem sed.','DEUTCH','2018-10-30','B1','eos','USA','28497','Culpa aut laboriosam est. Voluptas laudantium veniam consequatur sequi nostrum maiores at. Quis debitis fuga quia autem qui. Fugit sit dolor nihil alias sit quae.','19402',NULL,'quaerat','2016-05-23 10:00:35','2020-07-05 09:32:54'),
('100','minima','Miss Hallie Sauer II','Sit molestiae aliquid dolorum culpa. Est est explicabo a reprehenderit repudiandae dolor ut. Et architecto rerum cumque iure voluptas est libero. Beatae cumque dolorem eum corrupti.','ENGLISH','1978-02-26','A1','eaque','AUS','11077','Nisi totam et voluptatem aut veniam itaque eum. Ut iusto similique aliquam sunt. Consequatur consectetur nihil sit quod totam.','23974',NULL,'neque','1990-11-11 01:33:08','2020-07-05 09:32:54'); 


DROP TABLE IF EXISTS `users`;
CREATE TABLE `users` (
  `id` bigint(20) unsigned NOT NULL AUTO_INCREMENT,
  `firstname` varchar(50) COLLATE utf8_unicode_ci NOT NULL,
  `lastname` varchar(50) COLLATE utf8_unicode_ci DEFAULT NULL,
  `email` varchar(100) COLLATE utf8_unicode_ci NOT NULL,
  `phone` bigint(20) NOT NULL,
  `birthday` date DEFAULT NULL,
  `language` enum('RUSSIAN','ENGLISH','DEUTCH') COLLATE utf8_unicode_ci DEFAULT NULL,
  `password` varchar(10) COLLATE utf8_unicode_ci DEFAULT NULL,
  PRIMARY KEY (`id`),
  UNIQUE KEY `email` (`email`),
  UNIQUE KEY `phone` (`phone`),
  KEY `email_2` (`email`),
  KEY `firstname` (`firstname`,`lastname`)
) ENGINE=InnoDB AUTO_INCREMENT=201 DEFAULT CHARSET=utf8 COLLATE=utf8_unicode_ci;

INSERT INTO `users` VALUES ('101','Betsy','Treutel','katlynn.johnson@example.net','760823','1979-03-20','DEUTCH','1315021832'),
('102','Antwon','Lowe','tkunze@example.net','509','2009-07-01','RUSSIAN','97bec86206'),
('103','Gerard','Bahringer','hgorczany@example.net','93','1994-03-25','DEUTCH','11e0517e22'),
('104','Martin','Koepp','pattie.zboncak@example.org','1','1973-11-20','ENGLISH','262ac68cff'),
('105','Thomas','Blanda','jovanny73@example.com','242','2012-06-13','ENGLISH','375859aa34'),
('106','Pat','Bogisich','torey72@example.org','216','1980-07-01','ENGLISH','acb66f513a'),
('107','Eden','Sipes','dusty61@example.com','116','1974-04-26','RUSSIAN','7cf6462a9a'),
('108','Trudie','Gulgowski','joyce.macejkovic@example.org','512383','2006-12-24','ENGLISH','d3107ae4ee'),
('109','Granville','Corkery','junius82@example.org','4905162803','2008-04-04','ENGLISH','adb1be4ef5'),
('110','Maria','Collier','skirlin@example.com','573','2007-02-05','ENGLISH','fcaec66144'),
('111','Wyatt','Cormier','wcarter@example.org','26','1995-01-02','DEUTCH','8699c4bf4c'),
('112','Domenic','Legros','dzulauf@example.com','987965','1981-03-15','ENGLISH','f2d5759db3'),
('113','Isabel','Marvin','marielle.davis@example.org','0','2011-06-29','ENGLISH','12137d7a0b'),
('115','Annamae','Williamson','kmcdermott@example.org','845','2012-11-06','ENGLISH','68003c0b46'),
('116','Bettye','Hayes','antwan30@example.com','535088','1974-10-27','RUSSIAN','e4285caf86'),
('118','Alessandra','Grant','cweber@example.com','18681','2004-04-21','RUSSIAN','77b97eb070'),
('120','Orville','Witting','izaiah49@example.com','31','1979-03-09','DEUTCH','e3672c3e75'),
('123','Makayla','Lueilwitz','hackett.reinhold@example.com','150435','1992-11-30','ENGLISH','43720ac693'),
('124','Garnet','Windler','jones.kennedy@example.net','5805750860','1995-10-06','ENGLISH','fabc246031'),
('125','Owen','Emmerich','dietrich.laila@example.net','305110','1989-03-26','DEUTCH','15e994b6fc'),
('126','Terence','Strosin','marcella39@example.com','745','1996-02-14','RUSSIAN','9c63e41248'),
('129','Asia','Wehner','ibrakus@example.net','504601','2001-03-13','DEUTCH','869fe07333'),
('130','Kennith','Jast','qo\'reilly@example.net','24','1982-06-05','DEUTCH','d0cee60cbd'),
('131','Alfonso','Rath','emie.sanford@example.net','345','1972-11-08','RUSSIAN','fb6e9f65cf'),
('133','Jailyn','Monahan','griffin.rosenbaum@example.com','560720','1989-06-05','RUSSIAN','805373e130'),
('135','Allene','Kuhic','thelma.barton@example.org','799273','1974-04-05','DEUTCH','140c83120c'),
('137','Luciano','Parker','zorn@example.com','300','2009-01-06','DEUTCH','9a83c6eabe'),
('139','Cristian','Howe','fwaters@example.net','992529','1986-08-10','RUSSIAN','a943c8c288'),
('141','Erika','Grimes','berge.jessyca@example.net','570','2004-07-23','ENGLISH','67b556057f'),
('142','Remington','Emmerich','tressie.mueller@example.org','933141','2000-12-20','ENGLISH','45a46c9746'),
('144','Jody','Spinka','gust.dooley@example.com','985','1975-05-08','ENGLISH','c94b391bc0'),
('146','Karolann','Wuckert','hilpert.lauretta@example.net','848640','2018-05-14','ENGLISH','fea2d06316'),
('147','Cynthia','Jones','javier16@example.org','126443','1984-07-25','DEUTCH','9c7feff5c3'),
('148','Avis','Douglas','vpfannerstill@example.org','61','1989-03-13','ENGLISH','6bd3261fe8'),
('151','Kayley','Greenholt','norene82@example.com','371','1974-02-21','DEUTCH','1840a41259'),
('152','Alva','Schuster','gutmann.stefan@example.net','23','1993-08-02','RUSSIAN','9d362d0953'),
('153','Laverne','Jones','theodore46@example.com','317','2006-05-12','DEUTCH','76140d1282'),
('154','Johann','Stanton','miller.kuvalis@example.net','162923','1996-08-31','DEUTCH','f021bcc18f'),
('158','Christelle','Gerhold','ritchie.salvador@example.org','561','1986-08-14','DEUTCH','b050107927'),
('160','Geraldine','Bartoletti','vmoen@example.org','429994','2008-11-26','DEUTCH','de1129a582'),
('161','Marc','Sanford','dhermann@example.net','617','2017-04-24','RUSSIAN','4de600abe8'),
('162','Matteo','Rippin','arnoldo57@example.net','537742','1976-05-24','ENGLISH','c11e0e552d'),
('163','Breanne','Hintz','johnnie.lindgren@example.net','688821','1977-11-03','ENGLISH','23e8fb467b'),
('164','Lauren','Purdy','esteban.veum@example.org','77857','2020-04-06','ENGLISH','e72c81c74b'),
('165','Adolfo','Krajcik','florencio.von@example.com','9688247133','1971-10-17','DEUTCH','34443d3fe9'),
('167','Brigitte','Waelchi','gaylord.luther@example.net','391019','1990-05-28','ENGLISH','f225aa3aee'),
('170','Mathew','Ratke','abigale18@example.org','867','1983-05-12','DEUTCH','0b304fa0d0'),
('173','Dustin','Kling','mollie13@example.org','398895','1991-10-16','RUSSIAN','5db9e768ec'),
('175','Betty','Mueller','monroe.lebsack@example.net','985012','1981-04-08','DEUTCH','b37cdaa5aa'),
('176','Antonina','Nienow','moshe.hauck@example.com','2131898826','2017-03-30','RUSSIAN','8647c13bfe'),
('179','Torey','Heaney','green11@example.org','661177','1983-08-15','DEUTCH','723166c706'),
('180','Jessyca','Herzog','braxton.hane@example.org','25','2012-02-28','ENGLISH','be1a99ee8f'),
('181','Jonatan','Batz','gutmann.domenic@example.net','9313145314','1982-05-09','RUSSIAN','653857cf5c'),
('183','Malachi','Toy','frederick90@example.org','71','2003-01-30','ENGLISH','3052b84944'),
('184','Bertha','Renner','jayden.friesen@example.org','5316833142','1992-06-06','ENGLISH','400d94daef'),
('185','Leonor','McCullough','obeer@example.org','8101646963','1971-12-29','ENGLISH','d02f483267'),
('186','Elena','Bernhard','art.white@example.com','756','1971-08-12','ENGLISH','3c0a74bec0'),
('187','Aric','Denesik','eula.lind@example.com','132','1992-10-31','DEUTCH','2c162e75d2'),
('188','Eloisa','Johnston','ykonopelski@example.com','1417311265','2010-05-19','ENGLISH','187b9a8561'),
('192','Jamie','Miller','dayne36@example.net','307','1995-07-29','ENGLISH','6d3bc32bdb'),
('194','Reba','Brakus','hilpert.kim@example.com','646400','1988-09-06','RUSSIAN','63e81c1a51'),
('197','Nyasia','Marvin','olson.ethan@example.net','857850','1978-12-02','RUSSIAN','8c4b4f9748'),
('199','Laverne','Schinner','neoma.willms@example.com','747','1991-11-11','DEUTCH','16bef35720'); 


DROP TABLE IF EXISTS `users_books`;
CREATE TABLE `users_books` (
  `id` bigint(20) unsigned NOT NULL AUTO_INCREMENT,
  `user_id` bigint(20) unsigned NOT NULL,
  `books_id` bigint(20) unsigned NOT NULL,
  PRIMARY KEY (`id`),
  KEY `user_id` (`user_id`),
  KEY `books_id` (`books_id`),
  CONSTRAINT `users_books_ibfk_1` FOREIGN KEY (`user_id`) REFERENCES `users` (`id`),
  CONSTRAINT `users_books_ibfk_2` FOREIGN KEY (`books_id`) REFERENCES `books` (`id`)
) ENGINE=InnoDB AUTO_INCREMENT=101 DEFAULT CHARSET=utf8 COLLATE=utf8_unicode_ci;

INSERT INTO `users_books` VALUES ('1','104','35'),
('2','118','63'),
('3','106','85'),
('4','163','20'),
('5','153','47'),
('6','129','81'),
('7','137','85'),
('8','108','99'),
('9','101','98'),
('10','179','58'),
('11','115','10'),
('12','129','76'),
('13','135','83'),
('14','113','76'),
('15','160','17'),
('16','192','68'),
('17','146','20'),
('18','125','60'),
('19','103','98'),
('20','176','61'),
('21','139','13'),
('22','135','86'),
('23','197','53'),
('24','181','98'),
('25','146','65'),
('26','151','72'),
('27','170','90'),
('28','142','15'),
('29','167','68'),
('30','187','35'),
('31','183','86'),
('32','102','35'),
('33','104','34'),
('34','192','9'),
('35','125','73'),
('36','164','75'),
('37','183','11'),
('38','154','83'),
('39','160','45'),
('40','179','14'),
('41','106','36'),
('42','183','83'),
('43','118','32'),
('44','197','98'),
('45','199','88'),
('46','126','84'),
('47','170','36'),
('48','112','79'),
('49','163','13'),
('50','184','99'),
('51','183','56'),
('52','167','72'),
('53','162','33'),
('54','148','30'),
('55','175','35'),
('56','137','86'),
('57','165','28'),
('58','163','96'),
('59','154','66'),
('60','188','60'),
('61','148','26'),
('62','139','27'),
('63','154','62'),
('64','104','29'),
('65','173','92'),
('66','120','61'),
('67','142','100'),
('68','125','14'),
('69','126','86'),
('70','139','10'),
('71','113','86'),
('72','192','91'),
('73','109','63'),
('74','183','73'),
('75','123','79'),
('76','125','81'),
('77','102','75'),
('78','105','64'),
('79','130','12'),
('80','187','12'),
('81','103','18'),
('82','165','51'),
('83','111','3'),
('84','161','50'),
('85','185','8'),
('86','154','9'),
('87','188','55'),
('88','197','7'),
('89','111','84'),
('90','176','46'),
('91','158','11'),
('92','120','65'),
('93','183','33'),
('94','123','22'),
('95','141','20'),
('96','126','49'),
('97','131','5'),
('98','199','55'),
('99','105','64'),
('100','103','96'); 


DROP TABLE IF EXISTS `users_courses`;
CREATE TABLE `users_courses` (
  `id` bigint(20) unsigned NOT NULL AUTO_INCREMENT,
  `user_id` bigint(20) unsigned NOT NULL,
  `courses_id` bigint(20) unsigned NOT NULL,
  `users_start_date` date NOT NULL,
  `users_end_date` date DEFAULT NULL,
  `users_grade` INT unsigned DEFAULT NULL,
  PRIMARY KEY (`id`),
  KEY `user_id` (`user_id`,`courses_id`),
  KEY `courses_id` (`courses_id`),
  CONSTRAINT `users_courses_ibfk_1` FOREIGN KEY (`user_id`) REFERENCES `users` (`id`),
  CONSTRAINT `users_courses_ibfk_2` FOREIGN KEY (`courses_id`) REFERENCES `courses` (`id`)
) ENGINE=InnoDB AUTO_INCREMENT=101 DEFAULT CHARSET=utf8 COLLATE=utf8_unicode_ci;

INSERT INTO `users_courses` VALUES ('1','105','6','1988-11-08',NULL,'33'),
('2','154','6','2009-08-03',NULL,'34'),
('3','111','3','1993-02-14',NULL,'87'),
('4','146','1','2001-04-15',NULL,'78'),
('5','137','20','1997-06-22',NULL,'54'),
('6','167','14','2018-02-11',NULL,'90'),
('7','176','5','2016-01-28',NULL,'92'),
('8','135','10','1990-01-02',NULL,'82'),
('9','162','8','1977-07-06',NULL,'76'),
('10','158','11','1973-11-15',NULL,'97'),
('11','164','4','1980-07-21',NULL,'1'),
('12','158','3','2001-09-20',NULL,'57'),
('13','112','12','1999-11-04',NULL,'37'),
('14','146','17','1985-03-17',NULL,'98'),
('15','130','10','1974-01-24',NULL,'71'),
('16','137','9','1981-07-15',NULL,'3'),
('17','173','1','1992-01-16',NULL,'8'),
('18','167','19','1975-08-29',NULL,'83'),
('19','108','5','1987-03-16',NULL,'53'),
('20','192','12','2001-08-20',NULL,'55'),
('21','115','14','1979-03-07',NULL,'56'),
('22','113','1','1998-07-24',NULL,'50'),
('23','185','13','1984-03-09',NULL,'67'),
('24','144','11','1996-02-12',NULL,'71'),
('25','194','2','1982-06-26',NULL,'52'),
('26','105','13','1970-07-29',NULL,'17'),
('27','120','14','1981-09-06',NULL,'16'),
('28','176','9','2010-12-23',NULL,'48'),
('29','120','6','1970-09-08',NULL,'31'),
('30','123','13','2020-01-11',NULL,'12'),
('31','175','15','2015-03-17',NULL,'25'),
('32','103','11','1993-07-11',NULL,'67'),
('33','167','16','1987-09-29',NULL,'57'),
('34','139','17','1970-03-11',NULL,'61'),
('35','197','8','2004-06-01',NULL,'40'),
('36','133','4','2010-01-23',NULL,'33'),
('37','104','13','2008-01-02',NULL,'84'),
('38','113','19','1971-09-09',NULL,'64'),
('39','113','14','1978-11-25',NULL,'82'),
('40','144','4','2017-08-02',NULL,'12'),
('41','175','11','2019-04-28',NULL,'67'),
('42','179','1','1980-12-30',NULL,'97'),
('43','115','12','1992-10-04',NULL,'92'),
('44','144','10','2005-09-27',NULL,'85'),
('45','186','16','1973-02-26',NULL,'6'),
('46','107','14','1979-06-25',NULL,'18'),
('47','141','3','2004-07-29',NULL,'91'),
('48','112','4','1985-08-31',NULL,'43'),
('49','187','13','1987-07-27',NULL,'14'),
('50','101','18','1976-02-19',NULL,'100'),
('51','101','9','2007-08-13',NULL,'66'),
('52','106','2','2012-12-30',NULL,'20'),
('53','101','6','2006-04-18',NULL,'43'),
('54','199','5','1970-11-08',NULL,'4'),
('55','192','10','1980-02-25',NULL,'48'),
('56','131','15','1998-09-04',NULL,'61'),
('57','101','4','1970-04-28',NULL,'35'),
('58','173','5','2017-04-25',NULL,'10'),
('59','176','5','1989-03-03',NULL,'90'),
('60','165','14','2006-12-03',NULL,'67'),
('61','197','17','2012-05-21',NULL,'61'),
('62','126','9','2014-03-03',NULL,'83'),
('63','192','11','1981-10-11',NULL,'29'),
('64','154','18','1999-05-27',NULL,'20'),
('65','109','13','1991-02-24',NULL,'39'),
('66','173','3','2016-01-14',NULL,'32'),
('67','101','17','1978-07-25',NULL,'83'),
('68','112','1','2008-05-19',NULL,'30'),
('69','107','4','1972-04-16',NULL,'58'),
('70','116','2','2001-03-22',NULL,'3'),
('71','161','13','1994-03-03',NULL,'9'),
('72','175','14','1990-02-18',NULL,'87'),
('73','179','11','1998-12-27',NULL,'50'),
('74','185','12','1982-04-08',NULL,'39'),
('75','173','12','2012-04-02',NULL,'1'),
('76','118','15','1992-05-30',NULL,'53'),
('77','133','12','1982-08-10',NULL,'85'),
('78','110','7','1982-05-23',NULL,'12'),
('79','106','15','2013-01-26',NULL,'81'),
('80','113','5','2003-03-10',NULL,'45'),
('81','130','19','2007-02-03',NULL,'73'),
('82','130','8','1978-07-10',NULL,'27'),
('83','176','11','2002-09-06',NULL,'100'),
('84','133','18','1983-04-21',NULL,'7'),
('85','167','13','2009-11-27',NULL,'44'),
('86','192','8','1990-08-20',NULL,'9'),
('87','116','15','1979-07-06',NULL,'10'),
('88','101','1','1975-10-20',NULL,'86'),
('89','118','18','2020-06-18',NULL,'37'),
('90','158','20','2018-08-21',NULL,'4'),
('91','144','18','2010-03-26',NULL,'89'),
('92','167','18','1977-06-04',NULL,'8'),
('93','139','18','2016-04-20',NULL,'12'),
('94','116','11','2016-08-01',NULL,'57'),
('95','160','9','1998-08-04',NULL,'55'),
('96','170','20','1979-10-19',NULL,'35'),
('97','131','2','2007-03-26',NULL,'6'),
('98','129','4','2019-08-25',NULL,'54'),
('99','161','15','2018-05-19',NULL,'50'),
('100','103','8','2019-11-26',NULL,'72'); 


DROP TABLE IF EXISTS `users_mailing_lists`;
CREATE TABLE `users_mailing_lists` (
  `id` bigint(20) unsigned NOT NULL AUTO_INCREMENT,
  `user_id` bigint(20) unsigned NOT NULL,
  `mailing_lists_id` bigint(20) unsigned NOT NULL,
  PRIMARY KEY (`id`),
  KEY `user_id` (`user_id`),
  KEY `mailing_lists_id` (`mailing_lists_id`),
  CONSTRAINT `users_mailing_lists_ibfk_1` FOREIGN KEY (`user_id`) REFERENCES `users` (`id`),
  CONSTRAINT `users_mailing_lists_ibfk_2` FOREIGN KEY (`mailing_lists_id`) REFERENCES `mailing_lists` (`id`)
) ENGINE=InnoDB AUTO_INCREMENT=101 DEFAULT CHARSET=utf8 COLLATE=utf8_unicode_ci;

INSERT INTO `users_mailing_lists` VALUES ('1','167','70'),
('2','120','79'),
('3','170','96'),
('4','194','11'),
('5','110','41'),
('6','188','74'),
('7','113','3'),
('8','183','18'),
('9','106','30'),
('10','146','46'),
('11','160','65'),
('12','118','58'),
('13','180','14'),
('14','154','41'),
('15','141','20'),
('16','105','18'),
('17','186','34'),
('18','192','65'),
('19','124','92'),
('20','170','44'),
('21','126','69'),
('22','111','53'),
('23','165','2'),
('24','164','80'),
('25','125','21'),
('26','118','94'),
('27','183','51'),
('28','146','68'),
('29','160','10'),
('30','106','9'),
('31','124','15'),
('32','120','19'),
('33','144','21'),
('34','181','78'),
('35','108','58'),
('36','115','46'),
('37','120','38'),
('38','197','97'),
('39','133','68'),
('40','173','70'),
('41','185','1'),
('42','160','73'),
('43','147','14'),
('44','133','15'),
('45','116','48'),
('46','116','52'),
('47','160','49'),
('48','165','11'),
('49','164','54'),
('50','184','82'),
('51','108','8'),
('52','120','38'),
('53','141','25'),
('54','129','85'),
('55','188','11'),
('56','151','80'),
('57','107','17'),
('58','147','62'),
('59','124','92'),
('60','173','53'),
('61','133','99'),
('62','103','2'),
('63','142','75'),
('64','108','17'),
('65','123','99'),
('66','197','41'),
('67','105','25'),
('68','176','53'),
('69','146','13'),
('70','131','42'),
('71','115','91'),
('72','115','33'),
('73','105','74'),
('74','192','38'),
('75','162','70'),
('76','186','5'),
('77','164','94'),
('78','104','16'),
('79','163','18'),
('80','126','97'),
('81','111','30'),
('82','131','23'),
('83','151','15'),
('84','173','5'),
('85','120','12'),
('86','141','49'),
('87','102','68'),
('88','180','11'),
('89','135','76'),
('90','142','6'),
('91','141','38'),
('92','107','15'),
('93','125','17'),
('94','124','99'),
('95','129','62'),
('96','194','51'),
('97','187','33'),
('98','170','47'),
('99','142','49'),
('100','146','75'); 


DROP TABLE IF EXISTS `users_songs`;
CREATE TABLE `users_songs` (
  `id` bigint(20) unsigned NOT NULL AUTO_INCREMENT,
  `user_id` bigint(20) unsigned NOT NULL,
  `songs_id` bigint(20) unsigned NOT NULL,
  `users_count_words` int(11) NOT NULL,
  `users_start_date` date NOT NULL,
  `users_end_date` date DEFAULT NULL,
  PRIMARY KEY (`id`),
  KEY `user_id` (`user_id`),
  KEY `songs_id` (`songs_id`),
  CONSTRAINT `users_songs_ibfk_1` FOREIGN KEY (`user_id`) REFERENCES `users` (`id`),
  CONSTRAINT `users_songs_ibfk_2` FOREIGN KEY (`songs_id`) REFERENCES `songs` (`id`)
) ENGINE=InnoDB AUTO_INCREMENT=101 DEFAULT CHARSET=utf8 COLLATE=utf8_unicode_ci;

INSERT INTO `users_songs` VALUES ('1','133','68','67','1999-02-06',NULL),
('2','176','75','14','2000-08-14',NULL),
('3','133','29','98','2014-07-21',NULL),
('4','110','76','199','2006-11-22',NULL),
('5','179','12','285','1998-03-16',NULL),
('6','106','99','261','1977-02-20',NULL),
('7','185','92','147','2018-02-12',NULL),
('8','173','86','274','2010-12-26',NULL),
('9','112','13','104','1970-04-07',NULL),
('10','197','9','13','1993-03-19',NULL),
('11','126','3','209','1999-12-07',NULL),
('12','130','51','234','2016-05-29',NULL),
('13','101','69','94','2005-08-28',NULL),
('14','162','66','156','2002-11-12',NULL),
('15','160','91','219','2018-10-27',NULL),
('16','141','3','20','2004-01-20',NULL),
('17','153','24','237','1973-10-09',NULL),
('18','175','98','65','1988-10-13',NULL),
('19','148','92','20','1991-10-03',NULL),
('20','170','34','139','1981-04-22',NULL),
('21','102','82','79','1995-03-10',NULL),
('22','125','92','291','1995-08-18',NULL),
('23','170','8','144','1982-01-19',NULL),
('24','175','92','180','1972-05-04',NULL),
('25','113','74','141','1990-12-31',NULL),
('26','101','53','99','2003-12-19',NULL),
('27','173','37','260','2004-08-06',NULL),
('28','103','78','96','1995-11-27',NULL),
('29','103','69','268','1976-11-16',NULL),
('30','139','68','298','1976-05-27',NULL),
('31','154','89','49','1971-06-25',NULL),
('32','164','18','261','1970-10-28',NULL),
('33','108','47','268','2014-04-12',NULL),
('34','110','65','29','2019-01-28',NULL),
('35','131','89','113','2010-11-05',NULL),
('36','197','41','186','1977-02-28',NULL),
('37','165','30','177','2019-10-04',NULL),
('38','125','44','79','1987-09-16',NULL),
('39','130','8','245','1971-10-18',NULL),
('40','130','56','183','1975-07-24',NULL),
('41','180','35','292','1988-03-13',NULL),
('42','106','58','65','2014-06-28',NULL),
('43','165','12','131','1972-07-05',NULL),
('44','130','76','262','1991-05-27',NULL),
('45','179','79','26','1994-11-29',NULL),
('46','139','40','163','1985-11-02',NULL),
('47','162','13','34','1999-01-21',NULL),
('48','153','79','119','1993-06-30',NULL),
('49','153','73','11','2015-02-20',NULL),
('50','137','96','54','2020-06-17',NULL),
('51','158','41','24','1986-06-14',NULL),
('52','130','32','158','2013-11-29',NULL),
('53','164','67','216','2013-07-27',NULL),
('54','173','6','138','2002-03-15',NULL),
('55','173','10','168','2006-04-01',NULL),
('56','158','57','32','1990-03-05',NULL),
('57','141','71','122','2002-03-11',NULL),
('58','110','17','101','1992-08-23',NULL),
('59','180','50','16','1999-05-18',NULL),
('60','187','63','245','2009-12-29',NULL),
('61','123','35','122','2014-11-02',NULL),
('62','102','95','189','1975-03-15',NULL),
('63','142','60','46','2018-04-06',NULL),
('64','167','6','116','2016-02-08',NULL),
('65','126','16','256','1992-01-27',NULL),
('66','101','94','81','1984-08-18',NULL),
('67','152','38','251','1993-11-29',NULL),
('68','118','26','281','2008-09-28',NULL),
('69','103','1','186','1970-06-13',NULL),
('70','125','79','31','2018-01-08',NULL),
('71','107','93','286','1986-09-28',NULL),
('72','130','55','27','2009-03-16',NULL),
('73','160','50','214','1989-05-10',NULL),
('74','165','46','16','2003-07-10',NULL),
('75','199','63','248','1997-05-09',NULL),
('76','105','27','157','1983-09-24',NULL),
('77','197','10','72','2008-07-31',NULL),
('78','115','45','132','1970-07-18',NULL),
('79','164','94','251','2012-12-08',NULL),
('80','146','2','66','1988-04-05',NULL),
('81','106','51','191','2001-04-24',NULL),
('82','192','65','260','1973-01-16',NULL),
('83','185','21','172','1978-02-05',NULL),
('84','186','92','164','2004-11-08',NULL),
('85','113','21','238','2019-04-15',NULL),
('86','165','31','230','2020-06-10',NULL),
('87','109','6','26','2009-03-11',NULL),
('88','183','77','200','2019-10-03',NULL),
('89','151','56','142','1971-05-25',NULL),
('90','115','55','272','1996-05-11',NULL),
('91','112','30','24','2003-12-16',NULL),
('92','180','16','147','2007-08-03',NULL),
('93','133','3','177','2008-03-04',NULL),
('94','154','9','52','2012-01-14',NULL),
('95','194','10','198','1997-12-27',NULL),
('96','107','5','282','2014-05-15',NULL),
('97','154','5','147','1984-10-20',NULL),
('98','164','49','220','1996-09-15',NULL),
('99','118','59','174','1998-11-14',NULL),
('100','135','46','165','2015-07-22',NULL); 


DROP TABLE IF EXISTS `users_video_puzzle`;
CREATE TABLE `users_video_puzzle` (
  `id` bigint(20) unsigned NOT NULL AUTO_INCREMENT,
  `user_id` bigint(20) unsigned NOT NULL,
  `video_puzzle_id` bigint(20) unsigned NOT NULL,
  `users_count_words` int(11) NOT NULL,
  `users_start_date` date NOT NULL,
  `users_end_date` date DEFAULT NULL,
  PRIMARY KEY (`id`),
  KEY `user_id` (`user_id`),
  KEY `video_puzzle_id` (`video_puzzle_id`),
  CONSTRAINT `users_video_puzzle_ibfk_1` FOREIGN KEY (`user_id`) REFERENCES `users` (`id`),
  CONSTRAINT `users_video_puzzle_ibfk_2` FOREIGN KEY (`video_puzzle_id`) REFERENCES `video_puzzle` (`id`)
) ENGINE=InnoDB AUTO_INCREMENT=101 DEFAULT CHARSET=utf8 COLLATE=utf8_unicode_ci;

INSERT INTO `users_video_puzzle` VALUES ('1','184','97','94','2019-08-28',NULL),
('2','141','89','263','2011-05-23',NULL),
('3','108','56','171','1992-09-28',NULL),
('4','135','63','227','2001-05-18',NULL),
('5','131','87','62','2016-07-10',NULL),
('6','162','44','88','2020-02-08',NULL),
('7','164','12','249','2020-03-11',NULL),
('8','101','26','72','2002-10-14',NULL),
('9','179','91','169','1991-07-09',NULL),
('10','146','48','14','1988-11-30',NULL),
('11','115','48','221','1984-09-28',NULL),
('12','194','91','226','2017-05-02',NULL),
('13','153','87','106','1974-04-11',NULL),
('14','181','28','264','2005-01-09',NULL),
('15','107','98','87','2015-04-11',NULL),
('16','125','97','195','2010-06-02',NULL),
('17','192','76','191','1984-04-06',NULL),
('18','183','7','198','2006-04-25',NULL),
('19','125','26','37','2020-04-08',NULL),
('20','163','69','18','1990-11-29',NULL),
('21','108','34','59','1993-06-25',NULL),
('22','108','81','36','1970-02-23',NULL),
('23','141','13','41','1970-12-03',NULL),
('24','104','25','257','2014-08-26',NULL),
('25','102','56','49','1987-03-12',NULL),
('26','167','24','221','2017-10-16',NULL),
('27','103','68','101','1981-02-04',NULL),
('28','110','62','202','1976-02-18',NULL),
('29','151','98','51','2002-06-01',NULL),
('30','186','65','216','2002-11-05',NULL),
('31','192','21','79','1999-10-17',NULL),
('32','158','89','256','1975-10-23',NULL),
('33','194','46','238','2006-11-17',NULL),
('34','192','27','143','1983-06-01',NULL),
('35','167','63','47','1972-06-15',NULL),
('36','192','84','245','2007-01-23',NULL),
('37','194','7','112','1979-07-18',NULL),
('38','161','42','144','1982-12-18',NULL),
('39','112','70','173','2004-10-10',NULL),
('40','162','22','288','2001-05-28',NULL),
('41','118','39','156','1988-09-24',NULL),
('42','141','29','123','2007-12-12',NULL),
('43','104','60','108','1992-12-14',NULL),
('44','187','61','31','2004-12-03',NULL),
('45','152','81','96','2001-02-28',NULL),
('46','118','52','59','2020-02-15',NULL),
('47','101','86','154','1989-10-19',NULL),
('48','135','97','131','1988-03-26',NULL),
('49','125','35','63','2019-05-05',NULL),
('50','116','4','125','2011-02-09',NULL),
('51','197','19','127','2004-02-22',NULL),
('52','184','95','129','1977-08-20',NULL),
('53','118','51','45','1989-04-28',NULL),
('54','130','44','154','1981-04-12',NULL),
('55','113','2','60','1979-12-04',NULL),
('56','162','45','238','1992-12-01',NULL),
('57','135','11','236','1972-10-24',NULL),
('58','170','47','44','2004-10-04',NULL),
('59','165','65','137','1984-03-16',NULL),
('60','104','28','32','1984-02-13',NULL),
('61','141','32','85','2003-10-02',NULL),
('62','176','47','87','1999-07-14',NULL),
('63','111','19','220','2019-08-17',NULL),
('64','137','49','288','2019-10-09',NULL),
('65','148','67','199','1973-02-03',NULL),
('66','147','52','19','2015-01-24',NULL),
('67','183','38','291','1990-01-31',NULL),
('68','141','10','271','1983-12-31',NULL),
('69','185','81','155','2012-04-04',NULL),
('70','148','8','256','1988-11-07',NULL),
('71','180','19','263','1994-01-02',NULL),
('72','148','23','40','2011-07-26',NULL),
('73','124','27','66','2011-11-01',NULL),
('74','164','100','182','1974-07-21',NULL),
('75','187','75','12','1972-03-15',NULL),
('76','120','36','144','1995-06-07',NULL),
('77','104','6','19','1986-05-27',NULL),
('78','180','23','15','1994-09-01',NULL),
('79','116','25','163','2004-12-12',NULL),
('80','165','78','106','2010-06-30',NULL),
('81','187','23','213','1990-02-03',NULL),
('82','123','76','189','2006-07-12',NULL),
('83','158','74','296','2000-09-04',NULL),
('84','183','49','103','2002-02-12',NULL),
('85','151','38','179','2001-09-18',NULL),
('86','152','37','51','1972-01-15',NULL),
('87','152','10','54','1984-02-02',NULL),
('88','154','86','33','1994-08-27',NULL),
('89','130','28','19','1998-06-29',NULL),
('90','183','27','291','2002-10-15',NULL),
('91','102','12','96','2020-07-02',NULL),
('92','158','9','287','1982-12-09',NULL),
('93','111','44','182','2009-07-09',NULL),
('94','125','41','63','1987-01-10',NULL),
('95','163','3','289','1976-10-14',NULL),
('96','111','59','211','2001-02-04',NULL),
('97','118','46','180','1990-08-25',NULL),
('98','129','86','21','2006-12-31',NULL),
('99','113','19','290','2019-04-21',NULL),
('100','129','74','136','2012-05-22',NULL); 


DROP TABLE IF EXISTS `video_puzzle`;
CREATE TABLE `video_puzzle` (
  `id` bigint(20) unsigned NOT NULL AUTO_INCREMENT,
  `name` varchar(50) COLLATE utf8_unicode_ci NOT NULL,
  `author` varchar(50) COLLATE utf8_unicode_ci NOT NULL,
  `description` text COLLATE utf8_unicode_ci NOT NULL,
  `language` enum('ENGLISH','DEUTCH') COLLATE utf8_unicode_ci DEFAULT NULL,
  `date` date NOT NULL,
  `level` enum('A1','A2','B1','B2','C1','C2') COLLATE utf8_unicode_ci DEFAULT NULL,
  `genre` varchar(10) COLLATE utf8_unicode_ci NOT NULL,
  `accent` enum('GB','USA','AUS') COLLATE utf8_unicode_ci DEFAULT NULL,
  `count_words` int(11) NOT NULL,
  `subtutles` text COLLATE utf8_unicode_ci NOT NULL,
  `body` longblob NOT NULL,
  `size` int(11) NOT NULL,
  `metadata` longtext CHARACTER SET utf8mb4 COLLATE utf8mb4_bin DEFAULT NULL CHECK (json_valid(`metadata`)),
  `media_type` varchar(10) COLLATE utf8_unicode_ci NOT NULL,
  `created_at` datetime DEFAULT current_timestamp(),
  `updated_at` datetime DEFAULT current_timestamp() ON UPDATE current_timestamp(),
  PRIMARY KEY (`id`),
  KEY `name` (`name`),
  KEY `author` (`author`)
) ENGINE=InnoDB AUTO_INCREMENT=101 DEFAULT CHARSET=utf8 COLLATE=utf8_unicode_ci;

INSERT INTO `video_puzzle` VALUES ('1','commodi','Brooke Franecki IV','Voluptates est impedit vel est nisi. Ipsa eligendi quia optio eos non quas enim. Ea consequatur sit nam cum illo non tempora.','DEUTCH','2003-03-28','C2','aut','USA','2689','Facilis quia nemo quidem eos saepe doloribus.','Commodi in ex aut. Quia enim maiores possimus. Saepe necessitatibus sit modi rerum quod. Repellat quis rerum est minima voluptate. Molestiae nostrum est sequi qui officia.','25085',NULL,'blanditiis','2001-02-16 00:30:30','2020-07-05 09:40:04'),
('2','rem','Myron Schaden','Rerum maiores nisi autem voluptate voluptatem. Assumenda similique laborum consequuntur molestias dignissimos rerum. Iusto soluta ab perferendis possimus. Soluta adipisci rerum voluptatem dolorum. Sunt ut nesciunt deleniti aperiam voluptatem est.','DEUTCH','1998-01-17','B2','sit','GB','3112','Rem adipisci illo dolorum nulla et quidem.','Reiciendis sequi nobis sapiente deserunt rem aut autem. Aliquid non qui mollitia porro officia. Rerum est sint cum voluptates et est. Debitis velit non explicabo qui.','28813',NULL,'qui','1995-04-08 16:50:14','2020-07-05 09:40:04'),
('3','totam','Alva Langosh','Consectetur autem necessitatibus voluptatem maxime amet. Nobis et corrupti incidunt quaerat. Et quisquam voluptatum molestiae magni est qui.','DEUTCH','1983-01-02','C1','est','GB','2966','Officiis eligendi libero sint delectus quo eveniet ullam.','Reprehenderit ullam ut non odit. Ex qui dignissimos delectus enim consequatur omnis et. Consectetur libero quo sit consequatur. Non velit aut nam.','2517',NULL,'quasi','2004-12-01 14:01:43','2020-07-05 09:40:04'),
('4','est','Prof. Amiya Haag','Recusandae non amet asperiores et repellendus impedit dolor. In maxime tempore asperiores voluptates expedita. Temporibus sunt qui reiciendis quidem. Molestiae aut velit fugit recusandae sit in.','ENGLISH','1994-03-30','B1','est','AUS','8719','Molestiae doloremque nulla dolores occaecati sed officia omnis nesciunt.','Et voluptatem vitae sit repellendus quia ipsam consequatur autem. Aut sit est quae velit harum rerum deleniti.','19395',NULL,'ut','1988-12-24 07:34:26','2020-07-05 09:40:04'),
('5','molestiae','Britney Rowe','Rerum et minus et a et debitis quam. Quidem ipsam esse neque minima vel dolores vitae.','ENGLISH','2002-03-26','C2','aut','GB','7107','In similique qui tempora ut.','Molestias aliquid porro provident. Nam dolorum sunt sint illum eveniet. Consequatur sequi repudiandae explicabo alias. Atque aut consequuntur pariatur facere. Et recusandae sit saepe reprehenderit accusamus.','18595',NULL,'maxime','1990-01-09 20:16:44','2020-07-05 09:40:04'),
('6','et','Prof. Elias Dickinson DVM','Ipsa quidem temporibus aliquam vero. Error tempora ut ex aut possimus in et. At non enim atque blanditiis dolorum. Reprehenderit omnis sequi reprehenderit quae est consequatur.','ENGLISH','1970-09-02','A2','quia','USA','6552','Tempora occaecati est praesentium blanditiis tempora numquam nostrum.','Molestiae sed enim repellendus similique aut officiis. Similique dignissimos sit rerum excepturi quas cupiditate. In consequatur voluptatem consequuntur tenetur animi eos qui. A enim quod sint molestiae quas molestias. Esse voluptatem hic id voluptatem dolorem id excepturi.','10012',NULL,'consequatu','2014-10-11 07:28:59','2020-07-05 09:40:04'),
('7','laborum','Dr. Vidal O\'Kon','Neque in voluptas et nostrum illum. Qui facere incidunt est laborum et voluptatibus veritatis. Reprehenderit hic perferendis quasi. Quo molestiae aut illo exercitationem et enim voluptatem.','DEUTCH','1977-11-22','B1','sint','GB','6970','Qui modi illum vel sunt excepturi et incidunt.','Nihil ut ipsam harum et nam odio. Pariatur deserunt dolorem culpa magnam. Et reprehenderit eum rerum vel modi expedita. Sunt iusto quod qui rerum est modi et magnam.','28868',NULL,'omnis','2012-10-05 15:13:57','2020-07-05 09:40:04'),
('8','molestiae','Miss Delilah Denesik','Modi illum voluptatum maiores quia nam eum et. Facilis quia officia aperiam est quia mollitia fuga. Molestias ab et ut voluptatum et sit ea dolorem. Quisquam iusto tenetur alias excepturi.','ENGLISH','1997-01-22','B2','nisi','USA','7752','Laudantium ipsa perferendis quidem dignissimos sunt doloribus.','Dicta voluptatum qui et voluptate aperiam nemo rem minus. Odit et non dolore eum.','142',NULL,'numquam','2005-03-15 00:44:23','2020-07-05 09:40:04'),
('9','deserunt','Noah Bergstrom','Architecto ipsam non illum error aut et. Ut ex commodi necessitatibus et nulla. Quasi quia et cum est. Laborum iure pariatur ut repudiandae quam.','ENGLISH','1992-03-20','B2','sed','USA','8869','Error voluptatibus dicta ab ut similique.','Saepe aspernatur voluptatum sequi aliquam repellendus et. Voluptatem praesentium voluptatem culpa dolores debitis excepturi et. Est itaque totam et est molestias.','15062',NULL,'neque','1975-06-01 18:03:24','2020-07-05 09:40:04'),
('10','ex','Amir Haag','Ipsum consectetur iure amet repellendus tenetur et saepe reprehenderit. Ut sint illo autem quidem sequi dignissimos. Et exercitationem explicabo nobis qui minima. Est ipsum vero quia ut.','DEUTCH','1998-08-22','C1','itaque','AUS','2353','Voluptatem consequatur unde qui aperiam voluptas quia reprehenderit.','Accusantium amet soluta consequatur nihil et. Numquam dolorem dolores quos numquam rerum et officia et. Id amet vel odit quia dolore modi cum.','2743',NULL,'velit','1992-10-01 08:58:51','2020-07-05 09:40:04'),
('11','inventore','Fanny Hirthe','Delectus aut ea rem tempora. Repudiandae aut eos et est optio. Molestias et culpa et qui porro sit excepturi.','ENGLISH','1976-10-20','C1','minima','AUS','6685','Rerum ad occaecati ut et et ipsum.','Cupiditate et voluptas deleniti qui voluptates sed illo doloribus. Incidunt ut quam a fuga vel itaque neque. Doloribus repellat aliquam quo est molestiae.','13107',NULL,'ipsam','1990-07-09 00:14:51','2020-07-05 09:40:04'),
('12','blanditiis','Mason Hudson','Porro id saepe quia deleniti asperiores veniam. Molestias magni ut et quibusdam dicta et non. Ullam voluptate magnam mollitia velit.','ENGLISH','2012-10-08','C2','esse','GB','3533','Est rerum magni rerum voluptate nihil qui non.','Ab architecto quam omnis laboriosam neque laboriosam ipsam. Cum architecto eum eligendi eos doloremque accusamus. Officia facere distinctio pariatur voluptas facere. Temporibus voluptas est et eveniet voluptatum.','13806',NULL,'ut','1979-05-19 15:48:17','2020-07-05 09:40:04'),
('13','facere','Giovanny Armstrong','Eos occaecati velit omnis ipsa. Ab ab repudiandae quo at quas. Explicabo cumque blanditiis corporis.','DEUTCH','2004-03-03','A1','impedit','AUS','649','Qui nobis laboriosam perferendis non est non quo.','Voluptatum nemo aut sequi magnam necessitatibus aut. Consequatur reprehenderit sit voluptatem. Sunt ut ipsum ut. Ipsam alias illum soluta et.','23532',NULL,'eum','1979-06-08 03:05:29','2020-07-05 09:40:04'),
('14','maxime','Dr. Boris Bode I','A ex aut neque aut. Ex libero non ducimus aspernatur neque consequatur. Quibusdam iusto necessitatibus delectus ut ducimus. Recusandae voluptatum aut iure velit aut nostrum.','ENGLISH','1971-09-13','C1','aut','GB','8392','Explicabo provident error et sunt exercitationem occaecati repellendus excepturi.','Autem consectetur sed nostrum. Et omnis necessitatibus nesciunt dolore quibusdam. Est vero maiores consequuntur dolores iure. Velit quisquam et nesciunt ut officiis voluptates.','5756',NULL,'optio','1976-01-19 13:04:14','2020-07-05 09:40:04'),
('15','rem','Rachelle Boehm V','Quia vel doloribus voluptatem nulla consequatur. Voluptatum quasi dignissimos nesciunt et excepturi. Est voluptas debitis voluptas est facilis in.','DEUTCH','2019-03-12','C2','sed','GB','4322','Voluptates doloribus sit sapiente eveniet est quo.','Tempora iusto qui non. Enim earum quod quis hic adipisci rerum et necessitatibus.','2856',NULL,'commodi','1987-08-30 19:36:02','2020-07-05 09:40:04'),
('16','in','Zoey Wilkinson','Provident dolorem beatae tempora est maiores dolorem quia. Nobis quisquam aliquid ipsa ab. Eveniet et unde numquam quaerat repudiandae.','DEUTCH','2003-05-15','A2','saepe','USA','6857','Recusandae minima facere exercitationem.','Modi quo numquam qui qui est. Velit dolorem dignissimos harum quo. Omnis rerum omnis totam et est eaque qui natus. Odio doloribus et mollitia.','1256',NULL,'voluptate','1991-10-27 13:50:16','2020-07-05 09:40:04'),
('17','autem','Waylon Stark','Repellendus quisquam optio ipsam magnam. Perspiciatis magnam est veniam et itaque. Nemo nihil voluptatem maiores reiciendis eaque amet.','DEUTCH','1990-12-05','C1','sunt','GB','9708','Rerum voluptates enim a aliquid.','Ut perferendis voluptatem assumenda. Tenetur sequi maxime quam ea quaerat. Maiores alias voluptates ullam ducimus et sed cupiditate.','20974',NULL,'alias','2003-11-26 01:43:01','2020-07-05 09:40:04'),
('18','molestiae','Kathryn Haag III','Voluptatem sapiente sapiente ea adipisci totam laborum nisi ad. Aut sit debitis enim dolor facere et. Mollitia laboriosam eveniet velit odit deserunt eius repellendus quae. Cum ut repellendus quia officiis aut ea dolor.','DEUTCH','1980-03-29','C2','deleniti','USA','6310','Tempora animi et sequi ratione error.','Dolorum quas omnis quos quod eaque voluptatem facere molestiae. Non sed expedita necessitatibus. Consectetur voluptatem aut accusantium magni id. Praesentium in assumenda voluptate.','5761',NULL,'optio','1994-06-27 08:29:51','2020-07-05 09:40:04'),
('19','eligendi','Cleveland Berge','Enim fugiat non asperiores voluptate. Nobis perspiciatis qui qui doloribus et. Sapiente occaecati aut animi ex occaecati. Dolore facere ut aut beatae porro id dolor tempore.','DEUTCH','2015-09-27','B2','fugiat','AUS','1065','Harum nostrum neque neque doloremque sit amet.','Exercitationem quia aspernatur officiis delectus aut. Ex consectetur ut incidunt tenetur quas omnis. Sed nesciunt harum delectus modi quia at id.','27204',NULL,'velit','1988-09-22 11:54:39','2020-07-05 09:40:04'),
('20','et','Dr. Vernon Keeling DDS','Omnis aliquid doloremque id hic. Debitis et aliquid deleniti doloremque totam tempora. Alias qui animi minima enim. Voluptatum qui voluptatem vel debitis saepe qui illum.','DEUTCH','2009-06-17','B1','provident','GB','8743','Tempora accusamus nemo recusandae ipsa.','Est perspiciatis laudantium omnis numquam qui impedit sapiente. Molestiae similique voluptas numquam tenetur minus quisquam facere. Debitis quidem qui in ratione expedita mollitia ut nemo. Sed inventore autem expedita soluta accusamus. Saepe iusto molestiae et aut.','9914',NULL,'vel','2008-02-23 17:39:35','2020-07-05 09:40:04'),
('21','sed','Carolina Hane','Dolore amet voluptatem aut exercitationem vel quasi non qui. Quas reprehenderit eum numquam ut doloribus nulla qui. Minima aut autem molestiae laborum.','ENGLISH','1979-08-08','B2','odio','GB','967','Sunt cupiditate officiis ducimus.','Molestiae eligendi non impedit voluptatum reiciendis. Placeat ad ut omnis voluptatem.','4598',NULL,'animi','2005-07-05 09:03:53','2020-07-05 09:40:04'),
('22','quae','Xavier Koss','Voluptate debitis aut quo aut et ea non. Non veritatis rerum est. Asperiores ut voluptatum asperiores veniam ullam quas. Consectetur est tempora rerum ab.','DEUTCH','1970-08-09','B2','tempora','GB','4381','Blanditiis qui est consectetur doloribus tempora voluptatem atque.','Distinctio voluptates sed illum blanditiis. Voluptate omnis dicta consequatur voluptate. Pariatur eum a esse eum architecto odio. Tempore quas temporibus totam ad unde neque.','13656',NULL,'animi','2009-06-04 14:01:41','2020-07-05 09:40:04'),
('23','nisi','Leo Haag','Labore et sed non porro. Eveniet ut sed maiores molestias non fugit. Eum ipsa praesentium consectetur sequi illum.','ENGLISH','1987-09-26','B1','quia','USA','2000','Nemo mollitia et qui eum est ipsum culpa.','Omnis voluptas facilis minus quod consectetur. Dicta laborum et qui. Necessitatibus corrupti enim ex voluptatem ut non sit. Magnam distinctio aut reiciendis rerum dolores est nihil.','14173',NULL,'sint','2017-10-17 08:19:53','2020-07-05 09:40:04'),
('24','dolor','Zachery O\'Conner V','Et quia rerum fuga sunt quisquam animi cumque optio. Quia error voluptatem atque. Officia provident illum in non non.','DEUTCH','2007-10-09','B1','quis','AUS','2780','Sit blanditiis veniam magni laborum voluptatem incidunt vero.','Magni et perspiciatis quisquam suscipit earum quaerat ut nulla. Ut et repellendus atque quia non qui. Ducimus natus et aut et aliquam.','21128',NULL,'quam','1989-05-26 18:38:38','2020-07-05 09:40:04'),
('25','accusantium','Alicia Doyle','Asperiores modi corrupti minus non quidem. Excepturi odit et accusantium ratione. Ea sit recusandae autem earum ex.','ENGLISH','2016-04-13','B2','sint','AUS','6928','Occaecati laboriosam numquam alias recusandae voluptatum culpa.','Quos porro consequuntur sed tenetur ratione quibusdam sed. Eos laboriosam sapiente ea.','8406',NULL,'et','1992-09-04 07:49:25','2020-07-05 09:40:04'),
('26','et','Mr. Jamaal Haley MD','Similique laborum eum itaque minus labore. Porro provident et aliquid perferendis doloribus architecto neque sunt. Unde et nulla et odit. Placeat consequatur itaque quos eos libero quis voluptatem nulla.','ENGLISH','2012-02-25','B1','natus','GB','9606','Enim non sed aperiam a qui et.','Voluptatibus voluptas distinctio esse nostrum. Et vitae porro distinctio cumque ducimus dicta odit. Beatae cumque quis alias architecto.','23828',NULL,'ullam','1978-07-08 08:21:35','2020-07-05 09:40:04'),
('27','nisi','Richmond Kerluke','Quaerat ipsum molestiae illum ab aperiam libero. Aut possimus aut nisi ullam nemo distinctio unde. Iusto et eum ratione autem.','ENGLISH','1987-11-30','B2','dolor','AUS','6864','Ea velit vitae nemo aut et hic dignissimos.','Qui perferendis quia et. Quam ipsa sit voluptatem voluptas iste. Quidem unde explicabo est expedita delectus et earum. Sunt et a minima hic.','16522',NULL,'optio','2014-11-13 00:31:03','2020-07-05 09:40:04'),
('28','rerum','Dr. Burdette Gerhold PhD','Numquam et tempora ducimus nihil minus. Consequatur aliquam reprehenderit officiis vel itaque dolores. Non sed beatae tempore molestiae repellendus autem quis.','ENGLISH','1990-03-11','A2','ea','AUS','7281','Consequatur qui repudiandae earum et.','Optio veniam ratione expedita sed. Quo quo aliquam et aut cupiditate sed. At in ex sint rerum autem.','28235',NULL,'omnis','2015-08-28 22:51:42','2020-07-05 09:40:04'),
('29','ab','Shemar Ritchie','Laudantium animi totam quos provident quam. Cupiditate est rem ea. Et nobis perspiciatis doloremque voluptatibus suscipit sit.','DEUTCH','2007-09-22','A2','ipsum','GB','3493','Vel qui distinctio cupiditate soluta.','Ex aut consequatur rerum quia soluta ab cum. Commodi facilis voluptas ducimus nulla. Quia facere est asperiores numquam officia velit totam.','2669',NULL,'quaerat','1992-06-16 06:19:19','2020-07-05 09:40:04'),
('30','est','Alana Kilback','Modi quia libero voluptas. Minima et qui voluptatem. Sunt error autem aut numquam.','DEUTCH','2016-11-30','B1','suscipit','GB','5175','Ad veniam porro quia vitae nulla voluptas.','Nam delectus vitae mollitia. Cum iusto nam aperiam tenetur. Iusto veniam sapiente vitae non illum ut consequuntur. Laborum omnis dignissimos ratione.','27312',NULL,'corporis','1977-12-04 02:59:38','2020-07-05 09:40:04'),
('31','sunt','Imani Simonis','Quia incidunt qui veritatis. Vero ratione sed sequi mollitia reprehenderit quis magni. Perferendis veritatis reprehenderit temporibus perferendis. Est incidunt similique dolor nostrum.','DEUTCH','2010-10-08','B1','omnis','GB','1259','Eum et cum libero in eum.','Rerum accusamus nostrum sit voluptas. Optio quia non eveniet officia placeat. Possimus quibusdam et voluptatem dolore.','8806',NULL,'cumque','2002-11-04 04:22:43','2020-07-05 09:40:04'),
('32','suscipit','Prof. Alexis Ziemann Sr.','Consequatur sapiente et consequatur vel deleniti sint. Temporibus cum doloribus id vero sit nemo. Fugit consequatur fugit numquam voluptatem.','ENGLISH','1971-09-03','A1','non','AUS','3536','Veritatis nihil sed voluptate magni.','Fuga et quod deleniti molestiae. Sunt corporis commodi ullam tenetur. Sint dolorem natus minus voluptatum aut. Quia praesentium enim dolores vero alias consequatur. Nisi rerum culpa et laborum id.','6289',NULL,'reprehende','2007-09-14 20:06:52','2020-07-05 09:40:04'),
('33','aut','Erin Kihn','Quis asperiores necessitatibus repudiandae cumque tempora. Ullam neque veritatis omnis mollitia reprehenderit quo. Quos quam quia nobis nihil cumque. Consequatur incidunt voluptatem sint voluptate quasi laboriosam mollitia.','DEUTCH','1998-09-12','B2','voluptatem','USA','573','Et et reiciendis adipisci dolore pariatur ut hic.','Ipsa omnis quia ea atque. Quis dolorem ipsa et in qui veritatis repudiandae. Earum accusamus soluta veritatis mollitia ipsum dolores.','27756',NULL,'dicta','1988-08-20 07:18:19','2020-07-05 09:40:04'),
('34','eveniet','Candace Schaefer','Ut quasi fugiat aut enim et et voluptas. Reiciendis optio officia ut deserunt id. Deleniti dignissimos impedit consequatur voluptatem et magni omnis blanditiis. Ipsa aut ut ratione et ullam magnam quisquam.','ENGLISH','2007-05-05','A1','doloribus','AUS','2533','Officiis debitis sit dolor velit.','Sint quia ea consequuntur. Qui maiores omnis non dolorem. Ipsum voluptas occaecati veniam dolorum.','6145',NULL,'harum','1971-12-28 16:23:30','2020-07-05 09:40:04'),
('35','repudiandae','Silas Lindgren','Voluptas quia ut nulla iusto cupiditate aut porro. Est et officiis omnis officiis sunt eum. Ut ut cupiditate cupiditate deleniti est eum. Deleniti velit voluptates cupiditate aut ullam.','DEUTCH','2005-02-20','C2','saepe','GB','8295','Enim tempora saepe mollitia est.','Mollitia magni id iusto ut similique voluptatibus. Quia fugit et in sunt esse blanditiis. Illo reiciendis error velit molestias natus pariatur. Illum architecto odit deleniti ut vitae tempora.','1622',NULL,'velit','1983-09-13 12:47:34','2020-07-05 09:40:04'),
('36','nihil','Dr. Lester Conroy','Id omnis et natus est consequatur eos voluptatem vitae. Error libero vero quo rem. Dolores in non dignissimos.','DEUTCH','2015-09-10','A2','qui','AUS','6133','Eos nobis laboriosam repudiandae pariatur voluptates illum neque.','Ut accusantium et tempora adipisci quia. Ipsum harum debitis quibusdam ratione omnis. Enim iure quia velit et perferendis accusantium quo ex.','7027',NULL,'sit','2007-05-24 05:53:24','2020-07-05 09:40:04'),
('37','quam','Dr. Vesta Kiehn','Alias ducimus molestiae facilis molestiae minus. Officia est quae illum velit. Ullam amet deserunt iusto aut consequuntur sit quo laborum.','ENGLISH','2016-01-21','B1','deleniti','USA','1739','Dolores ea sunt nesciunt fugit iusto est.','Pariatur earum est non iure consequatur. Illum id unde qui accusantium eos vel id voluptatem. Ducimus totam voluptatem qui totam deleniti doloremque sed voluptas. Enim accusamus et architecto corporis recusandae nihil culpa fugiat.','1851',NULL,'veniam','1979-05-03 16:08:01','2020-07-05 09:40:04'),
('38','nisi','Hayden Zulauf','Debitis molestiae voluptas omnis eum consectetur officiis quas. Et quos eos corporis et provident et vero. Est cumque porro voluptatem esse. Porro sapiente facere nostrum reiciendis qui. Quae reprehenderit id est.','ENGLISH','1987-02-08','B2','laboriosam','AUS','906','Blanditiis ut sunt tenetur omnis aut quasi inventore.','Exercitationem voluptas est rerum aut voluptates officiis. Harum a id fuga sunt quae. Voluptatem eius aut illo consequatur qui.','19041',NULL,'praesentiu','2020-04-12 02:57:56','2020-07-05 09:40:04'),
('39','rerum','Clair Towne','Sunt molestias non quis quia molestiae id quia iusto. Odio temporibus tenetur eius quasi necessitatibus fugit amet.','ENGLISH','1981-10-06','B1','occaecati','USA','2664','Labore porro in commodi rerum rerum nisi neque.','Molestiae debitis nulla enim qui cum quisquam aut. Accusamus cum nulla occaecati quia ipsam. Fugit quidem qui ut est. Assumenda sequi odio aliquam autem optio.','3345',NULL,'modi','2002-12-08 12:07:40','2020-07-05 09:40:04'),
('40','eveniet','Camila Hintz','Qui deserunt omnis doloremque. Sint atque necessitatibus rerum labore voluptates vel incidunt. Sed quo aperiam aliquam. Aperiam sed veniam autem itaque pariatur.','ENGLISH','2014-05-05','C2','in','GB','9579','Omnis sunt dolorem rerum.','Optio qui ipsum ea et quas nisi. Dolorem vel ab molestias non enim voluptas. Eos iste exercitationem mollitia soluta minima dignissimos.','28374',NULL,'ab','2020-06-06 00:10:00','2020-07-05 09:40:04'),
('41','corporis','Burnice Jacobi','Non quas totam id iusto eum sint sit. Id saepe non beatae itaque. Porro aperiam temporibus repellat placeat error sunt similique accusamus. Molestiae aliquam commodi est et dignissimos aliquam voluptates.','ENGLISH','1993-08-05','B2','dolore','AUS','8855','Nam consequatur perspiciatis quisquam et harum quaerat qui recusandae.','Id officiis a nihil repellat repellat. Illo beatae distinctio beatae sed id aut. Excepturi sit quos corporis hic.','3417',NULL,'quia','2003-10-24 10:07:46','2020-07-05 09:40:04'),
('42','modi','Isom Herman','In est culpa explicabo. Quia aliquid temporibus voluptates accusamus. Autem molestias velit optio. Perspiciatis ut ipsum laboriosam in enim dicta sunt.','DEUTCH','2002-07-31','B2','animi','AUS','9551','Accusamus iste et qui nostrum.','Non commodi earum officia exercitationem. Neque perspiciatis dicta quaerat repudiandae praesentium sed. Ratione est omnis minus eum. Id iure aliquid corporis modi.','11955',NULL,'id','1977-05-27 13:29:09','2020-07-05 09:40:04'),
('43','reprehenderit','Jaylan Schiller','Quia reiciendis velit in nam quia ipsum illum. Praesentium rerum nemo non. Nihil optio ratione consequatur et fugiat et.','ENGLISH','2009-07-26','A1','possimus','AUS','2700','Necessitatibus aliquid suscipit ullam deleniti nostrum dolorum.','Sit provident impedit id facilis et qui et. Voluptas ut eligendi optio corporis magnam nisi blanditiis. Necessitatibus repellendus labore occaecati voluptates est et. Itaque commodi nemo debitis nam.','28503',NULL,'et','1986-05-05 21:38:32','2020-07-05 09:40:04'),
('44','est','Prof. Marta Grady IV','Iusto consequuntur dolorem et sunt nisi totam. Voluptates autem est enim ipsa ex et. Earum facilis quas deleniti amet occaecati quae esse. Deserunt ut sit aut aut quaerat est blanditiis.','ENGLISH','1972-09-07','C1','laudantium','USA','5689','Aut voluptas consequuntur ducimus est dicta sed aut.','Minima mollitia facilis quo et perferendis. Qui excepturi dicta aut enim voluptatum. Ex reprehenderit ut ea aut deserunt ut non. Et perferendis sapiente commodi autem.','23640',NULL,'iusto','1979-02-17 23:33:44','2020-07-05 09:40:04'),
('45','beatae','Dr. Gaetano Lind IV','Excepturi a rerum et quas voluptatum dolores laborum. Accusantium praesentium error eligendi facere aliquam sed. Omnis aut omnis deserunt velit voluptatem itaque. Corporis sit vel repellat et inventore quisquam sint nostrum.','DEUTCH','1994-02-28','A1','sit','USA','3031','Quis veniam et temporibus non dicta omnis ea.','Nulla sint ut beatae ex. Sed itaque sint alias debitis. Reprehenderit iste quis autem consequatur et rerum.','22607',NULL,'reiciendis','1990-10-31 06:50:05','2020-07-05 09:40:04'),
('46','est','Savannah White V','Voluptatem totam iure sint reprehenderit voluptas voluptate. Aut et et perspiciatis reprehenderit aut non facere. Nostrum qui nesciunt fugit eum architecto assumenda illo.','DEUTCH','2013-07-05','B1','maxime','USA','1702','Dolorem quae qui animi et.','Et ex laboriosam velit labore. Omnis neque quod nobis in ut libero nesciunt sequi. Qui pariatur voluptas accusamus aut esse ad suscipit.','17673',NULL,'ut','1988-09-06 17:59:05','2020-07-05 09:40:04'),
('47','optio','Fannie Sipes DDS','Blanditiis ab voluptas voluptatem corporis deleniti. Doloribus sint enim ut aut atque amet aut. Asperiores placeat vero ea enim corporis et ratione.','ENGLISH','2006-10-25','B2','culpa','AUS','2472','Et repellendus suscipit pariatur blanditiis.','Nostrum tenetur at et aut. Illum consequuntur rerum molestias accusantium blanditiis est. Impedit molestiae numquam eligendi. Labore sit ad beatae praesentium.','21815',NULL,'nihil','1978-12-10 20:20:35','2020-07-05 09:40:04'),
('48','quisquam','Kathryn Schinner Jr.','Fugiat non nulla sequi architecto error repellat adipisci. Est non at enim aut repellat quisquam. Veritatis totam soluta qui accusantium nesciunt et consectetur rerum. Error libero consequatur natus voluptatem repudiandae.','DEUTCH','1979-05-31','B2','rerum','USA','285','Culpa sed aliquam hic occaecati nulla dolor numquam.','Ipsum esse doloremque architecto placeat ducimus. Voluptatem minima eaque et nam qui quos iure non. Voluptatem at consectetur nam odio repudiandae molestiae fugit in. Tenetur magnam at alias consectetur. Accusamus sed officia cumque ut non.','29462',NULL,'eos','2007-08-04 09:01:33','2020-07-05 09:40:04'),
('49','enim','Gussie Goldner','Ullam consequuntur perspiciatis et eaque quae facilis. Porro perspiciatis commodi cum et est nam. Corporis ea consequatur animi aut. Quasi labore vero eaque quia et quasi adipisci.','DEUTCH','1985-10-14','B1','non','USA','1001','Ut non non error nostrum quae est.','Ab voluptatem deserunt autem facilis doloremque ullam sit. Qui ut labore id corrupti maiores. Occaecati ipsa enim voluptatem est ullam eos molestias.','20578',NULL,'exercitati','1976-09-09 14:25:48','2020-07-05 09:40:04'),
('50','voluptas','Mr. Emery Schultz V','Ea beatae et hic rem. Reprehenderit temporibus voluptas omnis architecto nemo et. Exercitationem reprehenderit et in voluptatem porro nemo quae. Impedit aut iusto adipisci aspernatur sint dolorem.','DEUTCH','2012-01-16','B1','ut','GB','1310','Totam porro et consectetur corrupti.','Impedit voluptas reprehenderit magni. Exercitationem cum ab commodi doloribus eius est. Illum ex quaerat excepturi mollitia fuga officiis laborum dolores.','18219',NULL,'maxime','2013-05-12 07:14:16','2020-07-05 09:40:04'),
('51','quam','Prof. Arnold Marvin II','Optio expedita rem eveniet esse alias nam nam dolore. Corrupti impedit iure a cum quo est neque cupiditate.','DEUTCH','1980-09-11','B1','voluptatum','GB','3973','Ullam omnis culpa blanditiis.','Esse sed neque voluptas aut quibusdam est hic vero. Reiciendis dolor non voluptatibus corporis.','13300',NULL,'dolorem','2013-04-05 15:07:27','2020-07-05 09:40:04'),
('52','amet','Ignatius Ferry DDS','Laboriosam autem est eos est. Dolor velit similique tempore et. Ab nam repellendus et dolor. Animi sed consequatur sunt a magni explicabo qui.','ENGLISH','1982-02-15','C2','asperiores','GB','8048','Fugiat eveniet praesentium doloribus dolores laboriosam.','Nisi doloribus quaerat rem. Consequuntur molestiae nisi qui nostrum. Qui perferendis magnam officiis qui minus autem sed. Et ea quod sit voluptatibus assumenda laudantium aut maiores.','28184',NULL,'est','1991-10-28 12:13:43','2020-07-05 09:40:04'),
('53','quasi','Clement Kozey V','Quo aliquid non et. Consequuntur id voluptatum dolor delectus omnis.','ENGLISH','1986-07-23','A1','et','GB','6433','Hic est expedita facere ratione repellat numquam.','Deserunt rerum in ducimus molestias. Aut molestiae nisi autem explicabo repudiandae perferendis. Voluptates recusandae inventore autem. Voluptas voluptas voluptatem sed minima cum.','28145',NULL,'ab','1979-02-10 21:34:28','2020-07-05 09:40:04'),
('54','facilis','Jedidiah Franecki','Perspiciatis animi dolore quos eum. Non natus distinctio consectetur omnis eos eius omnis. Ut doloremque fugit error porro eum est. Voluptatem dolores quas aut sunt ab. Facilis veritatis aut ut rerum veritatis.','DEUTCH','1978-06-02','B2','sed','USA','2325','Beatae laborum quia ea quia ab adipisci.','Enim sequi corrupti nostrum earum non non delectus. Neque natus asperiores et sit vitae eum. Consequatur amet unde fugiat eligendi.','6448',NULL,'facilis','1989-05-23 19:23:06','2020-07-05 09:40:04'),
('55','error','Anjali West','Incidunt ratione a veniam. Labore earum vitae necessitatibus repudiandae. Sit suscipit ex veniam. Aut et occaecati nihil nobis repellendus rem sapiente velit.','DEUTCH','1994-04-24','C1','facere','GB','2693','Eos doloribus nam repudiandae alias officiis quas.','Enim velit cumque ab dolor vero ab et. Et id dolorum tempora nostrum quibusdam rerum possimus. Ut repellendus eius est dolor quis et. Exercitationem ut atque voluptas ut blanditiis quod.','2451',NULL,'beatae','1993-12-23 17:45:51','2020-07-05 09:40:04'),
('56','dolores','Mariam Schoen','Et ea nesciunt omnis debitis sint est enim. Quo quo enim tempora accusantium exercitationem vitae ducimus. Eius et quibusdam accusamus aut sapiente quisquam.','DEUTCH','1984-03-24','A2','maxime','USA','5467','Dolores tempore sed adipisci consequatur repellendus.','Consequatur omnis odio nobis minus sequi perferendis quia. Omnis est assumenda autem maiores qui similique. Est aut a quam perferendis. Sapiente ut eum qui ut omnis non rem. Doloremque nemo ducimus porro amet magni omnis.','8645',NULL,'fuga','2011-06-04 17:04:42','2020-07-05 09:40:04'),
('57','nemo','Maurine Terry Sr.','Hic quia quia illo necessitatibus quo sit aut. Officia optio aut dicta exercitationem maxime illum ea.','ENGLISH','2008-02-21','C2','eveniet','GB','9541','Modi itaque qui est quidem.','Explicabo suscipit aliquid qui incidunt nam nulla nemo in. Consequatur quam consequatur dolor in molestiae magnam occaecati similique. Corrupti nihil repellat dolore corporis non id. Debitis consequuntur sequi earum.','11639',NULL,'quis','1976-02-04 14:36:51','2020-07-05 09:40:04'),
('58','enim','Larry Treutel','Perferendis molestiae provident ipsam temporibus voluptatem. Dolorum ab molestiae tenetur aut sit ipsa doloremque. Quidem ut officia asperiores est dolorem architecto ea dolorum. Sed nostrum inventore optio esse veniam eos autem. Fuga quae ad quidem et non rerum.','DEUTCH','2015-03-29','A2','voluptatum','AUS','7112','At itaque sint ex reprehenderit.','Vel facere rerum sint animi ducimus. Eveniet impedit expedita nesciunt numquam velit. Voluptas optio fugit et eum nihil nisi. Ut minus odio autem aliquam sit aut.','10844',NULL,'et','2017-06-25 04:59:00','2020-07-05 09:40:04'),
('59','sunt','Mrs. Herminia McLaughlin','Praesentium nisi et quibusdam dolore. Et sed nam vel nulla inventore aut earum. Itaque iste ea ad officia voluptatibus sit.','DEUTCH','2018-05-27','C1','aut','AUS','335','Eius autem perspiciatis tempore qui fugit nisi et corporis.','Autem voluptas odit aut quos. Fuga aut ex dolore numquam unde sit sunt aliquid. Corrupti sint illo id et velit neque alias.','22584',NULL,'aliquam','2008-12-26 03:44:31','2020-07-05 09:40:04'),
('60','rerum','Idella Rempel II','Consequatur esse exercitationem quo sint. Recusandae magni quo velit quisquam quia. A iure omnis pariatur quis tempora ab maxime.','DEUTCH','2012-08-01','C2','accusantiu','AUS','1268','Tempore ut consequatur in architecto.','Et qui eum optio iure qui totam repellat. At aliquid inventore at vitae natus aut qui. Aut expedita et culpa sint. Est quo quod earum dignissimos.','26447',NULL,'vero','1970-07-19 19:10:55','2020-07-05 09:40:04'),
('61','aspernatur','Sunny Gottlieb','Doloremque qui eveniet ut quos praesentium dolor optio. Ut velit recusandae omnis architecto hic. Praesentium nostrum ut nostrum est ut et. Velit explicabo harum ex omnis.','DEUTCH','2010-02-14','B2','modi','AUS','9455','Odit et amet qui.','Illo odio magni rerum sed ad ut est. Sit pariatur quod aliquid at quas. Voluptatem blanditiis ducimus id vel repellat. Voluptatem aut dolores dolores nesciunt.','5390',NULL,'vero','2006-05-01 01:04:55','2020-07-05 09:40:04'),
('62','nihil','Taya Bosco','Dicta perferendis voluptates officia numquam non voluptatem reprehenderit. Et unde aut consequatur illo debitis corporis nisi et. Ab possimus dolorem consequatur consectetur a. Consequuntur iure expedita quibusdam pariatur molestiae enim.','ENGLISH','1977-02-25','B1','hic','GB','8739','Mollitia autem iusto voluptas in.','Maxime illum in dolorem non similique commodi quod. Harum itaque aut ullam rerum harum. Explicabo mollitia voluptates alias aut voluptas.','25282',NULL,'qui','1986-10-21 23:57:20','2020-07-05 09:40:04'),
('63','non','Miss Coralie Blanda III','Deleniti occaecati rerum rerum ex nisi. Quod aliquam nam impedit numquam incidunt. Et explicabo blanditiis perspiciatis dolores non corrupti autem.','DEUTCH','1974-08-17','B2','magni','GB','9380','Ea eum consectetur excepturi quia suscipit dolorum magnam ut.','Nihil eos accusamus sit fugiat omnis sint blanditiis. Tempore voluptatem nihil nisi rerum ducimus. Culpa illum recusandae et tempore est.','13854',NULL,'rem','1978-01-13 06:01:54','2020-07-05 09:40:04'),
('64','non','Mrs. Fiona Murazik','Distinctio sed rerum rerum quia accusantium eos fugit. Et consequatur veniam autem ipsa qui id ut. Quo distinctio quos error saepe.','ENGLISH','2016-07-17','C1','nesciunt','AUS','2316','Perferendis commodi assumenda tempore ipsa qui impedit consequatur.','Consequuntur eum totam quia aut eos veniam dolorem. Rerum id in quas. Reprehenderit reiciendis aut repellat consequuntur fuga vel. Ut sunt et enim id aut et.','4988',NULL,'aut','1983-05-13 21:09:34','2020-07-05 09:40:04'),
('65','explicabo','Milford Jast','Explicabo aut hic quas quis. Dolorem necessitatibus adipisci ipsa animi doloribus voluptas. Rerum voluptatibus blanditiis ut molestiae. Aut voluptas ipsam nostrum.','ENGLISH','2000-01-27','A2','et','AUS','5409','Tenetur officia vero ut qui error.','Porro soluta quo beatae nostrum. Earum dicta enim voluptas odio sequi quis. Ullam similique suscipit voluptatibus. Tenetur voluptas temporibus necessitatibus saepe ipsam. Dolorem rerum laborum placeat id temporibus quisquam.','17062',NULL,'voluptatem','1996-05-11 20:53:23','2020-07-05 09:40:04'),
('66','est','Adalberto Harris','Corporis et est sit id voluptas quaerat eius quod. Et aliquam molestias et voluptatem. Et natus dolores autem ullam enim. Debitis molestias officia consequuntur dolorem.','ENGLISH','2004-06-09','C1','tempore','USA','8321','In laboriosam quibusdam vel dolorem incidunt.','Esse et non vel et repudiandae. Quia modi velit et aut rerum. Nemo est praesentium quia ipsa sit doloribus. Voluptatibus occaecati aut non soluta occaecati ipsum at error.','16397',NULL,'voluptatem','1984-06-05 13:27:50','2020-07-05 09:40:04'),
('67','dolorem','Jacey O\'Hara','Qui totam aliquid alias tenetur eaque veritatis blanditiis. Nemo magni id dolorum alias quam provident id. Omnis repellendus placeat labore tenetur. Delectus rerum molestias exercitationem dolorem exercitationem quia possimus.','DEUTCH','2018-02-25','B1','libero','USA','1079','Nihil vitae sint maxime ratione voluptates qui magni.','Vero consequuntur eos perspiciatis quaerat quo corrupti deleniti id. Quia dolor non accusantium officiis perspiciatis similique temporibus. Nihil dolores deleniti vero. Enim aliquid dolorum consequatur earum quia et consectetur tempora.','29383',NULL,'in','2003-04-21 07:50:45','2020-07-05 09:40:04'),
('68','facilis','Vivien Lang','Et in amet incidunt consequatur incidunt perferendis porro. Explicabo aliquid quasi eos est beatae alias. Consequuntur deleniti illo sed sit quo porro. Est incidunt et autem et ullam similique.','DEUTCH','1983-08-14','A2','quis','GB','8028','Omnis qui quisquam esse et culpa.','Accusamus dignissimos sed fugit rem sequi voluptatum. Delectus qui itaque vel molestiae cum et deleniti qui. Voluptates sunt rem aut enim error odio.','26835',NULL,'eos','2012-11-10 08:37:45','2020-07-05 09:40:04'),
('69','quis','Joanne Grimes II','Molestiae eum optio qui omnis ipsum nobis. Est laborum a laborum veniam. Recusandae quam numquam nemo dolorem nesciunt quas ab est. Excepturi porro voluptatem quia voluptatum repellendus nostrum.','DEUTCH','1999-10-22','B2','et','USA','8764','Ducimus qui eius pariatur voluptatem autem natus repellendus.','Minus atque soluta labore sed aut velit. Perferendis aut consequatur autem expedita. Impedit necessitatibus cumque quo et nihil aspernatur earum. Ut in quis iste rerum accusantium nostrum.','13786',NULL,'sed','2003-03-15 04:58:25','2020-07-05 09:40:04'),
('70','reprehenderit','Dereck Brekke','Ipsum similique tempora cupiditate quas aliquam aut. Numquam rerum enim et hic. Perferendis eos magnam eum laborum et asperiores. Recusandae ea voluptatem non molestiae laboriosam.','ENGLISH','1991-07-24','B1','officia','GB','4349','Qui quisquam omnis ratione quo sit sint.','Veritatis nobis unde reiciendis non libero possimus. Itaque illum voluptas maiores ut eum delectus. Sunt eveniet nihil eos odio quos qui asperiores assumenda. Sit velit dicta animi voluptatem recusandae repudiandae aut. Aliquam similique laborum non eum.','8637',NULL,'ab','1972-09-03 23:08:25','2020-07-05 09:40:04'),
('71','dolore','Prof. Jarvis Koepp','Deserunt nemo odit quae minima qui vitae. Recusandae aut doloremque fuga quibusdam commodi. Quis delectus commodi repellat rerum.','DEUTCH','2004-01-01','A1','quos','AUS','2672','Est tempora esse ipsa quasi.','Quidem quidem eius recusandae est. Beatae quis ullam consequatur minima a corporis enim. Est rerum sunt harum sint sequi.','4692',NULL,'et','2003-08-10 14:04:28','2020-07-05 09:40:04'),
('72','fugit','Ms. Isobel Brown V','Nihil velit quis temporibus voluptatem voluptatem. Necessitatibus quo tempore dolorem tenetur. Quos distinctio enim illo est. Sunt rerum ullam sit inventore reprehenderit non.','DEUTCH','2018-11-18','A2','fuga','AUS','846','Alias rem minus qui.','Consectetur harum maiores saepe voluptate repellat. Ipsa natus tenetur temporibus aut aperiam nihil at enim. Recusandae id perferendis consequatur temporibus est deleniti deserunt.','12624',NULL,'enim','2017-09-28 15:17:42','2020-07-05 09:40:04'),
('73','sint','Marshall Morar','Deleniti dignissimos consequatur qui laboriosam et vero neque. Quis distinctio dolor qui voluptatem. Est itaque repellat repellat et hic ratione.','DEUTCH','1999-06-12','B1','quam','USA','9206','Non debitis assumenda exercitationem eveniet rerum perferendis dicta.','Sit aperiam sequi excepturi. Doloremque neque voluptate quo debitis temporibus. Eligendi molestias architecto voluptatibus repudiandae facilis accusantium officiis. Aut dignissimos iure quas aspernatur delectus omnis reprehenderit.','27582',NULL,'sed','1982-08-13 10:45:24','2020-07-05 09:40:04'),
('74','qui','Katherine Von','Alias inventore et enim explicabo omnis ipsum sunt. Saepe et pariatur et consequuntur omnis fugiat dicta. At voluptas quibusdam amet. Quas sed sit ut.','ENGLISH','2014-12-17','A2','deleniti','USA','2751','Ipsam ut similique neque.','Maiores eligendi dolorem provident eius quia. Eaque molestiae nihil qui. Est molestias quisquam soluta vel praesentium ut. Quod molestiae voluptatem commodi eos voluptas.','16882',NULL,'saepe','1994-01-06 12:14:17','2020-07-05 09:40:04'),
('75','perspiciatis','Caleb Corkery','Molestias enim consequatur nostrum assumenda facere. Est perferendis sed ut ut. Magni voluptatibus voluptates asperiores labore et eaque rem.','ENGLISH','1999-11-21','A1','exercitati','AUS','4766','Nihil dolor id nemo rerum rerum perspiciatis.','Velit sequi deserunt unde culpa pariatur. Magni architecto nihil et minima ut voluptatibus mollitia libero. Atque pariatur aut exercitationem sint ut.','129',NULL,'magni','1984-09-30 02:54:13','2020-07-05 09:40:04'),
('76','ipsum','Franco Padberg','Ut quia beatae voluptatem qui. Excepturi et accusamus quaerat dolore ut magnam. Accusamus aut et dolore aut nihil. Soluta consequuntur consequuntur maiores dolor sed totam.','DEUTCH','2016-04-16','C2','beatae','GB','7383','Soluta sit est sed harum nesciunt et.','Minima molestiae reprehenderit consequatur aut eaque natus aut repudiandae. Sint est velit quidem. Voluptatem voluptatem maiores fugiat ipsum similique ducimus voluptates recusandae. Veniam dolore ut dolore reiciendis aut voluptatem distinctio.','15266',NULL,'incidunt','1984-11-11 01:52:41','2020-07-05 09:40:04'),
('77','omnis','Eladio Weber','Animi quisquam autem recusandae tempore rerum. Animi id rerum temporibus ea cumque perferendis.','ENGLISH','1984-04-21','B2','aliquid','AUS','2925','Enim sunt sit quaerat doloremque.','Aliquam vel facilis minus tempora eius iure rerum. Qui molestias qui quis nemo. Sint autem incidunt voluptas laboriosam aut et minima molestias.','20144',NULL,'doloribus','1990-06-22 20:22:12','2020-07-05 09:40:04'),
('78','consequuntur','Guy Mitchell','Aspernatur aut similique fugiat quia. Est hic ipsa inventore. Eos quod dolores sint sit. Nisi sit praesentium nesciunt suscipit repudiandae provident.','ENGLISH','2002-06-20','A1','eligendi','GB','7798','Omnis et consequatur doloremque voluptatibus.','Est ad est est architecto sed omnis suscipit. Praesentium tempora aliquam mollitia dolorem. Ullam cum facilis et sint. Eligendi qui laborum molestiae ut qui aspernatur provident nihil. Ipsum maxime ut id cumque.','5399',NULL,'qui','2017-11-28 07:22:07','2020-07-05 09:40:04'),
('79','consectetur','Christ Macejkovic','Ipsa iste dolor non voluptas. In nostrum quas nulla cupiditate.','ENGLISH','1971-03-31','A1','facere','USA','1758','Maiores iste enim repellat et quae laboriosam.','Veritatis magnam debitis sit consequatur eveniet quod. Cum dolor eaque quam. Sed aut odio dolorem officia dicta. Impedit sed suscipit repudiandae assumenda necessitatibus. Pariatur corporis dicta numquam.','24684',NULL,'earum','2020-01-02 15:19:28','2020-07-05 09:40:04'),
('80','autem','Prof. Giovanni Will','Quis animi velit perferendis aut quas et iusto eum. Laboriosam modi corporis quas voluptatum. Sint ut quisquam quod repellendus.','DEUTCH','1971-07-09','C1','ullam','GB','7704','Saepe aut alias laudantium necessitatibus quia repellendus id.','Officia hic itaque culpa quis. Et earum dignissimos praesentium aliquid. Amet reiciendis sequi quae ut molestiae.','29843',NULL,'sunt','2004-04-21 02:07:04','2020-07-05 09:40:04'),
('81','autem','Dr. Pablo Auer II','Et quibusdam amet dolore consequatur culpa natus. Alias omnis facere earum est et. Dolorum quia corrupti neque vero est. Modi reiciendis est qui omnis quis quasi est.','DEUTCH','1985-07-18','A2','sunt','USA','3388','Enim id dignissimos consequatur voluptatibus eum ut.','A ratione aperiam a omnis. Temporibus ut omnis perferendis et impedit laboriosam maiores temporibus. Ipsam consectetur explicabo incidunt vel perferendis optio ratione mollitia.','11205',NULL,'esse','1972-03-09 05:21:54','2020-07-05 09:40:04'),
('82','praesentium','Laurence Kris','Culpa temporibus illum eveniet maiores. Nulla commodi qui ratione aut earum iure sed. Aut aut quam impedit nulla totam. Fugiat sed quisquam iste incidunt ex.','DEUTCH','1992-09-17','C1','quis','USA','3058','Provident minima sed voluptates et assumenda.','Qui fugit necessitatibus quo suscipit aperiam. Voluptatem officiis quod aut eligendi ea eos consequatur. Odio laborum accusamus dolores rerum nihil asperiores.','16142',NULL,'omnis','1986-09-28 15:43:18','2020-07-05 09:40:04'),
('83','rem','Augusta Borer MD','Modi dolores nam nemo adipisci. Rerum non optio voluptatem fugiat. Sed similique adipisci omnis perferendis provident rerum. Minima molestiae quis ipsa quia ipsa non est.','ENGLISH','1986-04-08','C1','repellendu','GB','5203','Perspiciatis vel dolorum dolores sed.','Fugit quam dolorem quod autem quasi corrupti ut. Atque reiciendis dolorum deserunt quisquam ut libero eum. Aliquid excepturi iste dolor aut ut provident. Deleniti harum amet mollitia.','26003',NULL,'laboriosam','1976-07-03 22:17:24','2020-07-05 09:40:04'),
('84','quam','Prof. Garfield Becker','Aliquid ea totam et ipsum nostrum minus. Nam id quibusdam nam. Nihil provident quis consequatur veritatis quaerat et consequatur. Consequatur iusto quo reiciendis.','ENGLISH','1982-09-29','A2','eos','USA','4706','Et mollitia sequi ipsa sunt temporibus sed.','Nesciunt aperiam consequuntur vitae molestiae nulla ratione eos. Eaque libero eius at amet.','17457',NULL,'aut','2013-05-06 22:33:50','2020-07-05 09:40:04'),
('85','labore','Prof. George Dooley','Aut ad nulla ullam distinctio id aut et. Rerum aspernatur harum nihil assumenda molestias eveniet.','ENGLISH','1982-10-19','B1','cupiditate','AUS','6090','Fuga quis possimus libero eius.','Amet voluptatem cum eveniet fuga doloremque adipisci soluta. Eos sit consequatur provident et. Enim non culpa sapiente velit quia praesentium ut. Quod vel explicabo enim.','6599',NULL,'laborum','2009-06-09 13:27:46','2020-07-05 09:40:04'),
('86','voluptatem','Trudie Feil','Quis ut repellendus recusandae nostrum cumque ut enim. Aut nam error culpa sed ipsum.','DEUTCH','1985-09-12','B2','ipsa','AUS','323','Sed quibusdam quia omnis earum facere consectetur.','Ut non neque aut animi enim. Hic incidunt distinctio alias maxime quibusdam. Et et ad reiciendis impedit.','24733',NULL,'quae','1984-07-24 02:31:53','2020-07-05 09:40:04'),
('87','voluptatem','Mrs. Karolann Shanahan Jr.','Aut sequi eum laborum aut cum. Assumenda expedita numquam reiciendis illum aut iure qui. Omnis optio non mollitia corporis earum.','ENGLISH','1986-08-12','B1','necessitat','AUS','8996','Perspiciatis minus et ratione dolores eos temporibus suscipit accusamus.','Non itaque voluptate fuga distinctio nihil rem asperiores. Sed veniam adipisci maxime sequi suscipit aliquam. Minus quisquam quia quae tenetur id culpa.','26231',NULL,'qui','1999-06-30 16:50:02','2020-07-05 09:40:04'),
('88','hic','Savanna Carroll','Non qui cum quas quia. Eos sint dolorem exercitationem illo. Necessitatibus hic commodi incidunt totam dolor.','DEUTCH','1981-03-12','A2','ut','GB','112','Modi quia et ipsam odio aperiam ea.','Sit deserunt quos nemo quod velit. Repellendus atque iure eligendi ullam ad. Corporis veniam aspernatur dicta at molestiae asperiores. Ex sed reiciendis doloribus sit perferendis.','23420',NULL,'est','1976-12-24 11:17:27','2020-07-05 09:40:04'),
('89','rerum','Antoinette Green','Illo dolor illo officia quia dolorem eum aut quasi. Neque architecto placeat nulla sit voluptatibus ab commodi et. Aperiam rem deleniti incidunt. Incidunt sed aut et hic.','DEUTCH','2012-10-24','A1','est','USA','9214','Eum eos nisi et et nostrum soluta iusto enim.','Nisi similique perferendis possimus eveniet vel. Quia quis ut necessitatibus culpa sint voluptatem. Iste ea a labore similique vel ad repudiandae.','2550',NULL,'error','1979-11-12 13:23:25','2020-07-05 09:40:04'),
('90','et','Lamont Toy','Dolores consequuntur asperiores illo nulla vero. Error aliquam et quas et fugit repudiandae necessitatibus. Officiis dolorem eius temporibus mollitia. Occaecati sint nam nihil voluptates voluptatum delectus omnis.','DEUTCH','1984-03-05','C1','aperiam','AUS','9347','Voluptas eos porro quis similique asperiores tempore et molestias.','Qui et perferendis modi quis dicta qui. Quia voluptas nihil harum excepturi exercitationem libero voluptatem. Architecto facilis autem molestias voluptas ab quis eius. Quis ad dolores officiis amet et ut non optio.','6247',NULL,'laudantium','2019-11-12 15:58:15','2020-07-05 09:40:04'),
('91','earum','Lew Kuphal IV','Modi deserunt assumenda eos et aliquid qui. Quia repudiandae ad perferendis sint quia nam ex. Autem molestiae excepturi deleniti. Impedit veritatis occaecati consequatur rerum.','DEUTCH','1985-01-16','C2','modi','GB','8377','Soluta provident recusandae totam quia.','Doloremque officia rerum odit. Quaerat adipisci sapiente ex. Ut non aut aliquam possimus.','8112',NULL,'eos','1977-05-25 03:30:26','2020-07-05 09:40:04'),
('92','molestiae','Ned Bernier','Ipsam perferendis numquam minus beatae assumenda dolor. Odit omnis vitae ex dolores. Ipsa labore fugit quo ea.','ENGLISH','2008-05-03','A1','similique','GB','8661','Nesciunt cupiditate et quas qui illo itaque.','Molestiae sit excepturi non qui ut minima iusto ab. Aspernatur tempora repudiandae quos. Voluptate optio rerum dolorem sapiente quis consequatur magnam. Nulla officia sint qui ea non consequatur.','29266',NULL,'et','1975-12-20 18:02:58','2020-07-05 09:40:04'),
('93','fuga','Mrs. Yazmin Nienow Sr.','Animi aut qui et occaecati. Inventore ratione aliquam suscipit architecto. Aperiam praesentium quaerat ad quam omnis quis ea perspiciatis. Vitae cupiditate at voluptatem nesciunt saepe sed et omnis. Error praesentium dolorum facere pariatur sed.','DEUTCH','1983-03-14','C1','occaecati','USA','6022','Sit natus qui eos et dicta.','Molestias numquam dicta est quia. Qui sed maiores aspernatur sapiente. Ad aut unde facilis voluptate. Quo vero at esse cumque enim.','2182',NULL,'ut','1993-02-03 07:50:19','2020-07-05 09:40:04'),
('94','consectetur','Khalil McLaughlin','Sint eius quo mollitia maiores. Aut tempora quia quo consequatur id. Autem illum sit sed qui qui distinctio. Et vero suscipit quo.','DEUTCH','2017-08-06','C1','soluta','GB','4759','Sit enim voluptates fuga similique cupiditate.','Fugiat ratione totam sed qui nemo quam. Perspiciatis iure velit vero vel repellendus. Eaque minus blanditiis corrupti aliquam et. Voluptate eveniet est blanditiis sit.','1857',NULL,'quo','1971-03-31 23:07:29','2020-07-05 09:40:04'),
('95','perferendis','Prof. Kenton Becker DDS','Odit eligendi cumque hic tempore natus. Architecto dolores porro doloremque et qui quidem aut fuga.','DEUTCH','2005-12-17','A2','ea','AUS','871','Neque voluptatem voluptatem harum itaque commodi vero.','Molestiae suscipit molestiae impedit omnis fuga officiis. Hic nobis animi eveniet. Eaque qui repellendus est sed sed odio. Veniam voluptates sint delectus possimus qui cum placeat.','21713',NULL,'consectetu','1980-06-26 23:17:32','2020-07-05 09:40:04'),
('96','excepturi','Nichole Thiel','Rem quod qui animi corporis eos esse quaerat. Iusto reiciendis blanditiis sint. Vero eum et quo soluta. Maxime vero deserunt quis qui est et. Corrupti nobis odit ratione adipisci voluptatum est earum.','DEUTCH','1996-12-23','A2','sunt','AUS','3909','Architecto velit odit ipsum qui error ipsum soluta nisi.','Dolorum molestias neque reiciendis excepturi omnis voluptate exercitationem impedit. Quasi quia quo esse rerum dicta voluptas.','29177',NULL,'aliquam','2011-03-09 07:59:50','2020-07-05 09:40:04'),
('97','voluptates','Clifton Hettinger','Saepe praesentium animi accusamus et dolores non. Enim sit modi quia porro facilis. Et consequatur corporis porro consequatur. Omnis repudiandae et tempora.','DEUTCH','1995-10-01','C1','sed','AUS','7395','Deleniti eos omnis quo sapiente.','Ducimus sapiente soluta consequatur. Dignissimos omnis expedita aperiam blanditiis. Mollitia temporibus omnis aut eos.','20329',NULL,'dicta','1990-01-15 19:40:33','2020-07-05 09:40:04'),
('98','dolorem','Cathy Shanahan','Nemo inventore quam animi vitae aut molestiae. Perferendis maxime officiis debitis. Dolor et maiores beatae quas non ducimus sed. Repellat fuga quasi impedit consequatur tempore id fugiat nihil.','ENGLISH','2017-07-23','A1','ipsam','AUS','917','Accusantium quo dolor autem voluptates provident.','Eaque ex temporibus minus doloribus reprehenderit omnis ut. Ut modi quia ut eveniet odio asperiores eveniet. Ipsum et est est sunt reiciendis.','14996',NULL,'ipsa','2016-10-02 18:57:26','2020-07-05 09:40:04'),
('99','saepe','Mauricio Breitenberg','In labore voluptates est at incidunt. Amet molestiae omnis iste ullam.','DEUTCH','1981-06-27','C2','ut','USA','932','Sint velit ab cumque et deleniti laudantium.','Consequatur ut dolores maiores aut. Laboriosam nesciunt aut eos et.','7638',NULL,'laborum','1970-03-23 05:47:38','2020-07-05 09:40:04'),
('100','alias','Elvis Reynolds','Est omnis quidem dolore aut veritatis. Omnis labore sit velit voluptates.','DEUTCH','1980-09-25','B2','saepe','USA','787','Sapiente esse culpa ut qui deserunt omnis veniam.','Expedita possimus omnis ut quibusdam dolores voluptatem qui. Aut et mollitia dignissimos ut. Libero deserunt dicta impedit explicabo quo quo quidem. Id corporis architecto quia aut non.','3658',NULL,'cupiditate','1989-03-28 19:25:09','2020-07-05 09:40:04'); 

SET FOREIGN_KEY_CHECKS=1;



